#pragma once
#include <Arduino.h>

#define BABY_SCAN_145X195_WIDTH 145
#define BABY_SCAN_145X195_HEIGHT 195

const uint16_t baby_scan_145x195[BABY_SCAN_145X195_WIDTH * BABY_SCAN_145X195_HEIGHT] PROGMEM = {
  0x0000, 0x0000, 0x0000, 0x0000, 0x0000, 0x0000, 0x0000, 0x0000, 0x0000, 0x0000, 0x0000, 0x0000,
  0x0000, 0x0000, 0x0000, 0x0000, 0x0000, 0x0000, 0x0000, 0x0000, 0x0000, 0x0000, 0x0000, 0x0000,
  0x0000, 0x0000, 0x0000, 0x0000, 0x0000, 0x0000, 0x0000, 0x0000, 0x0000, 0x0000, 0x0000, 0x0000,
  0x0000, 0x0000, 0x0000, 0x0000, 0x0000, 0x0000, 0x0000, 0x0000, 0x0000, 0x0000, 0x0000, 0x0000,
  0x0000, 0x0000, 0x0000, 0x0000, 0x0000, 0x0000, 0x0000, 0x0000, 0x0000, 0x0000, 0x0000, 0x0000,
  0x0000, 0x0000, 0x0000, 0x0000, 0x0000, 0x0000, 0x0000, 0x0000, 0x0000, 0x0000, 0x0000, 0x0000,
  0x0000, 0x0000, 0x0000, 0x0000, 0x0000, 0x0000, 0x0000, 0x0000, 0x0000, 0x0000, 0x0000, 0x0000,
  0x0000, 0x0000, 0x0000, 0x0000, 0x0000, 0x0000, 0x0000, 0x0000, 0x0000, 0x0000, 0x0000, 0x0000,
  0x0000, 0x0000, 0x0000, 0x0000, 0x0000, 0x0000, 0x0000, 0x0000, 0x0000, 0x0000, 0x0000, 0x0000,
  0x0000, 0x0000, 0x0000, 0x0000, 0x0000, 0x0000, 0x0000, 0x0000, 0x0000, 0x0000, 0x0000, 0x0000,
  0x0000, 0x0000, 0x0000, 0x0000, 0x0000, 0x0000, 0x0000, 0x0000, 0x0000, 0x0000, 0x0000, 0x0000,
  0x0000, 0x0000, 0x0000, 0x0000, 0x0000, 0x0000, 0x0000, 0x0000, 0x0000, 0x0000, 0x0000, 0x0000,
  0x0000, 0x0000, 0x0000, 0x0000, 0x0000, 0x0000, 0x0000, 0x0000, 0x0000, 0x0000, 0x0000, 0x0000,
  0x0000, 0x0000, 0x0000, 0x0000, 0x0000, 0x0000, 0x0000, 0x0000, 0x0000, 0x0000, 0x0000, 0x0000,
  0x0000, 0x0000, 0x0000, 0x0000, 0x0000, 0x0000, 0x0000, 0x0000, 0x0000, 0x0000, 0x0000, 0x0000,
  0x0000, 0x0000, 0x0000, 0x0000, 0x0000, 0x0000, 0x0000, 0x0000, 0x0000, 0x0000, 0x0000, 0x0000,
  0x0000, 0x0000, 0x0000, 0x0000, 0x0000, 0x0000, 0x0000, 0x0000, 0x0000, 0x0000, 0x0000, 0x0000,
  0x0000, 0x0000, 0x0000, 0x0000, 0x0000, 0x0000, 0x0000, 0x0000, 0x0000, 0x0000, 0x0000, 0x0000,
  0x0000, 0x0000, 0x0000, 0x0000, 0x0000, 0x0000, 0x0000, 0x0000, 0x0000, 0x0000, 0x0000, 0x0000,
  0x0000, 0x0000, 0x0000, 0x0000, 0x0000, 0x0000, 0x0000, 0x0000, 0x0000, 0x0000, 0x0000, 0x0000,
  0x0000, 0x0000, 0x0000, 0x0000, 0x0000, 0x0000, 0x0000, 0x0000, 0x0000, 0x0000, 0x0000, 0x0000,
  0x0000, 0x0000, 0x0000, 0x0000, 0x0000, 0x0000, 0x0000, 0x0000, 0x0000, 0x0000, 0x0000, 0x0000,
  0x0000, 0x0000, 0x0000, 0x0000, 0x0000, 0x0000, 0x0000, 0x0000, 0x0000, 0x0000, 0x0000, 0x0000,
  0x0000, 0x0000, 0x0000, 0x0000, 0x0000, 0x0000, 0x0000, 0x0000, 0x0000, 0x0000, 0x0000, 0x0000,
  0x0000, 0x0000, 0x0000, 0x0000, 0x0000, 0x0000, 0x0000, 0x0000, 0x0000, 0x0000, 0x0000, 0x0000,
  0x0000, 0x0000, 0x0000, 0x0000, 0x0000, 0x0000, 0x0000, 0x0000, 0x0000, 0x0000, 0x0000, 0x0000,
  0x0000, 0x0000, 0x0000, 0x0000, 0x0000, 0x0000, 0x0000, 0x0000, 0x0000, 0x0000, 0x0000, 0x0000,
  0x0000, 0x0000, 0x0000, 0x0000, 0x0000, 0x0000, 0x0000, 0x0000, 0x0000, 0x0000, 0x0000, 0x0000,
  0x0000, 0x0000, 0x0000, 0x0000, 0x0000, 0x0000, 0x0000, 0x0000, 0x0000, 0x0000, 0x0000, 0x0000,
  0x0000, 0x0000, 0x0000, 0x0000, 0x0000, 0x0000, 0x0000, 0x0000, 0x0000, 0x0000, 0x0000, 0x0000,
  0x0000, 0x0000, 0x0000, 0x0000, 0x0000, 0x0000, 0x0000, 0x0000, 0x0000, 0x0000, 0x0000, 0x0000,
  0x0000, 0x0000, 0x0000, 0x0000, 0x0000, 0x0000, 0x0000, 0x0000, 0x0000, 0x0000, 0x0000, 0x0000,
  0x0000, 0x0000, 0x0000, 0x0000, 0x0000, 0x0000, 0x0000, 0x0000, 0x0000, 0x0000, 0x0000, 0x0000,
  0x0000, 0x0000, 0x0000, 0x0000, 0x0000, 0x0000, 0x0000, 0x0000, 0x0000, 0x0000, 0x0000, 0x0000,
  0x0000, 0x0000, 0x0000, 0x0000, 0x0000, 0x0000, 0x0000, 0x0000, 0x0000, 0x0000, 0x0000, 0x0000,
  0x0000, 0x0000, 0x0000, 0x0000, 0x0000, 0x0000, 0x0000, 0x0000, 0x0000, 0x0000, 0x0000, 0x0000,
  0x0000, 0x0000, 0x0000, 0x0841, 0x0000, 0x0000, 0x0000, 0x0000, 0x0000, 0x0000, 0x0000, 0x0000,
  0x0000, 0x0000, 0x0000, 0x0000, 0x0000, 0x0000, 0x0000, 0x0000, 0x0000, 0x0000, 0x0000, 0x0000,
  0x0000, 0x0000, 0x0000, 0x0000, 0x0000, 0x0000, 0x0000, 0x0000, 0x0000, 0x0000, 0x0000, 0x0000,
  0x0000, 0x0000, 0x0000, 0x0000, 0x0000, 0x0000, 0x0000, 0x0000, 0x0000, 0x0000, 0x0000, 0x0000,
  0x0000, 0x0000, 0x0000, 0x0000, 0x0000, 0x0000, 0x0000, 0x0000, 0x0000, 0x0000, 0x0000, 0x0000,
  0x0000, 0x0000, 0x0000, 0x0000, 0x0000, 0x0000, 0x0000, 0x0000, 0x0000, 0x0000, 0x0000, 0x0000,
  0x0000, 0x0000, 0x0000, 0x0000, 0x0000, 0x0000, 0x0000, 0x0000, 0x0000, 0x0000, 0x0000, 0x0000,
  0x0000, 0x0000, 0x0000, 0x0000, 0x0000, 0x0000, 0x0000, 0x0000, 0x0000, 0x0000, 0x0000, 0x0000,
  0x0000, 0x0000, 0x0000, 0x0000, 0x0000, 0x0000, 0x0000, 0x0000, 0x0000, 0x0000, 0x0000, 0x0000,
  0x0000, 0x0000, 0x0000, 0x0000, 0x0000, 0x0000, 0x0000, 0x0000, 0x0000, 0x0000, 0x0000, 0x0000,
  0x0000, 0x0000, 0x0000, 0x0000, 0x0000, 0x0000, 0x0000, 0x0000, 0x0000, 0x0000, 0x0000, 0x0000,
  0x0000, 0x0000, 0x0000, 0x0000, 0x0000, 0x0000, 0x0000, 0x0000, 0x0000, 0x0000, 0x0000, 0x0000,
  0x0000, 0x0000, 0x0000, 0x0000, 0x7BEF, 0x4A49, 0x0861, 0x0000, 0x0000, 0x0000, 0x0000, 0x0000,
  0x0000, 0x0000, 0x0000, 0x0000, 0x0000, 0x0000, 0x0000, 0x0000, 0x0000, 0x0000, 0x0000, 0x0000,
  0x0000, 0x0000, 0x0000, 0x0000, 0x0000, 0x0000, 0x0000, 0x0000, 0x0000, 0x0000, 0x0000, 0x0000,
  0x0000, 0x0000, 0x0000, 0x0000, 0x0000, 0x0000, 0x0000, 0x0000, 0x0000, 0x0000, 0x0000, 0x0000,
  0x0000, 0x0000, 0x0000, 0x0000, 0x0000, 0x0000, 0x0000, 0x0000, 0x0000, 0x0000, 0x0000, 0x0000,
  0x0000, 0x0000, 0x0000, 0x0000, 0x0000, 0x0000, 0x0000, 0x0000, 0x0000, 0x0000, 0x0000, 0x0000,
  0x0000, 0x0000, 0x0000, 0x0000, 0x0000, 0x0000, 0x0000, 0x0000, 0x0000, 0x0000, 0x0000, 0x0000,
  0x0000, 0x0000, 0x0000, 0x0000, 0x0000, 0x0000, 0x0000, 0x0000, 0x0000, 0x0000, 0x0000, 0x0000,
  0x0000, 0x0000, 0x0000, 0x0000, 0x0000, 0x0000, 0x0000, 0x0000, 0x0000, 0x0000, 0x0000, 0x0000,
  0x0000, 0x0000, 0x0000, 0x0000, 0x0000, 0x0000, 0x0000, 0x0000, 0x0000, 0x0000, 0x0000, 0x0000,
  0x0000, 0x0000, 0x0000, 0x0000, 0x0000, 0x0000, 0x0000, 0x0000, 0x0000, 0x0000, 0x0000, 0x0000,
  0x0000, 0x0000, 0x0000, 0x0000, 0x0000, 0x0000, 0x0000, 0x0000, 0x0000, 0x0000, 0x0000, 0x0000,
  0x0000, 0x0000, 0x0000, 0x0000, 0x0000, 0x52AA, 0x7BCF, 0x738E, 0x4A49, 0x18E3, 0x0000, 0x0000,
  0x0000, 0x0000, 0x0000, 0x0000, 0x0000, 0x0000, 0x0000, 0x0000, 0x0000, 0x0000, 0x0000, 0x0000,
  0x0000, 0x0000, 0x0000, 0x0000, 0x0000, 0x0000, 0x0000, 0x0000, 0x0000, 0x0000, 0x0000, 0x0000,
  0x0000, 0x0000, 0x0000, 0x0000, 0x0000, 0x0000, 0x0000, 0x0000, 0x0000, 0x0000, 0x0000, 0x0000,
  0x0000, 0x0000, 0x0000, 0x0000, 0x0000, 0x0000, 0x0000, 0x0000, 0x0000, 0x0000, 0x0000, 0x0000,
  0x0000, 0x0000, 0x0000, 0x0000, 0x0000, 0x0000, 0x0000, 0x0000, 0x0000, 0x0000, 0x0000, 0x0000,
  0x0000, 0x0000, 0x0000, 0x0000, 0x0000, 0x0000, 0x0000, 0x0000, 0x0000, 0x0000, 0x0000, 0x0000,
  0x0000, 0x0000, 0x0000, 0x0000, 0x0000, 0x0000, 0x0000, 0x0000, 0x0000, 0x0000, 0x0000, 0x0000,
  0x0000, 0x0000, 0x0000, 0x0000, 0x0000, 0x0000, 0x0000, 0x0000, 0x0000, 0x0000, 0x0000, 0x0000,
  0x0000, 0x0000, 0x0000, 0x0000, 0x0000, 0x0000, 0x0000, 0x0000, 0x0000, 0x0000, 0x0000, 0x0000,
  0x0000, 0x0000, 0x0000, 0x0000, 0x0000, 0x0000, 0x0000, 0x0000, 0x0000, 0x0000, 0x0000, 0x0000,
  0x0000, 0x0000, 0x0000, 0x0000, 0x0000, 0x0000, 0x0000, 0x0000, 0x0000, 0x0000, 0x0000, 0x0000,
  0x0000, 0x0000, 0x0000, 0x0000, 0x0000, 0x0000, 0x4228, 0x4208, 0x630C, 0x7BEF, 0x73AE, 0x632C,
  0x31A6, 0x0841, 0x0000, 0x0000, 0x0000, 0x0000, 0x0000, 0x0000, 0x0000, 0x0000, 0x0000, 0x0000,
  0x0000, 0x0000, 0x0000, 0x0000, 0x0000, 0x0000, 0x0000, 0x0000, 0x0000, 0x0000, 0x0000, 0x0000,
  0x0000, 0x0000, 0x0000, 0x0000, 0x0000, 0x0000, 0x0000, 0x0000, 0x0000, 0x0000, 0x0000, 0x0000,
  0x0000, 0x0000, 0x0000, 0x0000, 0x0000, 0x0000, 0x0000, 0x0000, 0x0000, 0x0000, 0x0000, 0x0000,
  0x0000, 0x0000, 0x0000, 0x0000, 0x0000, 0x0000, 0x0000, 0x0000, 0x0000, 0x0000, 0x0000, 0x0000,
  0x0000, 0x0000, 0x0000, 0x0000, 0x0000, 0x0000, 0x0000, 0x0000, 0x0000, 0x0000, 0x0000, 0x0000,
  0x0000, 0x0000, 0x0000, 0x0000, 0x0000, 0x0000, 0x0000, 0x0000, 0x0000, 0x0000, 0x0000, 0x0000,
  0x0000, 0x0000, 0x0000, 0x0000, 0x0000, 0x0000, 0x0000, 0x0000, 0x0000, 0x0000, 0x0000, 0x0000,
  0x0000, 0x0000, 0x0000, 0x0000, 0x0000, 0x0000, 0x0000, 0x0000, 0x0000, 0x0000, 0x0000, 0x0000,
  0x0000, 0x0000, 0x0000, 0x0000, 0x0000, 0x0000, 0x0000, 0x0000, 0x0000, 0x0000, 0x0000, 0x0000,
  0x0000, 0x0000, 0x0000, 0x0000, 0x0000, 0x0000, 0x0000, 0x0000, 0x0000, 0x0000, 0x0000, 0x0000,
  0x0000, 0x0000, 0x0000, 0x0000, 0x0000, 0x0000, 0x0000, 0x630C, 0x4228, 0x4A69, 0x6B4D, 0x7BCF,
  0x8C71, 0xA534, 0x7BCF, 0x4208, 0x1082, 0x0000, 0x0000, 0x0000, 0x0000, 0x0000, 0x0000, 0x0000,
  0x0000, 0x0000, 0x0000, 0x0000, 0x0000, 0x0000, 0x0000, 0x0000, 0x0000, 0x0000, 0x0000, 0x0000,
  0x0000, 0x0000, 0x0000, 0x0000, 0x0000, 0x0000, 0x0000, 0x0000, 0x0000, 0x0000, 0x0000, 0x0000,
  0x0000, 0x0000, 0x0000, 0x0000, 0x0000, 0x0000, 0x0000, 0x0000, 0x0000, 0x0000, 0x0000, 0x0000,
  0x0000, 0x0000, 0x0000, 0x0000, 0x0000, 0x0000, 0x0000, 0x0000, 0x0000, 0x0000, 0x0000, 0x0000,
  0x0000, 0x0000, 0x0000, 0x0000, 0x0000, 0x0000, 0x0000, 0x0000, 0x0000, 0x0000, 0x0000, 0x0000,
  0x0000, 0x0000, 0x0000, 0x0000, 0x0000, 0x0000, 0x0000, 0x0000, 0x0000, 0x0000, 0x0000, 0x0000,
  0x0000, 0x0000, 0x0000, 0x0000, 0x0000, 0x0000, 0x0000, 0x0000, 0x0000, 0x0000, 0x0000, 0x0000,
  0x0000, 0x0000, 0x0000, 0x0000, 0x0000, 0x0000, 0x0000, 0x0000, 0x0000, 0x0000, 0x0000, 0x0000,
  0x0000, 0x0000, 0x0000, 0x0000, 0x0000, 0x0000, 0x0000, 0x0000, 0x0000, 0x0000, 0x0000, 0x0000,
  0x0000, 0x0000, 0x0000, 0x0000, 0x0000, 0x0000, 0x0000, 0x0000, 0x0000, 0x0000, 0x0000, 0x0000,
  0x0000, 0x0000, 0x0000, 0x0000, 0x0000, 0x0000, 0x0000, 0x0000, 0xB5B6, 0x8C51, 0x7BCF, 0x7BCF,
  0x630C, 0x7BEF, 0xAD75, 0xB596, 0xA534, 0x94B2, 0x6B4D, 0x3186, 0x0841, 0x0000, 0x0000, 0x0000,
  0x0000, 0x0000, 0x0000, 0x0000, 0x0000, 0x0000, 0x0000, 0x0000, 0x0000, 0x0000, 0x0000, 0x0000,
  0x0000, 0x0000, 0x0000, 0x0000, 0x0000, 0x0000, 0x0000, 0x0000, 0x0000, 0x0000, 0x0000, 0x0000,
  0x0000, 0x0000, 0x0000, 0x0000, 0x0000, 0x0000, 0x0000, 0x0000, 0x0000, 0x0000, 0x0000, 0x0000,
  0x0000, 0x0000, 0x0000, 0x0000, 0x0000, 0x0000, 0x0000, 0x0000, 0x0000, 0x0000, 0x0000, 0x0000,
  0x0000, 0x0000, 0x0000, 0x0000, 0x0000, 0x0000, 0x0000, 0x0000, 0x0000, 0x0000, 0x0000, 0x0000,
  0x0000, 0x0000, 0x0000, 0x0000, 0x0000, 0x0000, 0x0000, 0x0000, 0x0000, 0x0000, 0x0000, 0x0000,
  0x0000, 0x0000, 0x0000, 0x0000, 0x0000, 0x0000, 0x0000, 0x0000, 0x0000, 0x0000, 0x0000, 0x0000,
  0x0000, 0x0000, 0x0000, 0x0000, 0x0000, 0x0000, 0x0000, 0x0000, 0x0000, 0x0000, 0x0000, 0x0000,
  0x0000, 0x0000, 0x0000, 0x0000, 0x0000, 0x0000, 0x0000, 0x0000, 0x0020, 0x1082, 0x0000, 0x0000,
  0x0000, 0x0000, 0x0000, 0x0000, 0x0000, 0x0000, 0x0000, 0x0000, 0x0000, 0x0000, 0x0000, 0x0000,
  0x0000, 0x0000, 0x0000, 0x0000, 0x0000, 0x0000, 0x0000, 0x0000, 0x0000, 0x94B2, 0xA534, 0x9492,
  0x8C71, 0x632C, 0x52AA, 0x73AE, 0x9CD3, 0xBDF7, 0xD69A, 0xCE79, 0xBDF7, 0xA514, 0x8410, 0x528A,
  0x18C3, 0x0000, 0x0000, 0x0000, 0x0000, 0x0000, 0x0000, 0x0000, 0x0000, 0x0000, 0x0000, 0x0000,
  0x0000, 0x0000, 0x0000, 0x0000, 0x0000, 0x0000, 0x0000, 0x0000, 0x0000, 0x0000, 0x0000, 0x0000,
  0x0000, 0x0000, 0x0000, 0x0000, 0x0000, 0x0000, 0x0000, 0x0000, 0x0000, 0x0000, 0x0000, 0x0000,
  0x0000, 0x0000, 0x0000, 0x0000, 0x0000, 0x0000, 0x0000, 0x0000, 0x0000, 0x0000, 0x0000, 0x0000,
  0x0000, 0x0000, 0x0000, 0x0000, 0x0000, 0x0000, 0x0000, 0x0000, 0x0000, 0x0000, 0x0000, 0x0000,
  0x0000, 0x0000, 0x0000, 0x0000, 0x0000, 0x0000, 0x0000, 0x0000, 0x0000, 0x0000, 0x0000, 0x0000,
  0x0000, 0x0000, 0x0000, 0x0000, 0x0000, 0x0000, 0x0000, 0x0000, 0x0000, 0x0000, 0x0000, 0x0000,
  0x0000, 0x0000, 0x0000, 0x0000, 0x0000, 0x0000, 0x0000, 0x0000, 0x0000, 0x0000, 0x0000, 0x0000,
  0x0000, 0x0000, 0x0000, 0x0000, 0x0000, 0x0000, 0x0000, 0x10A2, 0x3186, 0x4A69, 0x4A49, 0x0020,
  0x0000, 0x0000, 0x0000, 0x0000, 0x0000, 0x0000, 0x0000, 0x0000, 0x0000, 0x0000, 0x0000, 0x0000,
  0x0000, 0x0000, 0x0000, 0x0000, 0x0000, 0x0000, 0x0000, 0x0000, 0x0000, 0x0000, 0x4208, 0x630C,
  0x738E, 0x7BEF, 0x7BEF, 0x632C, 0x5AEB, 0x632C, 0x7BEF, 0x8C71, 0x9CF3, 0xB596, 0xBDF7, 0xB596,
  0xAD75, 0x9492, 0x52AA, 0x31A6, 0x10A2, 0x0000, 0x0000, 0x0000, 0x0000, 0x0000, 0x0000, 0x0000,
  0x0000, 0x0000, 0x0000, 0x0000, 0x0000, 0x0000, 0x0000, 0x0000, 0x0000, 0x0000, 0x0000, 0x0000,
  0x0000, 0x0000, 0x0000, 0x0000, 0x0000, 0x0000, 0x0000, 0x0000, 0x0000, 0x0000, 0x0000, 0x0000,
  0x0000, 0x0000, 0x0000, 0x0000, 0x0000, 0x0000, 0x0000, 0x0000, 0x0000, 0x0000, 0x0000, 0x0000,
  0x0000, 0x0000, 0x0000, 0x0000, 0x0000, 0x0000, 0x0000, 0x0000, 0x0000, 0x0000, 0x0000, 0x0000,
  0x0000, 0x0000, 0x0000, 0x0000, 0x0000, 0x0000, 0x0000, 0x0000, 0x0000, 0x0000, 0x0000, 0x0000,
  0x0000, 0x0000, 0x0000, 0x0000, 0x0000, 0x0000, 0x0000, 0x0000, 0x0000, 0x0000, 0x0000, 0x0000,
  0x0000, 0x0000, 0x0000, 0x0000, 0x0000, 0x0000, 0x0000, 0x0000, 0x0000, 0x0000, 0x0000, 0x0000,
  0x0000, 0x0000, 0x0000, 0x0000, 0x0020, 0x10A2, 0x2965, 0x4A49, 0x5ACB, 0x630C, 0x5AEB, 0x5ACB,
  0x18E3, 0x0000, 0x0000, 0x0000, 0x0000, 0x0000, 0x0000, 0x0000, 0x0000, 0x0000, 0x0000, 0x0000,
  0x0000, 0x0000, 0x0000, 0x0000, 0x0000, 0x0000, 0x0000, 0x0000, 0x0000, 0x0000, 0x0000, 0x4A49,
  0x39E7, 0x39E7, 0x4A69, 0x4A69, 0x4A49, 0x4A69, 0x52AA, 0x5ACB, 0x632C, 0x630C, 0x632C, 0x8C51,
  0x9CF3, 0x8C71, 0x738E, 0x5ACB, 0x738E, 0x738E, 0x5ACB, 0x39E7, 0x18E3, 0x0020, 0x0000, 0x0000,
  0x0000, 0x0000, 0x0000, 0x0000, 0x0000, 0x0000, 0x0000, 0x0000, 0x0000, 0x0000, 0x0000, 0x0000,
  0x0000, 0x0000, 0x0000, 0x0000, 0x0000, 0x0000, 0x0000, 0x0000, 0x0000, 0x0000, 0x0000, 0x0000,
  0x0000, 0x0000, 0x0000, 0x0000, 0x0000, 0x0000, 0x0000, 0x0000, 0x0000, 0x0000, 0x0000, 0x0000,
  0x0000, 0x0000, 0x0000, 0x0000, 0x0000, 0x0000, 0x0000, 0x0000, 0x0000, 0x0000, 0x0000, 0x0000,
  0x0000, 0x0000, 0x0000, 0x0000, 0x0000, 0x0000, 0x0000, 0x0000, 0x0000, 0x0000, 0x0000, 0x0000,
  0x0000, 0x0000, 0x0000, 0x0000, 0x0000, 0x0000, 0x0000, 0x0000, 0x0000, 0x0000, 0x0000, 0x0000,
  0x0000, 0x0000, 0x0000, 0x0000, 0x0000, 0x0000, 0x0000, 0x0000, 0x0000, 0x0000, 0x0000, 0x0000,
  0x0000, 0x0000, 0x0841, 0x18E3, 0x39C7, 0x4A69, 0x52AA, 0x528A, 0x528A, 0x5ACB, 0x52AA, 0x630C,
  0x6B6D, 0x39C7, 0x0000, 0x0000, 0x0000, 0x0000, 0x0000, 0x0000, 0x0000, 0x0000, 0x0000, 0x0000,
  0x0000, 0x0000, 0x0000, 0x0000, 0x0000, 0x0000, 0x0000, 0x0000, 0x0000, 0x0000, 0x0000, 0x0000,
  0x528A, 0x4A49, 0x4208, 0x4228, 0x4208, 0x4208, 0x31A6, 0x2124, 0x3186, 0x4228, 0x5ACB, 0x5ACB,
  0x5ACB, 0x6B6D, 0x8C51, 0x8410, 0x73AE, 0x73AE, 0x630C, 0x5AEB, 0x6B6D, 0x7BCF, 0x73AE, 0x5ACB,
  0x2965, 0x1082, 0x0000, 0x0000, 0x0000, 0x0000, 0x0000, 0x0000, 0x0000, 0x0000, 0x0000, 0x0000,
  0x0000, 0x0000, 0x0000, 0x0000, 0x0000, 0x0000, 0x0000, 0x0000, 0x0000, 0x0000, 0x0000, 0x0000,
  0x0000, 0x0000, 0x0000, 0x0000, 0x0000, 0x0000, 0x0000, 0x0000, 0x0000, 0x0000, 0x0000, 0x0000,
  0x0000, 0x0000, 0x0000, 0x0000, 0x0000, 0x0000, 0x0000, 0x0000, 0x0000, 0x0000, 0x0000, 0x0000,
  0x0000, 0x0000, 0x0000, 0x0000, 0x0000, 0x0000, 0x0000, 0x0000, 0x0000, 0x0000, 0x0000, 0x0000,
  0x0000, 0x0000, 0x0000, 0x0000, 0x0000, 0x0000, 0x0000, 0x0000, 0x0000, 0x0000, 0x0000, 0x0000,
  0x0000, 0x0000, 0x0000, 0x0000, 0x0000, 0x0000, 0x0000, 0x0000, 0x0000, 0x0000, 0x0000, 0x0020,
  0x1082, 0x2965, 0x4A69, 0x528A, 0x4A69, 0x630C, 0x52AA, 0x4A69, 0x528A, 0x4A49, 0x4228, 0x39E7,
  0x4208, 0x528A, 0x4A69, 0x0841, 0x0000, 0x0000, 0x0000, 0x0000, 0x0000, 0x0000, 0x0000, 0x0000,
  0x0000, 0x0000, 0x0000, 0x0000, 0x0000, 0x0000, 0x0000, 0x0000, 0x0000, 0x0000, 0x0000, 0x0000,
  0x0000, 0x52AA, 0x52AA, 0x4A69, 0x52AA, 0x5ACB, 0x52AA, 0x528A, 0x4A49, 0x39E7, 0x39C7, 0x4228,
  0x5AEB, 0x630C, 0x5ACB, 0x6B6D, 0x94B2, 0xA534, 0xA534, 0x8410, 0x632C, 0x52AA, 0x52AA, 0x630C,
  0x6B6D, 0x632C, 0x52AA, 0x4A49, 0x39E7, 0x2945, 0x1082, 0x0000, 0x0000, 0x0000, 0x0000, 0x0000,
  0x0000, 0x0000, 0x0000, 0x0000, 0x0000, 0x0000, 0x0000, 0x0000, 0x0000, 0x0000, 0x0000, 0x0000,
  0x0000, 0x0000, 0x0000, 0x0000, 0x0000, 0x0000, 0x0000, 0x0000, 0x0000, 0x0000, 0x0000, 0x0000,
  0x0000, 0x0000, 0x0000, 0x0000, 0x0000, 0x0000, 0x0000, 0x0000, 0x0000, 0x0000, 0x0000, 0x0000,
  0x0000, 0x0000, 0x0000, 0x0000, 0x0000, 0x0000, 0x0000, 0x0000, 0x0000, 0x0000, 0x0000, 0x0000,
  0x0000, 0x0000, 0x0000, 0x0000, 0x0000, 0x0000, 0x0000, 0x0000, 0x0000, 0x0000, 0x0000, 0x0000,
  0x0000, 0x0000, 0x0000, 0x0000, 0x0000, 0x0000, 0x0000, 0x0000, 0x0020, 0x2104, 0x4228, 0x4A49,
  0x4228, 0x4A69, 0x4A69, 0x5ACB, 0x52AA, 0x528A, 0x4A69, 0x4208, 0x4208, 0x4228, 0x4228, 0x4A69,
  0x4228, 0x39C7, 0x4A69, 0x630C, 0x2104, 0x0000, 0x0000, 0x0000, 0x0000, 0x0000, 0x0000, 0x0000,
  0x0000, 0x0000, 0x0000, 0x0000, 0x0000, 0x0000, 0x0000, 0x0000, 0x0000, 0x0000, 0x0000, 0x0000,
  0x0000, 0x0000, 0x4A69, 0x39E7, 0x39E7, 0x4208, 0x4A69, 0x4A69, 0x4208, 0x4A69, 0x4228, 0x39C7,
  0x2965, 0x2945, 0x39C7, 0x4A49, 0x4228, 0x39E7, 0x4A49, 0x73AE, 0x73AE, 0x7BCF, 0x8C51, 0x8430,
  0x6B6D, 0x5AEB, 0x52AA, 0x4A49, 0x4A49, 0x5AEB, 0x6B6D, 0x52AA, 0x4A69, 0x4208, 0x2124, 0x1082,
  0x0020, 0x0000, 0x0000, 0x0000, 0x0000, 0x0000, 0x0000, 0x0000, 0x0000, 0x0000, 0x0000, 0x0000,
  0x0000, 0x0000, 0x0000, 0x0000, 0x0000, 0x0000, 0x0000, 0x0000, 0x0000, 0x0000, 0x0000, 0x0000,
  0x0000, 0x0000, 0x0000, 0x0000, 0x0000, 0x0000, 0x0000, 0x0000, 0x0000, 0x0000, 0x0000, 0x0000,
  0x0000, 0x0000, 0x0000, 0x0000, 0x0000, 0x0000, 0x0000, 0x0000, 0x0000, 0x0000, 0x0000, 0x0000,
  0x0000, 0x0000, 0x0000, 0x0000, 0x0000, 0x0000, 0x0000, 0x0000, 0x0000, 0x0000, 0x0000, 0x0000,
  0x0000, 0x0000, 0x0000, 0x0000, 0x0020, 0x18C3, 0x2945, 0x39C7, 0x528A, 0x738E, 0x8C71, 0x7BEF,
  0x4A69, 0x4A69, 0x4A49, 0x31A6, 0x4228, 0x632C, 0x6B4D, 0x5ACB, 0x4A49, 0x39E7, 0x4228, 0x4A69,
  0x4A69, 0x4228, 0x4A49, 0x4A69, 0x4A49, 0x2945, 0x0000, 0x0000, 0x0000, 0x0000, 0x0000, 0x0000,
  0x0000, 0x0000, 0x0000, 0x0000, 0x0000, 0x0000, 0x0000, 0x0000, 0x0000, 0x0000, 0x0000, 0x0000,
  0x0000, 0x0000, 0x0000, 0x630C, 0x3186, 0x3186, 0x3186, 0x4A49, 0x5AEB, 0x4208, 0x31A6, 0x39E7,
  0x39E7, 0x31A6, 0x18E3, 0x1082, 0x10A2, 0x2965, 0x3186, 0x2124, 0x2945, 0x2965, 0x4228, 0x52AA,
  0x738E, 0x738E, 0x630C, 0x528A, 0x39E7, 0x4228, 0x5AEB, 0x52AA, 0x528A, 0x5AEB, 0x632C, 0x630C,
  0x52AA, 0x528A, 0x39E7, 0x2965, 0x2124, 0x18C3, 0x0861, 0x0000, 0x0000, 0x0000, 0x0000, 0x0000,
  0x0000, 0x0000, 0x0000, 0x0000, 0x0000, 0x0000, 0x0000, 0x0000, 0x0000, 0x0000, 0x0000, 0x0000,
  0x0000, 0x0000, 0x0000, 0x0000, 0x0000, 0x0000, 0x0000, 0x0000, 0x0000, 0x0000, 0x0000, 0x0000,
  0x0000, 0x0000, 0x0000, 0x0000, 0x0000, 0x0000, 0x0000, 0x0000, 0x0000, 0x0000, 0x0000, 0x0000,
  0x0000, 0x0000, 0x0000, 0x0000, 0x0000, 0x0000, 0x0000, 0x0000, 0x0000, 0x0000, 0x0000, 0x0000,
  0x0861, 0x18E3, 0x31A6, 0x528A, 0x6B6D, 0x7BEF, 0x738E, 0x6B4D, 0x5ACB, 0x5ACB, 0x6B4D, 0x5ACB,
  0x4A49, 0x4208, 0x4228, 0x4A69, 0x4A69, 0x5AEB, 0x6B4D, 0x632C, 0x4A69, 0x4208, 0x4228, 0x4A49,
  0x4208, 0x39E7, 0x39E7, 0x4228, 0x4208, 0x31A6, 0x31A6, 0x0841, 0x0000, 0x0000, 0x0000, 0x0000,
  0x0000, 0x0000, 0x0000, 0x0000, 0x0000, 0x0000, 0x0000, 0x0000, 0x0000, 0x0000, 0x0000, 0x0000,
  0x0000, 0x0000, 0x0000, 0x0000, 0x6B6D, 0x31A6, 0x3186, 0x39C7, 0x39C7, 0x4228, 0x4228, 0x31A6,
  0x2965, 0x2945, 0x18E3, 0x2124, 0x18E3, 0x1082, 0x0000, 0x0861, 0x2945, 0x2965, 0x2124, 0x2965,
  0x18C3, 0x10A2, 0x2124, 0x2945, 0x31A6, 0x4208, 0x52AA, 0x7BEF, 0x8C51, 0x6B4D, 0x52AA, 0x6B4D,
  0x73AE, 0x738E, 0x738E, 0x630C, 0x632C, 0x738E, 0x630C, 0x528A, 0x528A, 0x4A49, 0x39C7, 0x2965,
  0x2104, 0x10A2, 0x0841, 0x0000, 0x0000, 0x0000, 0x0000, 0x0000, 0x0000, 0x0000, 0x0000, 0x0000,
  0x0000, 0x0000, 0x0000, 0x0000, 0x0000, 0x0000, 0x0000, 0x0000, 0x0000, 0x0000, 0x0000, 0x0000,
  0x0000, 0x0000, 0x0000, 0x0000, 0x0000, 0x0000, 0x0000, 0x0000, 0x0000, 0x0000, 0x0000, 0x0000,
  0x0000, 0x0000, 0x0000, 0x0000, 0x0000, 0x0000, 0x0020, 0x0841, 0x0861, 0x10A2, 0x18C3, 0x2945,
  0x4208, 0x52AA, 0x738E, 0x8410, 0x7BCF, 0x7BCF, 0x6B4D, 0x5ACB, 0x738E, 0x632C, 0x52AA, 0x5AEB,
  0x630C, 0x5ACB, 0x4A69, 0x528A, 0x4A69, 0x52AA, 0x5ACB, 0x5ACB, 0x4A69, 0x31A6, 0x3186, 0x2965,
  0x39C7, 0x31A6, 0x3186, 0x2965, 0x3186, 0x3186, 0x31A6, 0x4208, 0x2104, 0x0000, 0x0000, 0x0000,
  0x0000, 0x0000, 0x0000, 0x0000, 0x0000, 0x0000, 0x0000, 0x0000, 0x0000, 0x0000, 0x0000, 0x0000,
  0x0000, 0x0000, 0x0000, 0x0000, 0x0000, 0x7BCF, 0x4A49, 0x31A6, 0x4A49, 0x39E7, 0x2965, 0x31A6,
  0x39C7, 0x2965, 0x31A6, 0x39C7, 0x3186, 0x3186, 0x3186, 0x2945, 0x18C3, 0x10A2, 0x10A2, 0x1082,
  0x0861, 0x10A2, 0x0841, 0x0020, 0x0841, 0x0861, 0x2965, 0x4A49, 0x632C, 0x738E, 0x632C, 0x4A69,
  0x4A69, 0x630C, 0x630C, 0x52AA, 0x630C, 0x5AEB, 0x528A, 0x528A, 0x528A, 0x528A, 0x632C, 0x738E,
  0x738E, 0x73AE, 0x6B6D, 0x5ACB, 0x52AA, 0x52AA, 0x4228, 0x4208, 0x39C7, 0x2945, 0x2104, 0x2104,
  0x2104, 0x18C3, 0x1082, 0x0841, 0x0841, 0x0000, 0x0000, 0x0000, 0x0000, 0x0000, 0x0000, 0x0000,
  0x0000, 0x0000, 0x0000, 0x0000, 0x0000, 0x0000, 0x0000, 0x0020, 0x0020, 0x0841, 0x0861, 0x1082,
  0x1082, 0x1082, 0x0861, 0x0020, 0x0861, 0x10A2, 0x18C3, 0x18C3, 0x10A2, 0x10A2, 0x2104, 0x2945,
  0x31A6, 0x4208, 0x4A49, 0x4A49, 0x4228, 0x4A49, 0x4228, 0x4A49, 0x5ACB, 0x5AEB, 0x528A, 0x4A69,
  0x4A49, 0x4228, 0x4208, 0x4228, 0x4A49, 0x4A69, 0x5ACB, 0x5ACB, 0x528A, 0x4A69, 0x4208, 0x2965,
  0x2965, 0x31A6, 0x39E7, 0x39C7, 0x39C7, 0x39C7, 0x31A6, 0x31A6, 0x3186, 0x2965, 0x0000, 0x0000,
  0x0000, 0x0000, 0x0000, 0x0000, 0x0000, 0x0000, 0x0000, 0x0000, 0x0000, 0x0000, 0x0000, 0x0000,
  0x0000, 0x0000, 0x0000, 0x0000, 0x0000, 0x0000, 0x8410, 0x6B4D, 0x4A49, 0x39E7, 0x31A6, 0x31A6,
  0x31A6, 0x31A6, 0x2945, 0x3186, 0x3186, 0x31A6, 0x39C7, 0x3186, 0x2945, 0x2104, 0x2124, 0x18C3,
  0x1082, 0x1082, 0x0861, 0x3186, 0x3186, 0x2945, 0x18E3, 0x2104, 0x4228, 0x39E7, 0x4228, 0x5AEB,
  0x632C, 0x4A49, 0x39E7, 0x4228, 0x4A69, 0x5AEB, 0x632C, 0x52AA, 0x52AA, 0x5AEB, 0x52AA, 0x5AEB,
  0x630C, 0x5ACB, 0x4A69, 0x52AA, 0x528A, 0x528A, 0x5ACB, 0x630C, 0x738E, 0x8410, 0x8430, 0x738E,
  0x7BEF, 0x9492, 0x8C71, 0x632C, 0x5AEB, 0x5AEB, 0x4208, 0x3186, 0x39C7, 0x4208, 0x39E7, 0x4228,
  0x528A, 0x4A49, 0x4208, 0x39E7, 0x39E7, 0x31A6, 0x31A6, 0x39C7, 0x39C7, 0x4228, 0x52AA, 0x5AEB,
  0x630C, 0x630C, 0x4A49, 0x2965, 0x2945, 0x2104, 0x2104, 0x18E3, 0x18E3, 0x2965, 0x39C7, 0x4208,
  0x4A69, 0x4A69, 0x4A69, 0x4A49, 0x4208, 0x4228, 0x4228, 0x4228, 0x31A6, 0x2945, 0x2104, 0x2945,
  0x4228, 0x4228, 0x31A6, 0x39E7, 0x4A49, 0x4228, 0x52AA, 0x52AA, 0x4A69, 0x52AA, 0x4A69, 0x4A69,
  0x39C7, 0x3186, 0x39C7, 0x39E7, 0x39C7, 0x39E7, 0x4A49, 0x4208, 0x39C7, 0x39E7, 0x39C7, 0x0841,
  0x0000, 0x0000, 0x0000, 0x0000, 0x0000, 0x0000, 0x0000, 0x0000, 0x0000, 0x0000, 0x0000, 0x0000,
  0x0000, 0x0000, 0x0000, 0x0000, 0x0000, 0x0000, 0x0000, 0x630C, 0x528A, 0x4A49, 0x4208, 0x31A6,
  0x31A6, 0x3186, 0x2124, 0x2104, 0x2104, 0x2945, 0x3186, 0x2945, 0x18E3, 0x18E3, 0x2104, 0x2124,
  0x2945, 0x2945, 0x2124, 0x18E3, 0x2965, 0x3186, 0x2965, 0x31A6, 0x2945, 0x3186, 0x3186, 0x3186,
  0x4228, 0x5ACB, 0x5ACB, 0x52AA, 0x4A69, 0x4208, 0x4228, 0x5AEB, 0x632C, 0x630C, 0x5AEB, 0x632C,
  0x632C, 0x52AA, 0x4A69, 0x4A49, 0x528A, 0x4A69, 0x4228, 0x52AA, 0x630C, 0x5AEB, 0x738E, 0x8410,
  0x7BCF, 0x630C, 0x52AA, 0x4208, 0x39C7, 0x4A49, 0x4228, 0x4228, 0x4A49, 0x528A, 0x52AA, 0x5AEB,
  0x5ACB, 0x5AEB, 0x5AEB, 0x5ACB, 0x5ACB, 0x4A49, 0x4228, 0x4228, 0x39C7, 0x4208, 0x528A, 0x52AA,
  0x4228, 0x528A, 0x6B6D, 0x738E, 0x632C, 0x5ACB, 0x5AEB, 0x632C, 0x738E, 0x94B2, 0xA534, 0x94B2,
  0x7BEF, 0x6B6D, 0x632C, 0x52AA, 0x4A49, 0x39E7, 0x2965, 0x18E3, 0x18E3, 0x2945, 0x3186, 0x3186,
  0x39C7, 0x39E7, 0x4228, 0x4A69, 0x4208, 0x39E7, 0x3186, 0x31A6, 0x39E7, 0x4A49, 0x4A49, 0x39E7,
  0x2945, 0x2124, 0x2945, 0x2945, 0x3186, 0x39C7, 0x39C7, 0x31A6, 0x2945, 0x2104, 0x31A6, 0x4A49,
  0x2104, 0x0000, 0x0000, 0x0000, 0x0000, 0x0000, 0x0000, 0x0000, 0x0000, 0x0000, 0x0000, 0x0000,
  0x0000, 0x0000, 0x0000, 0x0000, 0x0000, 0x0000, 0x0000, 0x0000, 0x528A, 0x4228, 0x39E7, 0x39E7,
  0x31A6, 0x3186, 0x2124, 0x18E3, 0x18E3, 0x18E3, 0x2124, 0x2945, 0x2124, 0x18C3, 0x2104, 0x2124,
  0x2104, 0x2104, 0x2965, 0x3186, 0x39C7, 0x39C7, 0x2965, 0x2945, 0x2104, 0x2965, 0x4208, 0x39E7,
  0x39E7, 0x4208, 0x4A69, 0x4A69, 0x528A, 0x528A, 0x39C7, 0x2124, 0x2945, 0x31A6, 0x39E7, 0x31A6,
  0x39C7, 0x4208, 0x4228, 0x4228, 0x5ACB, 0x630C, 0x52AA, 0x52AA, 0x5AEB, 0x6B4D, 0x73AE, 0x7BEF,
  0x8C51, 0x9492, 0x7BEF, 0x7BCF, 0x738E, 0x632C, 0x52AA, 0x4228, 0x4228, 0x4228, 0x4A69, 0x52AA,
  0x5ACB, 0x528A, 0x528A, 0x528A, 0x4208, 0x4A49, 0x4228, 0x39E7, 0x39E7, 0x31A6, 0x4208, 0x4A69,
  0x4228, 0x4228, 0x5ACB, 0x6B6D, 0x6B6D, 0x738E, 0x632C, 0x5AEB, 0x73AE, 0x8430, 0x8410, 0x73AE,
  0x632C, 0x632C, 0x6B4D, 0x6B4D, 0x632C, 0x630C, 0x52AA, 0x528A, 0x528A, 0x528A, 0x5AEB, 0x5AEB,
  0x52AA, 0x4A49, 0x4A69, 0x738E, 0x7BEF, 0x528A, 0x39C7, 0x2104, 0x2104, 0x4228, 0x52AA, 0x4228,
  0x2965, 0x2124, 0x2945, 0x2945, 0x3186, 0x3186, 0x3186, 0x3186, 0x2945, 0x18E3, 0x2124, 0x2965,
  0x2965, 0x2104, 0x0000, 0x0000, 0x0000, 0x0000, 0x0000, 0x0000, 0x0000, 0x0000, 0x0000, 0x0000,
  0x0000, 0x0000, 0x0000, 0x0000, 0x0000, 0x0000, 0x0000, 0x0000, 0x0000, 0x39C7, 0x4208, 0x39E7,
  0x39C7, 0x39C7, 0x2104, 0x10A2, 0x10A2, 0x18E3, 0x18C3, 0x18C3, 0x2104, 0x2104, 0x18C3, 0x18E3,
  0x2104, 0x2104, 0x2104, 0x2124, 0x31A6, 0x39C7, 0x31A6, 0x2965, 0x2124, 0x18C3, 0x2965, 0x528A,
  0x4A49, 0x4208, 0x4208, 0x52AA, 0x5ACB, 0x4A49, 0x528A, 0x5AEB, 0x4A69, 0x39C7, 0x2965, 0x2965,
  0x31A6, 0x39E7, 0x31A6, 0x39C7, 0x4228, 0x5ACB, 0x5ACB, 0x4A69, 0x4A69, 0x52AA, 0x5AEB, 0x6B4D,
  0x630C, 0x5AEB, 0x5AEB, 0x630C, 0x7BCF, 0x6B6D, 0x5AEB, 0x630C, 0x632C, 0x52AA, 0x4A69, 0x528A,
  0x528A, 0x52AA, 0x52AA, 0x5AEB, 0x52AA, 0x4208, 0x39E7, 0x39E7, 0x4228, 0x4228, 0x4208, 0x4A69,
  0x630C, 0x5AEB, 0x5AEB, 0x632C, 0x73AE, 0x8C51, 0x9CF3, 0xAD75, 0xAD75, 0x9CF3, 0x8410, 0x73AE,
  0x6B6D, 0x738E, 0x738E, 0x738E, 0x7BCF, 0x8410, 0x8C51, 0x9CF3, 0x9CF3, 0x8C71, 0x9492, 0x8C51,
  0x7BEF, 0x7BEF, 0x8C71, 0x9CF3, 0x8430, 0x630C, 0x4228, 0x2965, 0x2104, 0x2965, 0x39E7, 0x39C7,
  0x3186, 0x39E7, 0x39E7, 0x2965, 0x2124, 0x2104, 0x2945, 0x2124, 0x2124, 0x2124, 0x2124, 0x2945,
  0x2104, 0x18C3, 0x2104, 0x0861, 0x0000, 0x0000, 0x0000, 0x0000, 0x0000, 0x0000, 0x0000, 0x0000,
  0x0000, 0x0000, 0x0000, 0x0000, 0x0000, 0x0000, 0x0000, 0x0000, 0x0000, 0x0000, 0x39C7, 0x39C7,
  0x3186, 0x18C3, 0x18E3, 0x18C3, 0x10A2, 0x18C3, 0x18E3, 0x18E3, 0x2104, 0x2104, 0x2104, 0x18E3,
  0x2104, 0x2104, 0x2104, 0x2945, 0x2965, 0x2965, 0x2945, 0x2104, 0x2945, 0x3186, 0x2104, 0x2104,
  0x39C7, 0x4208, 0x4208, 0x4208, 0x4228, 0x52AA, 0x5ACB, 0x5AEB, 0x632C, 0x6B4D, 0x632C, 0x5AEB,
  0x5ACB, 0x5ACB, 0x5ACB, 0x52AA, 0x4A69, 0x4A69, 0x528A, 0x4A69, 0x4228, 0x4228, 0x52AA, 0x528A,
  0x4228, 0x39C7, 0x39C7, 0x39C7, 0x4208, 0x4228, 0x4A69, 0x630C, 0x632C, 0x6B4D, 0x738E, 0x6B6D,
  0x6B6D, 0x632C, 0x5AEB, 0x5ACB, 0x630C, 0x5AEB, 0x4A69, 0x4208, 0x4208, 0x4228, 0x39C7, 0x4228,
  0x4A69, 0x52AA, 0x6B4D, 0x5AEB, 0x528A, 0x5AEB, 0x738E, 0x8C71, 0xA534, 0xBDF7, 0xBDF7, 0xAD55,
  0xA514, 0x8C51, 0x73AE, 0x7BCF, 0x8C51, 0x8430, 0x8410, 0x8410, 0x7BEF, 0x6B6D, 0x5AEB, 0x5AEB,
  0x5AEB, 0x52AA, 0x630C, 0x632C, 0x4A49, 0x2945, 0x2104, 0x2124, 0x2124, 0x2104, 0x2965, 0x2945,
  0x2104, 0x31A6, 0x52AA, 0x632C, 0x5AEB, 0x4228, 0x31A6, 0x3186, 0x3186, 0x2124, 0x2124, 0x2104,
  0x18E3, 0x10A2, 0x18C3, 0x2124, 0x18C3, 0x0000, 0x0000, 0x0000, 0x0000, 0x0000, 0x0000, 0x0000,
  0x0000, 0x0000, 0x0000, 0x0000, 0x0000, 0x0000, 0x0000, 0x0000, 0x0000, 0x0000, 0x0000, 0x3186,
  0x10A2, 0x0841, 0x0841, 0x10A2, 0x2124, 0x18E3, 0x18E3, 0x2124, 0x2104, 0x2104, 0x2104, 0x18C3,
  0x18C3, 0x2104, 0x2124, 0x2104, 0x2104, 0x2124, 0x2104, 0x2945, 0x3186, 0x31A6, 0x39C7, 0x2965,
  0x2124, 0x39E7, 0x4208, 0x4228, 0x4A49, 0x4228, 0x4A49, 0x5AEB, 0x632C, 0x6B4D, 0x5AEB, 0x6B4D,
  0x632C, 0x5ACB, 0x528A, 0x4A69, 0x52AA, 0x528A, 0x4A49, 0x4A49, 0x52AA, 0x52AA, 0x4A49, 0x4A49,
  0x4A69, 0x5AEB, 0x630C, 0x5ACB, 0x528A, 0x528A, 0x4A69, 0x4A69, 0x4A69, 0x528A, 0x4228, 0x528A,
  0x738E, 0x73AE, 0x632C, 0x5ACB, 0x528A, 0x52AA, 0x4A69, 0x4A49, 0x4A49, 0x4208, 0x39C7, 0x3186,
  0x39E7, 0x4228, 0x4228, 0x52AA, 0x528A, 0x4A49, 0x39C7, 0x2124, 0x3186, 0x2124, 0x18E3, 0x2945,
  0x39C7, 0x5ACB, 0x6B4D, 0x5AEB, 0x630C, 0x630C, 0x630C, 0x5ACB, 0x4228, 0x4A49, 0x4A49, 0x4228,
  0x4A49, 0x528A, 0x4A49, 0x4208, 0x39C7, 0x2965, 0x2945, 0x2945, 0x2124, 0x2945, 0x2945, 0x3186,
  0x31A6, 0x2945, 0x3186, 0x52AA, 0x738E, 0x6B4D, 0x4A49, 0x39E7, 0x39C7, 0x3186, 0x2945, 0x18C3,
  0x18E3, 0x2124, 0x2104, 0x2104, 0x2124, 0x2104, 0x0000, 0x0000, 0x0000, 0x0000, 0x0000, 0x0000,
  0x0000, 0x0000, 0x0000, 0x0000, 0x0000, 0x0000, 0x0000, 0x0000, 0x0000, 0x0000, 0x0000, 0x0000,
  0x2945, 0x2104, 0x2104, 0x2945, 0x2104, 0x18C3, 0x18C3, 0x10A2, 0x18E3, 0x18C3, 0x10A2, 0x18C3,
  0x18C3, 0x10A2, 0x18C3, 0x18E3, 0x18E3, 0x18E3, 0x2104, 0x2104, 0x2945, 0x31A6, 0x39C7, 0x3186,
  0x3186, 0x39E7, 0x39E7, 0x4208, 0x4228, 0x39C7, 0x39C7, 0x3186, 0x3186, 0x39C7, 0x4A69, 0x52AA,
  0x630C, 0x52AA, 0x4A49, 0x52AA, 0x528A, 0x4A49, 0x4A69, 0x4A69, 0x4208, 0x4A69, 0x4A69, 0x4A69,
  0x528A, 0x52AA, 0x5ACB, 0x5AEB, 0x630C, 0x5ACB, 0x4A49, 0x528A, 0x5ACB, 0x52AA, 0x5AEB, 0x52AA,
  0x4228, 0x528A, 0x5AEB, 0x528A, 0x4228, 0x4A49, 0x4A69, 0x4208, 0x4228, 0x4A49, 0x4208, 0x31A6,
  0x3186, 0x39E7, 0x4A49, 0x4A69, 0x5ACB, 0x5AEB, 0x528A, 0x528A, 0x39E7, 0x39C7, 0x39E7, 0x39E7,
  0x39E7, 0x528A, 0x630C, 0x6B4D, 0x738E, 0x6B6D, 0x632C, 0x5AEB, 0x5ACB, 0x6B6D, 0x7BEF, 0x6B6D,
  0x4228, 0x4228, 0x528A, 0x4228, 0x4208, 0x528A, 0x4A69, 0x4A49, 0x4228, 0x31A6, 0x2945, 0x2124,
  0x2945, 0x2965, 0x2965, 0x2965, 0x31A6, 0x2945, 0x18E3, 0x18E3, 0x2965, 0x3186, 0x2124, 0x18C3,
  0x18C3, 0x2104, 0x2104, 0x2124, 0x2945, 0x2104, 0x2104, 0x0861, 0x0000, 0x0000, 0x0000, 0x0000,
  0x0000, 0x0000, 0x0000, 0x0000, 0x0000, 0x0000, 0x0000, 0x0000, 0x0000, 0x0000, 0x0000, 0x0000,
  0x0000, 0x10A2, 0x18E3, 0x2104, 0x18E3, 0x0861, 0x0020, 0x0861, 0x10A2, 0x18C3, 0x18C3, 0x10A2,
  0x10A2, 0x1082, 0x10A2, 0x10A2, 0x18C3, 0x18C3, 0x18E3, 0x18E3, 0x10A2, 0x10A2, 0x2104, 0x2945,
  0x2945, 0x3186, 0x39C7, 0x3186, 0x31A6, 0x4228, 0x39C7, 0x3186, 0x2965, 0x18E3, 0x2124, 0x2965,
  0x39E7, 0x528A, 0x4228, 0x39C7, 0x4228, 0x5AEB, 0x528A, 0x39C7, 0x4208, 0x39C7, 0x39C7, 0x4208,
  0x4A49, 0x528A, 0x528A, 0x528A, 0x52AA, 0x5AEB, 0x5ACB, 0x5ACB, 0x5ACB, 0x5ACB, 0x5ACB, 0x5AEB,
  0x528A, 0x4A49, 0x4A69, 0x5ACB, 0x5AEB, 0x528A, 0x4A69, 0x4A49, 0x4A49, 0x4A49, 0x39C7, 0x39E7,
  0x4208, 0x39E7, 0x4A69, 0x528A, 0x6B4D, 0x8430, 0x8410, 0x8410, 0x8C71, 0x7BCF, 0x5ACB, 0x4A49,
  0x39E7, 0x4228, 0x4A49, 0x4228, 0x52AA, 0x632C, 0x6B4D, 0x6B6D, 0x5AEB, 0x5ACB, 0x5ACB, 0x528A,
  0x528A, 0x4228, 0x4228, 0x4A49, 0x4A49, 0x4A69, 0x4228, 0x39C7, 0x39E7, 0x3186, 0x2965, 0x3186,
  0x2124, 0x2124, 0x3186, 0x3186, 0x2965, 0x2124, 0x1082, 0x1082, 0x2124, 0x2945, 0x2124, 0x18C3,
  0x2124, 0x2965, 0x2124, 0x2945, 0x2945, 0x2124, 0x2104, 0x2124, 0x18C3, 0x0000, 0x0000, 0x0000,
  0x0000, 0x0000, 0x0000, 0x0000, 0x0000, 0x0000, 0x0000, 0x0000, 0x0000, 0x0000, 0x0000, 0x0000,
  0x0000, 0x0000, 0x2124, 0x2104, 0x10A2, 0x0841, 0x0861, 0x0861, 0x0020, 0x0841, 0x0861, 0x10A2,
  0x18E3, 0x18E3, 0x10A2, 0x18C3, 0x18E3, 0x18E3, 0x18E3, 0x18E3, 0x2124, 0x18E3, 0x18C3, 0x18C3,
  0x2124, 0x2124, 0x2124, 0x2945, 0x2945, 0x31A6, 0x4A69, 0x4A49, 0x31A6, 0x39E7, 0x4228, 0x39C7,
  0x39C7, 0x39E7, 0x39E7, 0x39C7, 0x4208, 0x528A, 0x632C, 0x738E, 0x6B4D, 0x52AA, 0x4208, 0x39C7,
  0x4A69, 0x5ACB, 0x528A, 0x4228, 0x4228, 0x528A, 0x5ACB, 0x52AA, 0x52AA, 0x52AA, 0x5ACB, 0x630C,
  0x5ACB, 0x528A, 0x4228, 0x4208, 0x4228, 0x4A69, 0x5ACB, 0x4A69, 0x4A49, 0x4A69, 0x4A49, 0x4208,
  0x39E7, 0x39E7, 0x39C7, 0x39E7, 0x31A6, 0x39C7, 0x39E7, 0x3186, 0x2124, 0x2945, 0x31A6, 0x39E7,
  0x4228, 0x4208, 0x4208, 0x4228, 0x4A49, 0x528A, 0x5ACB, 0x5ACB, 0x4A69, 0x4208, 0x4A69, 0x4228,
  0x4208, 0x4A69, 0x4228, 0x528A, 0x528A, 0x4A69, 0x528A, 0x39E7, 0x31A6, 0x31A6, 0x31A6, 0x39C7,
  0x2965, 0x2124, 0x39C7, 0x39E7, 0x3186, 0x2965, 0x3186, 0x2965, 0x3186, 0x31A6, 0x3186, 0x2124,
  0x2124, 0x2965, 0x3186, 0x2124, 0x2104, 0x2124, 0x2124, 0x2124, 0x18E3, 0x18C3, 0x0020, 0x0000,
  0x0000, 0x0000, 0x0000, 0x0000, 0x0000, 0x0000, 0x0000, 0x0000, 0x0000, 0x0000, 0x0000, 0x0000,
  0x0000, 0x0000, 0x0000, 0x2104, 0x2124, 0x18C3, 0x10A2, 0x18C3, 0x18E3, 0x10A2, 0x0861, 0x0841,
  0x1082, 0x18C3, 0x18E3, 0x18C3, 0x18C3, 0x18E3, 0x2104, 0x18E3, 0x18E3, 0x18E3, 0x18E3, 0x2124,
  0x18E3, 0x2104, 0x2945, 0x3186, 0x39C7, 0x3186, 0x39C7, 0x4A49, 0x4A69, 0x4228, 0x4A69, 0x5ACB,
  0x52AA, 0x528A, 0x52AA, 0x528A, 0x528A, 0x630C, 0x6B6D, 0x6B4D, 0x73AE, 0x7BCF, 0x73AE, 0x630C,
  0x4A69, 0x52AA, 0x5AEB, 0x5ACB, 0x528A, 0x528A, 0x52AA, 0x5AEB, 0x5ACB, 0x4A69, 0x528A, 0x630C,
  0x738E, 0x7BEF, 0x7BEF, 0x632C, 0x52AA, 0x4A69, 0x52AA, 0x5ACB, 0x630C, 0x632C, 0x5ACB, 0x4A69,
  0x4208, 0x39E7, 0x4208, 0x39C7, 0x39E7, 0x2124, 0x10A2, 0x10A2, 0x18C3, 0x18C3, 0x2945, 0x39C7,
  0x4228, 0x4A69, 0x528A, 0x52AA, 0x5ACB, 0x52AA, 0x52AA, 0x5AEB, 0x5ACB, 0x528A, 0x5ACB, 0x52AA,
  0x4A49, 0x4A49, 0x4228, 0x4208, 0x4A69, 0x52AA, 0x4A49, 0x39C7, 0x31A6, 0x4208, 0x4208, 0x39C7,
  0x2965, 0x2945, 0x3186, 0x2965, 0x2124, 0x2104, 0x10A2, 0x10A2, 0x18E3, 0x2124, 0x2965, 0x2945,
  0x18C3, 0x0861, 0x0020, 0x0861, 0x18C3, 0x18E3, 0x2965, 0x2965, 0x2104, 0x10A2, 0x18C3, 0x0861,
  0x0000, 0x0000, 0x0000, 0x0000, 0x0000, 0x0000, 0x0000, 0x0000, 0x0000, 0x0000, 0x0000, 0x0000,
  0x0000, 0x0000, 0x0000, 0x0000, 0x0861, 0x10A2, 0x18E3, 0x2945, 0x2124, 0x2124, 0x2104, 0x18C3,
  0x10A2, 0x10A2, 0x18C3, 0x10A2, 0x10A2, 0x1082, 0x0861, 0x18C3, 0x2104, 0x2104, 0x18E3, 0x18E3,
  0x2104, 0x2124, 0x2124, 0x3186, 0x31A6, 0x39C7, 0x4A49, 0x4A49, 0x4208, 0x528A, 0x52AA, 0x4228,
  0x4A49, 0x4A69, 0x528A, 0x52AA, 0x5ACB, 0x6B4D, 0x738E, 0x5AEB, 0x528A, 0x4208, 0x31A6, 0x4208,
  0x5ACB, 0x52AA, 0x4A69, 0x4A49, 0x528A, 0x528A, 0x528A, 0x528A, 0x5ACB, 0x52AA, 0x52AA, 0x632C,
  0x6B4D, 0x6B6D, 0x738E, 0x738E, 0x8430, 0x8C71, 0x73AE, 0x632C, 0x5AEB, 0x5AEB, 0x630C, 0x4A69,
  0x39E7, 0x2965, 0x2104, 0x2965, 0x2965, 0x39C7, 0x39E7, 0x31A6, 0x3186, 0x2945, 0x2945, 0x31A6,
  0x4208, 0x4228, 0x4A69, 0x5ACB, 0x5AEB, 0x5ACB, 0x52AA, 0x52AA, 0x5ACB, 0x5ACB, 0x5AEB, 0x630C,
  0x4A69, 0x4A49, 0x528A, 0x4A69, 0x4A49, 0x4A49, 0x4228, 0x4208, 0x4208, 0x39E7, 0x39C7, 0x39C7,
  0x3186, 0x3186, 0x31A6, 0x2965, 0x3186, 0x3186, 0x2965, 0x18E3, 0x10A2, 0x0861, 0x1082, 0x10A2,
  0x10A2, 0x18E3, 0x18C3, 0x10A2, 0x2104, 0x18E3, 0x2124, 0x2945, 0x2104, 0x18E3, 0x10A2, 0x1082,
  0x10A2, 0x0000, 0x0000, 0x0000, 0x0000, 0x0000, 0x0000, 0x0000, 0x0000, 0x0000, 0x0000, 0x0000,
  0x0000, 0x0000, 0x0000, 0x0000, 0x0000, 0x2124, 0x18C3, 0x2104, 0x2124, 0x18E3, 0x2104, 0x2945,
  0x2965, 0x2945, 0x18E3, 0x2104, 0x2124, 0x2124, 0x2124, 0x2104, 0x18E3, 0x18E3, 0x18C3, 0x18C3,
  0x18C3, 0x18C3, 0x18E3, 0x2104, 0x2124, 0x2945, 0x2124, 0x3186, 0x4228, 0x528A, 0x5AEB, 0x5ACB,
  0x4208, 0x39E7, 0x4228, 0x4A69, 0x528A, 0x4A69, 0x4228, 0x4A49, 0x5ACB, 0x5ACB, 0x39C7, 0x3186,
  0x39E7, 0x4A69, 0x4A49, 0x528A, 0x630C, 0x6B6D, 0x738E, 0x6B6D, 0x6B6D, 0x6B4D, 0x6B4D, 0x73AE,
  0x7BCF, 0x7BCF, 0x5ACB, 0x4228, 0x4A49, 0x5AEB, 0x5AEB, 0x5ACB, 0x52AA, 0x4A69, 0x4208, 0x39E7,
  0x4208, 0x4A49, 0x4228, 0x2945, 0x18C3, 0x2104, 0x39C7, 0x39E7, 0x39E7, 0x4208, 0x39C7, 0x39E7,
  0x4208, 0x39E7, 0x4228, 0x4208, 0x31A6, 0x39C7, 0x4208, 0x4A49, 0x4228, 0x4A49, 0x528A, 0x5ACB,
  0x52AA, 0x5ACB, 0x5ACB, 0x52AA, 0x4A69, 0x4A69, 0x4A69, 0x4228, 0x4A49, 0x52AA, 0x52AA, 0x4A49,
  0x4208, 0x39C7, 0x31A6, 0x2965, 0x2965, 0x39E7, 0x4228, 0x39E7, 0x3186, 0x2104, 0x18E3, 0x2124,
  0x2945, 0x2945, 0x39C7, 0x31A6, 0x4228, 0x4228, 0x2945, 0x2124, 0x2124, 0x18E3, 0x18E3, 0x10A2,
  0x10A2, 0x18E3, 0x0020, 0x0000, 0x0000, 0x0000, 0x0000, 0x0000, 0x0000, 0x0000, 0x0000, 0x0000,
  0x0000, 0x0000, 0x0000, 0x0000, 0x0000, 0x0000, 0x39C7, 0x39C7, 0x2124, 0x2104, 0x18E3, 0x18E3,
  0x2104, 0x2104, 0x2124, 0x2945, 0x2124, 0x2124, 0x2945, 0x31A6, 0x4228, 0x4A69, 0x4208, 0x2945,
  0x1082, 0x10A2, 0x18E3, 0x18C3, 0x18E3, 0x2124, 0x2945, 0x18C3, 0x0841, 0x0861, 0x18E3, 0x3186,
  0x4228, 0x528A, 0x52AA, 0x528A, 0x5ACB, 0x5AEB, 0x632C, 0x5ACB, 0x4A49, 0x52AA, 0x52AA, 0x4A69,
  0x52AA, 0x5ACB, 0x5ACB, 0x528A, 0x528A, 0x528A, 0x528A, 0x52AA, 0x52AA, 0x52AA, 0x528A, 0x528A,
  0x528A, 0x4A49, 0x528A, 0x4A49, 0x4228, 0x4228, 0x39E7, 0x4A49, 0x52AA, 0x52AA, 0x4A49, 0x39C7,
  0x2965, 0x3186, 0x39E7, 0x4A49, 0x4208, 0x4A49, 0x4A69, 0x528A, 0x4A49, 0x52AA, 0x632C, 0x632C,
  0x5ACB, 0x528A, 0x528A, 0x5AEB, 0x4A69, 0x4208, 0x39E7, 0x4208, 0x4208, 0x4228, 0x4A49, 0x4A69,
  0x4A69, 0x4228, 0x528A, 0x5ACB, 0x528A, 0x4A69, 0x4A49, 0x4A49, 0x4A49, 0x4A49, 0x4A69, 0x528A,
  0x52AA, 0x4A49, 0x31A6, 0x2965, 0x2965, 0x2965, 0x2965, 0x39E7, 0x4A69, 0x2965, 0x18E3, 0x2945,
  0x2965, 0x2945, 0x31A6, 0x39C7, 0x39C7, 0x31A6, 0x2945, 0x18E3, 0x18E3, 0x18E3, 0x2104, 0x2945,
  0x2945, 0x2104, 0x18E3, 0x1082, 0x0000, 0x0000, 0x0000, 0x0000, 0x0000, 0x0000, 0x0000, 0x0000,
  0x0000, 0x0000, 0x0000, 0x0000, 0x0000, 0x0000, 0x0000, 0x1082, 0x2104, 0x2104, 0x2124, 0x2124,
  0x18E3, 0x10A2, 0x1082, 0x10A2, 0x18C3, 0x18C3, 0x18C3, 0x10A2, 0x10A2, 0x2104, 0x31A6, 0x39E7,
  0x39C7, 0x2965, 0x10A2, 0x18C3, 0x2104, 0x10A2, 0x18C3, 0x2945, 0x31A6, 0x2124, 0x18C3, 0x10A2,
  0x0841, 0x18C3, 0x39C7, 0x528A, 0x4A49, 0x4228, 0x4A69, 0x4A69, 0x630C, 0x6B6D, 0x630C, 0x630C,
  0x630C, 0x6B4D, 0x6B6D, 0x630C, 0x528A, 0x4208, 0x39C7, 0x39C7, 0x31A6, 0x31A6, 0x3186, 0x2965,
  0x3186, 0x39E7, 0x39C7, 0x39C7, 0x4208, 0x4228, 0x4208, 0x39E7, 0x39E7, 0x39E7, 0x39C7, 0x39C7,
  0x4228, 0x4228, 0x52AA, 0x630C, 0x6B6D, 0x8430, 0x8C51, 0x8430, 0x632C, 0x52AA, 0x632C, 0x73AE,
  0x7BCF, 0x73AE, 0x73AE, 0x738E, 0x73AE, 0x8C71, 0xA534, 0xAD55, 0xAD55, 0x9492, 0x8410, 0x73AE,
  0x6B4D, 0x738E, 0x632C, 0x5AEB, 0x5ACB, 0x52AA, 0x528A, 0x528A, 0x528A, 0x528A, 0x39E7, 0x39C7,
  0x31A6, 0x3186, 0x2965, 0x3186, 0x31A6, 0x3186, 0x3186, 0x2965, 0x31A6, 0x4A49, 0x39E7, 0x4208,
  0x528A, 0x4A49, 0x39C7, 0x39C7, 0x39E7, 0x4208, 0x31A6, 0x2965, 0x3186, 0x3186, 0x2965, 0x2965,
  0x2965, 0x2965, 0x2124, 0x18C3, 0x18C3, 0x0000, 0x0000, 0x0000, 0x0000, 0x0000, 0x0000, 0x0000,
  0x0000, 0x0000, 0x0000, 0x0000, 0x0000, 0x0000, 0x0000, 0x0000, 0x0861, 0x1082, 0x18C3, 0x18E3,
  0x18E3, 0x10A2, 0x10A2, 0x18E3, 0x10A2, 0x0861, 0x1082, 0x1082, 0x0841, 0x0020, 0x0000, 0x0000,
  0x0020, 0x0841, 0x1082, 0x0861, 0x1082, 0x18C3, 0x10A2, 0x18C3, 0x2945, 0x31A6, 0x3186, 0x2124,
  0x2124, 0x18E3, 0x18C3, 0x18E3, 0x2104, 0x2965, 0x31A6, 0x2965, 0x2104, 0x2124, 0x3186, 0x39C7,
  0x31A6, 0x3186, 0x2965, 0x2124, 0x2104, 0x2104, 0x2945, 0x2965, 0x31A6, 0x3186, 0x31A6, 0x3186,
  0x3186, 0x39C7, 0x39C7, 0x2965, 0x2124, 0x18C3, 0x2104, 0x18C3, 0x18C3, 0x18E3, 0x18E3, 0x18E3,
  0x2124, 0x39C7, 0x4208, 0x4A69, 0x52AA, 0x52AA, 0x52AA, 0x4A69, 0x52AA, 0x4A69, 0x39E7, 0x39E7,
  0x39E7, 0x4A49, 0x5AEB, 0x6B6D, 0x6B4D, 0x6B4D, 0x7BCF, 0x7BEF, 0x8430, 0x8C51, 0x8C51, 0x8410,
  0x73AE, 0x6B6D, 0x73AE, 0x73AE, 0x738E, 0x6B6D, 0x632C, 0x632C, 0x6B6D, 0x5AEB, 0x528A, 0x4A49,
  0x4228, 0x31A6, 0x31A6, 0x39E7, 0x4228, 0x39E7, 0x39C7, 0x39C7, 0x2945, 0x2124, 0x31A6, 0x4228,
  0x4A49, 0x52AA, 0x52AA, 0x4208, 0x2945, 0x2965, 0x39C7, 0x31A6, 0x31A6, 0x39C7, 0x31A6, 0x2965,
  0x2965, 0x2104, 0x10A2, 0x1082, 0x0861, 0x1082, 0x0841, 0x0000, 0x0000, 0x0000, 0x0000, 0x0000,
  0x0000, 0x0000, 0x0000, 0x0000, 0x0000, 0x0000, 0x0000, 0x0000, 0x0000, 0x10A2, 0x18E3, 0x18E3,
  0x10A2, 0x10A2, 0x10A2, 0x10A2, 0x10A2, 0x10A2, 0x1082, 0x0861, 0x0861, 0x0841, 0x0020, 0x0000,
  0x0000, 0x0000, 0x0000, 0x0000, 0x0000, 0x0020, 0x0841, 0x0861, 0x18C3, 0x2104, 0x2104, 0x2124,
  0x2945, 0x2124, 0x18E3, 0x0861, 0x0861, 0x0020, 0x0000, 0x0020, 0x0861, 0x18C3, 0x10A2, 0x0841,
  0x10A2, 0x1082, 0x0841, 0x0841, 0x0861, 0x10A2, 0x2104, 0x2945, 0x2945, 0x2945, 0x2965, 0x31A6,
  0x39E7, 0x3186, 0x2104, 0x18C3, 0x18C3, 0x2104, 0x18E3, 0x2945, 0x2965, 0x2965, 0x39C7, 0x2124,
  0x10A2, 0x1082, 0x18E3, 0x1082, 0x0000, 0x0000, 0x0841, 0x0841, 0x1082, 0x0861, 0x0841, 0x10A2,
  0x2124, 0x18E3, 0x18E3, 0x2104, 0x2965, 0x31A6, 0x2965, 0x2104, 0x18C3, 0x10A2, 0x2124, 0x4208,
  0x4A69, 0x5ACB, 0x5ACB, 0x528A, 0x52AA, 0x52AA, 0x5AEB, 0x5ACB, 0x52AA, 0x52AA, 0x630C, 0x6B6D,
  0x5AEB, 0x4228, 0x4A49, 0x52AA, 0x630C, 0x5ACB, 0x39C7, 0x2965, 0x2965, 0x2965, 0x2945, 0x2945,
  0x3186, 0x3186, 0x31A6, 0x39C7, 0x31A6, 0x39C7, 0x2945, 0x18E3, 0x2124, 0x3186, 0x39C7, 0x3186,
  0x2124, 0x1082, 0x0020, 0x0020, 0x0841, 0x1082, 0x18C3, 0x10A2, 0x0000, 0x0000, 0x0000, 0x0000,
  0x0000, 0x0000, 0x0000, 0x0000, 0x0000, 0x0000, 0x0000, 0x0000, 0x0000, 0x0000, 0x10A2, 0x1082,
  0x10A2, 0x18C3, 0x10A2, 0x10A2, 0x10A2, 0x0861, 0x0861, 0x0861, 0x0841, 0x0020, 0x0020, 0x0000,
  0x0000, 0x0000, 0x0020, 0x0000, 0x0000, 0x0020, 0x0841, 0x0861, 0x0020, 0x0020, 0x1082, 0x0841,
  0x1082, 0x18C3, 0x18E3, 0x2104, 0x2104, 0x2124, 0x2945, 0x2104, 0x10A2, 0x0861, 0x0861, 0x0841,
  0x0000, 0x0000, 0x0000, 0x0000, 0x0861, 0x18C3, 0x18E3, 0x2945, 0x3186, 0x2945, 0x2104, 0x1082,
  0x18C3, 0x2124, 0x2124, 0x18E3, 0x18E3, 0x2945, 0x31A6, 0x3186, 0x2965, 0x3186, 0x39E7, 0x39C7,
  0x2945, 0x18E3, 0x18E3, 0x18C3, 0x10A2, 0x0861, 0x0000, 0x0000, 0x0000, 0x0000, 0x0000, 0x0861,
  0x1082, 0x0861, 0x0841, 0x0020, 0x0020, 0x0000, 0x0000, 0x1082, 0x2945, 0x39E7, 0x3186, 0x2104,
  0x2124, 0x3186, 0x39E7, 0x4208, 0x4228, 0x4208, 0x39C7, 0x39C7, 0x3186, 0x2945, 0x3186, 0x4A49,
  0x5ACB, 0x52AA, 0x52AA, 0x5ACB, 0x5AEB, 0x5ACB, 0x52AA, 0x31A6, 0x18E3, 0x18C3, 0x2945, 0x39C7,
  0x39C7, 0x2945, 0x2124, 0x3186, 0x3186, 0x4208, 0x4A49, 0x3186, 0x2104, 0x1082, 0x1082, 0x10A2,
  0x0861, 0x0841, 0x0020, 0x0841, 0x18C3, 0x18E3, 0x18C3, 0x18E3, 0x10A2, 0x0000, 0x0000, 0x0000,
  0x0000, 0x0000, 0x0000, 0x0000, 0x0000, 0x0000, 0x0000, 0x0000, 0x0000, 0x0000, 0x0000, 0x2945,
  0x10A2, 0x1082, 0x10A2, 0x10A2, 0x18C3, 0x10A2, 0x1082, 0x1082, 0x0841, 0x0020, 0x0000, 0x0000,
  0x0000, 0x0000, 0x0841, 0x0841, 0x0841, 0x0861, 0x10A2, 0x1082, 0x10A2, 0x0861, 0x0020, 0x0000,
  0x0000, 0x0000, 0x0000, 0x0020, 0x18E3, 0x2124, 0x18E3, 0x18E3, 0x18C3, 0x2104, 0x18E3, 0x0861,
  0x0841, 0x0861, 0x0861, 0x0841, 0x0861, 0x0861, 0x0020, 0x0020, 0x1082, 0x10A2, 0x18C3, 0x18E3,
  0x2104, 0x2104, 0x18E3, 0x18E3, 0x2124, 0x2965, 0x3186, 0x3186, 0x2104, 0x18E3, 0x18E3, 0x2104,
  0x2945, 0x2124, 0x18C3, 0x18C3, 0x18C3, 0x18C3, 0x18C3, 0x10A2, 0x18C3, 0x10A2, 0x1082, 0x18C3,
  0x18E3, 0x18C3, 0x18E3, 0x2945, 0x2965, 0x18E3, 0x18C3, 0x10A2, 0x10A2, 0x2104, 0x2965, 0x31A6,
  0x39C7, 0x2965, 0x2965, 0x2945, 0x2965, 0x31A6, 0x3186, 0x39E7, 0x4228, 0x31A6, 0x2124, 0x2104,
  0x2965, 0x39E7, 0x5ACB, 0x632C, 0x52AA, 0x4228, 0x4208, 0x4208, 0x39E7, 0x39C7, 0x31A6, 0x2965,
  0x3186, 0x3186, 0x2965, 0x31A6, 0x39C7, 0x31A6, 0x31A6, 0x39E7, 0x4A49, 0x39E7, 0x3186, 0x2945,
  0x18C3, 0x1082, 0x1082, 0x10A2, 0x10A2, 0x18E3, 0x18E3, 0x10A2, 0x10A2, 0x2104, 0x0861, 0x0000,
  0x0000, 0x0000, 0x0000, 0x0000, 0x0000, 0x0000, 0x0000, 0x0000, 0x0000, 0x0000, 0x0000, 0x0000,
  0x18C3, 0x10A2, 0x1082, 0x18C3, 0x18E3, 0x18C3, 0x10A2, 0x10A2, 0x18E3, 0x18E3, 0x18E3, 0x2124,
  0x18C3, 0x10A2, 0x0841, 0x0000, 0x0000, 0x0000, 0x0000, 0x0020, 0x0020, 0x0841, 0x18C3, 0x18C3,
  0x18E3, 0x18C3, 0x1082, 0x1082, 0x0841, 0x0000, 0x0000, 0x0000, 0x0000, 0x0000, 0x0861, 0x2104,
  0x18E3, 0x2104, 0x2104, 0x2965, 0x39E7, 0x31A6, 0x2965, 0x2124, 0x2104, 0x18E3, 0x18C3, 0x18E3,
  0x2124, 0x2945, 0x2124, 0x10A2, 0x0861, 0x18E3, 0x2965, 0x39C7, 0x39E7, 0x2945, 0x18C3, 0x0861,
  0x0861, 0x2104, 0x2124, 0x10A2, 0x0841, 0x0020, 0x0841, 0x1082, 0x10A2, 0x18C3, 0x18C3, 0x18C3,
  0x10A2, 0x18C3, 0x2104, 0x2124, 0x2124, 0x18C3, 0x18C3, 0x2945, 0x2965, 0x39C7, 0x31A6, 0x2945,
  0x2945, 0x2965, 0x3186, 0x2945, 0x10A2, 0x0861, 0x0861, 0x0020, 0x0861, 0x18C3, 0x2124, 0x2104,
  0x18E3, 0x18C3, 0x10A2, 0x1082, 0x0841, 0x0861, 0x18C3, 0x2104, 0x3186, 0x4208, 0x4A49, 0x39E7,
  0x39C7, 0x2945, 0x18C3, 0x2104, 0x3186, 0x39E7, 0x39C7, 0x31A6, 0x39E7, 0x39C7, 0x2965, 0x31A6,
  0x2945, 0x18E3, 0x18C3, 0x18E3, 0x18E3, 0x18E3, 0x10A2, 0x10A2, 0x18E3, 0x18E3, 0x2965, 0x18E3,
  0x0000, 0x0000, 0x0000, 0x0000, 0x0000, 0x0000, 0x0000, 0x0000, 0x0000, 0x0000, 0x0000, 0x0000,
  0x0000, 0x18C3, 0x1082, 0x0861, 0x1082, 0x18C3, 0x18E3, 0x10A2, 0x10A2, 0x1082, 0x10A2, 0x18E3,
  0x2104, 0x2124, 0x3186, 0x3186, 0x2104, 0x2104, 0x18C3, 0x0020, 0x0000, 0x0000, 0x0000, 0x0020,
  0x0841, 0x0861, 0x0861, 0x0020, 0x0020, 0x0020, 0x0000, 0x0000, 0x0000, 0x0020, 0x0841, 0x0020,
  0x1082, 0x18C3, 0x2104, 0x2124, 0x2104, 0x2124, 0x2945, 0x2945, 0x2124, 0x2124, 0x18E3, 0x18C3,
  0x10A2, 0x0861, 0x1082, 0x10A2, 0x18E3, 0x18E3, 0x10A2, 0x18C3, 0x31A6, 0x31A6, 0x2945, 0x18E3,
  0x10A2, 0x1082, 0x10A2, 0x2104, 0x18C3, 0x0861, 0x1082, 0x18C3, 0x10A2, 0x1082, 0x0861, 0x0861,
  0x0861, 0x0861, 0x1082, 0x10A2, 0x18C3, 0x1082, 0x0861, 0x1082, 0x2104, 0x3186, 0x31A6, 0x2965,
  0x18C3, 0x0861, 0x0020, 0x0000, 0x0000, 0x0000, 0x0000, 0x0000, 0x0000, 0x0000, 0x0020, 0x0020,
  0x0020, 0x0861, 0x0861, 0x0841, 0x0000, 0x0841, 0x0861, 0x0841, 0x10A2, 0x18C3, 0x2124, 0x2945,
  0x31A6, 0x3186, 0x2124, 0x2124, 0x2965, 0x2965, 0x39C7, 0x39E7, 0x4A49, 0x4A69, 0x3186, 0x2104,
  0x18C3, 0x18C3, 0x10A2, 0x18E3, 0x2104, 0x10A2, 0x18E3, 0x18C3, 0x2104, 0x2104, 0x18C3, 0x18E3,
  0x18E3, 0x0020, 0x0000, 0x0000, 0x0000, 0x0000, 0x0000, 0x0000, 0x0000, 0x0000, 0x0000, 0x0000,
  0x0000, 0x0000, 0x2124, 0x18E3, 0x18C3, 0x10A2, 0x18E3, 0x10A2, 0x0861, 0x0020, 0x0000, 0x0000,
  0x0000, 0x0000, 0x0000, 0x0841, 0x1082, 0x18E3, 0x2965, 0x39E7, 0x4208, 0x4228, 0x2945, 0x0861,
  0x0020, 0x0000, 0x0000, 0x0000, 0x0000, 0x0000, 0x0000, 0x0000, 0x0000, 0x0000, 0x0000, 0x0000,
  0x0000, 0x0000, 0x0000, 0x0000, 0x0020, 0x0000, 0x0000, 0x0000, 0x0020, 0x0020, 0x1082, 0x10A2,
  0x1082, 0x0000, 0x0000, 0x0020, 0x0841, 0x10A2, 0x10A2, 0x1082, 0x18C3, 0x31A6, 0x31A6, 0x2945,
  0x18C3, 0x18E3, 0x2104, 0x2104, 0x10A2, 0x0861, 0x1082, 0x18C3, 0x18C3, 0x1082, 0x1082, 0x1082,
  0x0841, 0x0841, 0x0861, 0x0020, 0x0020, 0x10A2, 0x18C3, 0x18C3, 0x2124, 0x2965, 0x2104, 0x0861,
  0x0841, 0x0000, 0x0000, 0x0000, 0x0000, 0x0020, 0x0861, 0x1082, 0x10A2, 0x2104, 0x18E3, 0x10A2,
  0x1082, 0x1082, 0x0020, 0x0000, 0x0020, 0x0020, 0x0861, 0x0861, 0x1082, 0x18E3, 0x10A2, 0x10A2,
  0x18C3, 0x18E3, 0x2104, 0x2965, 0x31A6, 0x39C7, 0x2945, 0x31A6, 0x39C7, 0x39E7, 0x3186, 0x2945,
  0x2104, 0x18E3, 0x2104, 0x18E3, 0x18E3, 0x2104, 0x10A2, 0x18C3, 0x2104, 0x2945, 0x2104, 0x10A2,
  0x1082, 0x10A2, 0x0861, 0x0000, 0x0000, 0x0000, 0x0000, 0x0000, 0x0000, 0x0000, 0x0000, 0x0000,
  0x0000, 0x0000, 0x0000, 0x2124, 0x2124, 0x2124, 0x18C3, 0x0841, 0x0000, 0x0000, 0x0000, 0x0000,
  0x0020, 0x0020, 0x0000, 0x0000, 0x0000, 0x0000, 0x0000, 0x0020, 0x10A2, 0x2965, 0x31A6, 0x2965,
  0x18E3, 0x0861, 0x0000, 0x0000, 0x0000, 0x0000, 0x0000, 0x0841, 0x0861, 0x0841, 0x0020, 0x0000,
  0x0000, 0x0000, 0x0000, 0x0000, 0x0000, 0x0000, 0x0000, 0x0000, 0x0000, 0x0000, 0x0000, 0x0000,
  0x0000, 0x0000, 0x0000, 0x0861, 0x1082, 0x0841, 0x0000, 0x0000, 0x0020, 0x0841, 0x0861, 0x18C3,
  0x18E3, 0x10A2, 0x1082, 0x0841, 0x0841, 0x0841, 0x0861, 0x10A2, 0x10A2, 0x1082, 0x0861, 0x0861,
  0x1082, 0x0841, 0x0861, 0x1082, 0x0841, 0x0841, 0x0861, 0x10A2, 0x10A2, 0x18C3, 0x1082, 0x0000,
  0x0000, 0x0000, 0x0000, 0x0000, 0x0000, 0x0000, 0x0020, 0x0841, 0x0000, 0x0020, 0x0861, 0x18C3,
  0x18E3, 0x18C3, 0x18E3, 0x18E3, 0x0861, 0x10A2, 0x10A2, 0x10A2, 0x10A2, 0x0861, 0x0000, 0x0020,
  0x0841, 0x0841, 0x1082, 0x18E3, 0x2965, 0x2124, 0x2124, 0x18C3, 0x18E3, 0x3186, 0x31A6, 0x3186,
  0x4208, 0x39C7, 0x2124, 0x18E3, 0x2104, 0x2104, 0x2124, 0x2104, 0x2104, 0x18E3, 0x2104, 0x18E3,
  0x2124, 0x2965, 0x31A6, 0x2124, 0x0000, 0x0000, 0x0000, 0x0000, 0x0000, 0x0000, 0x0000, 0x0000,
  0x0000, 0x0000, 0x0000, 0x0000, 0x18C3, 0x10A2, 0x0020, 0x0000, 0x0000, 0x0841, 0x10A2, 0x18E3,
  0x18E3, 0x2104, 0x2104, 0x2104, 0x10A2, 0x0020, 0x0000, 0x0000, 0x0000, 0x0000, 0x0000, 0x0000,
  0x0000, 0x0000, 0x0841, 0x0861, 0x0861, 0x0861, 0x0841, 0x0020, 0x0841, 0x18C3, 0x18E3, 0x2945,
  0x2965, 0x2945, 0x2104, 0x18C3, 0x18C3, 0x1082, 0x0000, 0x0000, 0x0000, 0x0000, 0x0000, 0x0000,
  0x0000, 0x0000, 0x0000, 0x0000, 0x0000, 0x0000, 0x0000, 0x0000, 0x0000, 0x0000, 0x0000, 0x0000,
  0x0000, 0x0841, 0x0861, 0x0841, 0x0841, 0x0861, 0x1082, 0x10A2, 0x1082, 0x10A2, 0x10A2, 0x0841,
  0x0861, 0x1082, 0x0861, 0x0861, 0x0861, 0x0841, 0x0020, 0x0020, 0x0020, 0x0000, 0x0000, 0x0000,
  0x0000, 0x0000, 0x0000, 0x0000, 0x0000, 0x0000, 0x0000, 0x0000, 0x0841, 0x0861, 0x0000, 0x0000,
  0x0000, 0x0020, 0x18C3, 0x2124, 0x2965, 0x2124, 0x2965, 0x2945, 0x18C3, 0x1082, 0x1082, 0x0861,
  0x0000, 0x0000, 0x0861, 0x0841, 0x0861, 0x2104, 0x2104, 0x2945, 0x2965, 0x31A6, 0x4228, 0x4208,
  0x31A6, 0x4A49, 0x528A, 0x39E7, 0x2945, 0x2124, 0x18C3, 0x18C3, 0x2104, 0x2124, 0x2104, 0x10A2,
  0x18C3, 0x2965, 0x3186, 0x2965, 0x2965, 0x0841, 0x0000, 0x0000, 0x0000, 0x0000, 0x0000, 0x0000,
  0x0000, 0x0000, 0x0000, 0x0000, 0x0000, 0x18E3, 0x10A2, 0x0861, 0x10A2, 0x1082, 0x2124, 0x39C7,
  0x39C7, 0x39E7, 0x39C7, 0x2965, 0x2104, 0x18C3, 0x1082, 0x18E3, 0x2124, 0x2124, 0x2945, 0x18C3,
  0x10A2, 0x18C3, 0x10A2, 0x18E3, 0x3186, 0x4A49, 0x5ACB, 0x6B6D, 0x8410, 0x8C51, 0x7BCF, 0x738E,
  0x8C51, 0x8C71, 0x9492, 0xA514, 0x94B2, 0x8410, 0x7BEF, 0x632C, 0x4A69, 0x4208, 0x39C7, 0x2965,
  0x18C3, 0x0861, 0x0841, 0x0020, 0x0000, 0x0000, 0x0000, 0x0000, 0x0000, 0x0000, 0x0000, 0x0000,
  0x0000, 0x0000, 0x0000, 0x0000, 0x0000, 0x0841, 0x10A2, 0x18E3, 0x10A2, 0x0841, 0x0861, 0x10A2,
  0x1082, 0x1082, 0x1082, 0x0841, 0x0000, 0x0000, 0x0000, 0x0000, 0x0000, 0x0000, 0x0000, 0x0000,
  0x0000, 0x0000, 0x0000, 0x0000, 0x18C3, 0x4A69, 0x8410, 0xA514, 0xAD55, 0xB5B6, 0x9492, 0x31A6,
  0x0020, 0x0000, 0x0000, 0x1082, 0x18C3, 0x2104, 0x2104, 0x2104, 0x18E3, 0x18C3, 0x1082, 0x1082,
  0x18C3, 0x1082, 0x0020, 0x0000, 0x0000, 0x0000, 0x0861, 0x18C3, 0x2104, 0x2945, 0x3186, 0x4A49,
  0x528A, 0x4208, 0x4228, 0x4A49, 0x4A49, 0x4228, 0x39E7, 0x2124, 0x18C3, 0x1082, 0x18C3, 0x18E3,
  0x18C3, 0x18C3, 0x18E3, 0x18E3, 0x2124, 0x31A6, 0x18E3, 0x0000, 0x0000, 0x0000, 0x0000, 0x0000,
  0x0000, 0x0000, 0x0000, 0x0000, 0x0000, 0x0000, 0x2104, 0x10A2, 0x18C3, 0x2104, 0x2965, 0x39C7,
  0x31A6, 0x2945, 0x2104, 0x2104, 0x2945, 0x39C7, 0x528A, 0x52AA, 0x5ACB, 0x630C, 0x5AEB, 0x4A69,
  0x4A69, 0x52AA, 0x5ACB, 0x5ACB, 0x6B4D, 0x7BEF, 0x8430, 0x9492, 0xA534, 0xB596, 0xBDF7, 0xC638,
  0xC638, 0xCE59, 0xBDF7, 0xAD55, 0xB596, 0xC638, 0xC618, 0xC638, 0xD69A, 0xDEDB, 0xD6BA, 0xBDF7,
  0xC638, 0xC618, 0xB5B6, 0xAD55, 0x94B2, 0x8410, 0x738E, 0x5AEB, 0x4228, 0x2965, 0x2104, 0x1082,
  0x0020, 0x0000, 0x0000, 0x0000, 0x0000, 0x0000, 0x0000, 0x0000, 0x0841, 0x0861, 0x0020, 0x0000,
  0x0000, 0x0020, 0x0000, 0x0000, 0x0000, 0x0000, 0x0000, 0x0000, 0x0000, 0x0000, 0x0000, 0x0000,
  0x0000, 0x0000, 0x10A2, 0x4208, 0x8430, 0xC618, 0xE71C, 0xEF5D, 0xDEDB, 0xAD75, 0x8C51, 0x73AE,
  0x52AA, 0x2945, 0x0000, 0x0000, 0x0000, 0x0020, 0x0841, 0x10A2, 0x18C3, 0x18C3, 0x18C3, 0x1082,
  0x0841, 0x1082, 0x18C3, 0x0861, 0x0841, 0x0020, 0x0000, 0x0000, 0x0000, 0x0020, 0x0000, 0x0000,
  0x1082, 0x3186, 0x4208, 0x4228, 0x39E7, 0x39C7, 0x4208, 0x4A69, 0x4228, 0x3186, 0x2104, 0x2104,
  0x2124, 0x2104, 0x2104, 0x2104, 0x2104, 0x2124, 0x2965, 0x2945, 0x0000, 0x0000, 0x0000, 0x0000,
  0x0000, 0x0000, 0x0000, 0x0000, 0x0000, 0x0000, 0x0000, 0x1082, 0x0841, 0x0861, 0x18E3, 0x2945,
  0x2965, 0x2104, 0x18E3, 0x2965, 0x39E7, 0x4A69, 0x528A, 0x6B4D, 0x738E, 0x632C, 0x5AEB, 0x5ACB,
  0x5AEB, 0x632C, 0x6B6D, 0x7BCF, 0x8430, 0x9492, 0x9492, 0x7BEF, 0x6B4D, 0x632C, 0x4A69, 0x39C7,
  0x31A6, 0x39C7, 0x39E7, 0x4A49, 0x4A69, 0x4A69, 0x4A69, 0x52AA, 0x6B4D, 0x8410, 0x9CD3, 0xA534,
  0x9CD3, 0x9492, 0x9CF3, 0xAD55, 0xBDD7, 0xBDF7, 0xBDF7, 0xC638, 0xD6BA, 0xDEDB, 0xD69A, 0xC618,
  0x9CD3, 0x73AE, 0x52AA, 0x3186, 0x10A2, 0x0861, 0x0020, 0x0000, 0x0000, 0x0000, 0x0000, 0x0000,
  0x0000, 0x0000, 0x0000, 0x0000, 0x0000, 0x0000, 0x0000, 0x0000, 0x0000, 0x0000, 0x0000, 0x0000,
  0x1082, 0x39C7, 0x6B6D, 0xAD55, 0xD69A, 0xD6BA, 0xAD55, 0x73AE, 0x6B4D, 0x632C, 0x528A, 0x528A,
  0x5AEB, 0x632C, 0x4A49, 0x1082, 0x0000, 0x0000, 0x0000, 0x0000, 0x0000, 0x0861, 0x0861, 0x1082,
  0x0861, 0x0861, 0x0861, 0x0861, 0x0861, 0x10A2, 0x0861, 0x0020, 0x0000, 0x0000, 0x0000, 0x0020,
  0x0020, 0x0000, 0x0841, 0x2104, 0x4208, 0x528A, 0x4A69, 0x39E7, 0x4A49, 0x4A49, 0x39E7, 0x4228,
  0x3186, 0x18E3, 0x18C3, 0x18C3, 0x2104, 0x2124, 0x2104, 0x2104, 0x2104, 0x0841, 0x0000, 0x0000,
  0x0000, 0x0000, 0x0000, 0x0000, 0x0000, 0x0000, 0x0000, 0x0000, 0x2124, 0x2945, 0x3186, 0x4208,
  0x39E7, 0x39C7, 0x4228, 0x528A, 0x6B4D, 0x6B4D, 0x632C, 0x630C, 0x630C, 0x630C, 0x5ACB, 0x5ACB,
  0x6B6D, 0x8410, 0x8410, 0x8C51, 0x8C71, 0x8C51, 0x738E, 0x52AA, 0x4A49, 0x3186, 0x2945, 0x2104,
  0x10A2, 0x0841, 0x0000, 0x0841, 0x18C3, 0x10A2, 0x0841, 0x0000, 0x0000, 0x0841, 0x0861, 0x18E3,
  0x4208, 0x632C, 0x6B6D, 0x738E, 0x6B4D, 0x5AEB, 0x630C, 0x6B6D, 0x738E, 0x7BCF, 0x73AE, 0x7BCF,
  0x9492, 0xAD55, 0xB5B6, 0xCE59, 0xC618, 0x9CF3, 0x8410, 0x5AEB, 0x31A6, 0x2104, 0x18C3, 0x1082,
  0x0861, 0x0020, 0x0000, 0x0000, 0x0000, 0x0000, 0x0000, 0x0000, 0x0000, 0x0000, 0x1082, 0x31A6,
  0x738E, 0x9CD3, 0xAD55, 0xB5B6, 0xB5B6, 0x9CD3, 0x7BEF, 0x6B4D, 0x4A49, 0x4228, 0x630C, 0x7BCF,
  0x8410, 0x7BEF, 0x7BCF, 0x630C, 0x2965, 0x0020, 0x0000, 0x0000, 0x0000, 0x0000, 0x0020, 0x1082,
  0x1082, 0x1082, 0x1082, 0x1082, 0x1082, 0x0861, 0x0841, 0x0841, 0x0841, 0x0841, 0x0020, 0x0000,
  0x0020, 0x0000, 0x0000, 0x0000, 0x0000, 0x0861, 0x2124, 0x39C7, 0x4228, 0x4A69, 0x39E7, 0x3186,
  0x2965, 0x2945, 0x2104, 0x18E3, 0x18E3, 0x18E3, 0x18E3, 0x2104, 0x2104, 0x2124, 0x18E3, 0x0000,
  0x0000, 0x0000, 0x0000, 0x0000, 0x0000, 0x0000, 0x0000, 0x0000, 0x0000, 0x4A69, 0x4A69, 0x52AA,
  0x5AEB, 0x5ACB, 0x5ACB, 0x6B4D, 0x6B6D, 0x6B6D, 0x6B4D, 0x630C, 0x6B4D, 0x73AE, 0x7BCF, 0x9492,
  0xA514, 0x9CD3, 0x8C71, 0x8C71, 0x8C71, 0x8C51, 0x7BEF, 0x8410, 0x94B2, 0xBDD7, 0xC638, 0xC618,
  0xBDF7, 0xC618, 0xBDF7, 0xBDD7, 0xAD55, 0x9492, 0x7BCF, 0x5AEB, 0x4A49, 0x3186, 0x10A2, 0x0020,
  0x0000, 0x0000, 0x1082, 0x2965, 0x39E7, 0x4A49, 0x5ACB, 0x52AA, 0x4A69, 0x4228, 0x4A49, 0x52AA,
  0x5AEB, 0x632C, 0x630C, 0x6B6D, 0x8430, 0x9CD3, 0x9492, 0x738E, 0x6B6D, 0x630C, 0x4208, 0x2965,
  0x18C3, 0x0020, 0x0000, 0x0000, 0x0000, 0x0000, 0x0000, 0x0000, 0x0000, 0x1082, 0x2945, 0x4A49,
  0x6B4D, 0x738E, 0x738E, 0x7BEF, 0x9492, 0x9CD3, 0x9492, 0x8C71, 0x8C71, 0x8410, 0x8410, 0x9492,
  0xA514, 0xA514, 0x94B2, 0x8410, 0x7BCF, 0x5AEB, 0x3186, 0x2124, 0x18C3, 0x0020, 0x0000, 0x0020,
  0x0841, 0x0020, 0x0020, 0x0020, 0x0000, 0x0841, 0x0020, 0x0000, 0x0020, 0x0020, 0x0020, 0x0000,
  0x0000, 0x0000, 0x0000, 0x0000, 0x0000, 0x0000, 0x0000, 0x0000, 0x0020, 0x18C3, 0x3186, 0x31A6,
  0x2124, 0x2124, 0x2945, 0x2104, 0x2104, 0x2945, 0x2965, 0x2124, 0x2104, 0x2104, 0x2945, 0x2945,
  0x0000, 0x0000, 0x0000, 0x0000, 0x0000, 0x0000, 0x0000, 0x0000, 0x0000, 0x0000, 0x6B6D, 0x738E,
  0x6B6D, 0x632C, 0x5AEB, 0x630C, 0x630C, 0x5AEB, 0x5ACB, 0x630C, 0x73AE, 0x8C71, 0x94B2, 0x9CD3,
  0x9CD3, 0x94B2, 0x94B2, 0x9CD3, 0x9CF3, 0xA514, 0xA534, 0xB596, 0xCE59, 0xDEFB, 0xE71C, 0xE73C,
  0xEF7D, 0xFFDF, 0xFFFF, 0xFFFF, 0xFFFF, 0xFFFF, 0xFFFF, 0xFFFF, 0xFFDF, 0xEF5D, 0xD6BA, 0xC638,
  0xAD55, 0x7BCF, 0x4228, 0x18C3, 0x0020, 0x0000, 0x10A2, 0x31A6, 0x528A, 0x630C, 0x5ACB, 0x5ACB,
  0x632C, 0x6B4D, 0x5ACB, 0x4A49, 0x39E7, 0x39E7, 0x39E7, 0x39C7, 0x5ACB, 0x73AE, 0x8C51, 0x8C51,
  0x8430, 0x6B6D, 0x52AA, 0x4228, 0x39E7, 0x4208, 0x4A49, 0x4228, 0x4228, 0x528A, 0x632C, 0x6B4D,
  0x632C, 0x6B6D, 0x6B4D, 0x9492, 0xBDD7, 0xBDD7, 0xAD55, 0xAD75, 0xAD55, 0xA534, 0xAD55, 0xBDD7,
  0xC638, 0xAD55, 0xAD75, 0xCE79, 0xDEFB, 0xD6BA, 0xA534, 0x632C, 0x31A6, 0x10A2, 0x0841, 0x0000,
  0x0000, 0x0000, 0x0000, 0x0000, 0x0000, 0x0000, 0x0000, 0x0000, 0x0000, 0x0000, 0x0000, 0x0000,
  0x0000, 0x0000, 0x0000, 0x0000, 0x0000, 0x0000, 0x0000, 0x0000, 0x0000, 0x0000, 0x0000, 0x1082,
  0x2104, 0x2124, 0x2965, 0x2965, 0x2104, 0x2945, 0x2965, 0x2104, 0x2104, 0x2124, 0x2945, 0x2965,
  0x2945, 0x1082, 0x0000, 0x0000, 0x0000, 0x0000, 0x0000, 0x0000, 0x0000, 0x0000, 0x0000, 0x6B6D,
  0x630C, 0x5AEB, 0x5AEB, 0x630C, 0x6B4D, 0x738E, 0x8410, 0x8C51, 0x94B2, 0xA514, 0xA514, 0x8C51,
  0x8410, 0x7BCF, 0x73AE, 0x8C51, 0xA534, 0xB596, 0xBDF7, 0xCE79, 0xDEDB, 0xD6BA, 0xCE59, 0xCE59,
  0xDEDB, 0xE73C, 0xE73C, 0xE73C, 0xEF5D, 0xEF5D, 0xE71C, 0xE73C, 0xEF7D, 0xF7BE, 0xFFFF, 0xFFFF,
  0xFFFF, 0xFFFF, 0xFFFF, 0xEF7D, 0xD6BA, 0xAD75, 0x8430, 0x5AEB, 0x4A69, 0x5ACB, 0x6B4D, 0x632C,
  0x52AA, 0x528A, 0x4208, 0x4228, 0x4208, 0x39E7, 0x4208, 0x4A69, 0x5ACB, 0x738E, 0x8410, 0x94B2,
  0x9CF3, 0x9CD3, 0x94B2, 0xA514, 0xBDF7, 0xCE79, 0xCE79, 0xC618, 0xC618, 0xC618, 0xB596, 0x9CD3,
  0x9CD3, 0xBDF7, 0xDEDB, 0xE73C, 0xE73C, 0xCE59, 0xAD75, 0xB596, 0xB596, 0x8C51, 0x7BCF, 0x8410,
  0x8410, 0x6B6D, 0x528A, 0x6B6D, 0x9492, 0x8C71, 0x7BCF, 0x52AA, 0x2124, 0x0841, 0x0000, 0x0000,
  0x0000, 0x0000, 0x0000, 0x0000, 0x0000, 0x0000, 0x0000, 0x0000, 0x0000, 0x0000, 0x0000, 0x0000,
  0x0000, 0x0841, 0x0841, 0x0000, 0x0000, 0x0000, 0x0000, 0x0000, 0x0000, 0x0000, 0x0000, 0x0000,
  0x0000, 0x0020, 0x18C3, 0x2124, 0x2124, 0x18E3, 0x2124, 0x18E3, 0x1082, 0x2104, 0x39C7, 0x39C7,
  0x39C7, 0x39C7, 0x2104, 0x0000, 0x0000, 0x0000, 0x0000, 0x0000, 0x0000, 0x0000, 0x0000, 0x0000,
  0x5ACB, 0x52AA, 0x4A49, 0x528A, 0x5ACB, 0x738E, 0x9492, 0x94B2, 0x9CD3, 0x9CD3, 0x9492, 0x8410,
  0x7BEF, 0x7BEF, 0x8430, 0xA514, 0xBDF7, 0xC638, 0xC618, 0xC638, 0xC638, 0xC638, 0xC618, 0xC638,
  0xCE59, 0xC638, 0xC618, 0xC638, 0xC618, 0xB5B6, 0xB5B6, 0xBDF7, 0xC618, 0xC638, 0xCE59, 0xD69A,
  0xDEDB, 0xE73C, 0xEF7D, 0xF79E, 0xF79E, 0xFFFF, 0xFFFF, 0xFFFF, 0xE71C, 0xAD75, 0x8C51, 0x7BCF,
  0x8430, 0x8410, 0x7BCF, 0x632C, 0x5AEB, 0x52AA, 0x4208, 0x4228, 0x4A49, 0x4A49, 0x4A49, 0x4228,
  0x4A69, 0x528A, 0x52AA, 0x5AEB, 0x632C, 0x6B6D, 0x738E, 0x7BCF, 0x8C51, 0xA514, 0xBDD7, 0xBDF7,
  0xC618, 0xEF7D, 0xFFFF, 0xFFFF, 0xEF5D, 0xD69A, 0xBDD7, 0xAD75, 0xA534, 0x9492, 0x6B4D, 0x528A,
  0x39E7, 0x39C7, 0x31A6, 0x528A, 0x7BEF, 0x8C71, 0x8410, 0x6B4D, 0x528A, 0x3186, 0x0841, 0x0000,
  0x0000, 0x0861, 0x1082, 0x0861, 0x0841, 0x0861, 0x1082, 0x0000, 0x0000, 0x0000, 0x0000, 0x1082,
  0x0861, 0x1082, 0x2104, 0x10A2, 0x0841, 0x1082, 0x10A2, 0x0861, 0x0000, 0x0000, 0x0020, 0x0000,
  0x0000, 0x0000, 0x0000, 0x0000, 0x0841, 0x10A2, 0x10A2, 0x10A2, 0x10A2, 0x18E3, 0x2945, 0x3186,
  0x31A6, 0x39C7, 0x31A6, 0x2945, 0x0020, 0x0000, 0x0000, 0x0000, 0x0000, 0x0000, 0x0000, 0x0000,
  0x0000, 0x4A69, 0x4A69, 0x52AA, 0x5AEB, 0x73AE, 0x8C71, 0x8C51, 0x7BCF, 0x7BCF, 0x73AE, 0x73AE,
  0x8430, 0x9CF3, 0xAD75, 0xBDF7, 0xD6BA, 0xD6BA, 0xCE79, 0xCE59, 0xCE59, 0xC618, 0xBDF7, 0xBDD7,
  0x9CF3, 0x8410, 0x6B4D, 0x52AA, 0x4A49, 0x528A, 0x5AEB, 0x6B6D, 0x7BEF, 0x8430, 0x9492, 0x9CD3,
  0x94B2, 0x9492, 0x9492, 0x8C71, 0x9CF3, 0xAD75, 0xC618, 0xDEDB, 0xDEFB, 0xE73C, 0xEF5D, 0xDEFB,
  0xBDF7, 0xAD75, 0xAD55, 0xA534, 0x9492, 0x8430, 0x73AE, 0x5AEB, 0x52AA, 0x52AA, 0x52AA, 0x52AA,
  0x528A, 0x4A69, 0x5ACB, 0x6B4D, 0x6B6D, 0x6B4D, 0x630C, 0x632C, 0x6B6D, 0x7BEF, 0x8C71, 0xB596,
  0xCE79, 0xE73C, 0xF79E, 0xEF5D, 0xDEDB, 0xBDD7, 0x9492, 0x8430, 0x6B6D, 0x630C, 0x6B4D, 0x738E,
  0x632C, 0x4A49, 0x39E7, 0x630C, 0xA514, 0xC638, 0xDEFB, 0xF79E, 0xE73C, 0xCE79, 0xA514, 0x8430,
  0x8C71, 0xA534, 0xC618, 0xC618, 0xBDD7, 0xB596, 0xBDD7, 0xC618, 0x9CF3, 0x8410, 0x8C51, 0x738E,
  0x528A, 0x4A49, 0x4208, 0x2965, 0x10A2, 0x1082, 0x0861, 0x0861, 0x0861, 0x0020, 0x0000, 0x0000,
  0x0000, 0x0000, 0x0020, 0x0000, 0x0000, 0x0000, 0x0861, 0x18C3, 0x10A2, 0x10A2, 0x10A2, 0x10A2,
  0x2945, 0x31A6, 0x3186, 0x2124, 0x31A6, 0x2104, 0x0000, 0x0000, 0x0000, 0x0000, 0x0000, 0x0000,
  0x0000, 0x0000, 0x4A49, 0x4228, 0x528A, 0x6B6D, 0x8430, 0x9492, 0x8C51, 0x73AE, 0x7BEF, 0x8C71,
  0x9CF3, 0xB5B6, 0xB5B6, 0xBDF7, 0xC638, 0xCE59, 0xC618, 0xBDD7, 0xB5B6, 0xAD75, 0xA534, 0x94B2,
  0x8430, 0x738E, 0x632C, 0x630C, 0x630C, 0x5AEB, 0x4A49, 0x31A6, 0x3186, 0x3186, 0x3186, 0x31A6,
  0x39E7, 0x4A69, 0x5ACB, 0x630C, 0x6B6D, 0x7BEF, 0x8430, 0x9CD3, 0xAD75, 0xBDD7, 0xC618, 0xDEDB,
  0xEF5D, 0xDEFB, 0xC638, 0xBDD7, 0xA534, 0x9CD3, 0x9492, 0x9492, 0x8C71, 0x7BEF, 0x6B4D, 0x5AEB,
  0x632C, 0x73AE, 0x7BCF, 0x73AE, 0x7BEF, 0x738E, 0x73AE, 0x8410, 0x8430, 0x94B2, 0xB596, 0xD6BA,
  0xF79E, 0xFFFF, 0xEF5D, 0xCE59, 0xAD75, 0x8410, 0x52AA, 0x4228, 0x528A, 0x528A, 0x5ACB, 0x6B4D,
  0x6B4D, 0x5AEB, 0x5AEB, 0x5ACB, 0x5AEB, 0x630C, 0x5AEB, 0x8410, 0xB5B6, 0xDEDB, 0xE73C, 0xFFDF,
  0xFFFF, 0xFFFF, 0xFFFF, 0xFFFF, 0xFFDF, 0xF7BE, 0xEF7D, 0xE73C, 0xEF5D, 0xF79E, 0xF7BE, 0xD6BA,
  0x7BCF, 0x39E7, 0x2945, 0x18C3, 0x10A2, 0x0861, 0x0841, 0x0020, 0x0020, 0x0020, 0x0020, 0x0000,
  0x0020, 0x0000, 0x0000, 0x0020, 0x0020, 0x0000, 0x0000, 0x0000, 0x0841, 0x0861, 0x0861, 0x0861,
  0x1082, 0x2945, 0x39C7, 0x39C7, 0x3186, 0x39C7, 0x2945, 0x0000, 0x0000, 0x0000, 0x0000, 0x0000,
  0x0000, 0x0000, 0x0000, 0x5ACB, 0x5AEB, 0x738E, 0x8C71, 0x9CD3, 0x9492, 0x8C71, 0x8C71, 0x9CF3,
  0xB5B6, 0xBDD7, 0xBDD7, 0xBDF7, 0xC638, 0xC638, 0xB5B6, 0xA514, 0x9CD3, 0x9492, 0x7BEF, 0x738E,
  0x630C, 0x5ACB, 0x5ACB, 0x630C, 0x6B4D, 0x632C, 0x52AA, 0x528A, 0x4A49, 0x4208, 0x31A6, 0x31A6,
  0x39E7, 0x4228, 0x528A, 0x630C, 0x73AE, 0x8410, 0x8C51, 0x8C71, 0x9492, 0x9CD3, 0xA534, 0xAD75,
  0xC638, 0xDEDB, 0xDEDB, 0xDEFB, 0xE73C, 0xE71C, 0xE71C, 0xDEDB, 0xC638, 0xB596, 0x94B2, 0x8410,
  0x738E, 0x5AEB, 0x52AA, 0x630C, 0x738E, 0x7BEF, 0x8410, 0x9CD3, 0xA534, 0xB596, 0xDEFB, 0xFFFF,
  0xFFFF, 0xFFFF, 0xDEFB, 0xAD75, 0x94B2, 0x6B6D, 0x4A69, 0x4A49, 0x5ACB, 0x5ACB, 0x630C, 0x6B4D,
  0x6B6D, 0x630C, 0x5ACB, 0x630C, 0x5ACB, 0x4228, 0x4208, 0x31A6, 0x3186, 0x52AA, 0x8410, 0xA534,
  0xC638, 0xCE59, 0xC618, 0xB596, 0x9CF3, 0x9492, 0x94B2, 0xA514, 0xA514, 0x94B2, 0x94B2, 0x9492,
  0x632C, 0x4228, 0x39C7, 0x18E3, 0x0020, 0x0861, 0x1082, 0x0861, 0x0841, 0x0841, 0x0841, 0x0861,
  0x0841, 0x0020, 0x0000, 0x0000, 0x0000, 0x0020, 0x0020, 0x0000, 0x0000, 0x0000, 0x0020, 0x0000,
  0x0020, 0x0020, 0x10A2, 0x2965, 0x3186, 0x39C7, 0x31A6, 0x3186, 0x0861, 0x0000, 0x0000, 0x0000,
  0x0000, 0x0000, 0x0000, 0x0000, 0x73AE, 0x632C, 0x7BEF, 0x9CD3, 0xAD55, 0xA514, 0x9CD3, 0xAD75,
  0xBDF7, 0xC618, 0xC618, 0xC638, 0xC618, 0xBDD7, 0xB596, 0x9CD3, 0x8410, 0x73AE, 0x632C, 0x52AA,
  0x4A49, 0x39E7, 0x4228, 0x4A49, 0x4A49, 0x4228, 0x39E7, 0x4208, 0x4228, 0x4A49, 0x528A, 0x4A69,
  0x4A49, 0x4228, 0x4228, 0x528A, 0x5ACB, 0x632C, 0x7BCF, 0x8C51, 0x9492, 0x94B2, 0xA514, 0xAD55,
  0xA534, 0xAD55, 0xC618, 0xD69A, 0xDEDB, 0xE73C, 0xF79E, 0xFFDF, 0xFFFF, 0xFFDF, 0xF7BE, 0xF7BE,
  0xF79E, 0xF79E, 0xE71C, 0xCE59, 0xB596, 0xB5B6, 0xB5B6, 0xAD75, 0xBDF7, 0xD6BA, 0xF7BE, 0xFFFF,
  0xEF7D, 0xDEFB, 0xCE59, 0xA514, 0x7BEF, 0x5AEB, 0x4208, 0x4228, 0x52AA, 0x5ACB, 0x4A69, 0x52AA,
  0x6B6D, 0x73AE, 0x6B6D, 0x52AA, 0x52AA, 0x5AEB, 0x5AEB, 0x630C, 0x52AA, 0x4A69, 0x4A49, 0x4208,
  0x5ACB, 0x7BCF, 0x73AE, 0x630C, 0x630C, 0x6B4D, 0x6B4D, 0x632C, 0x528A, 0x39C7, 0x4228, 0x632C,
  0x73AE, 0x73AE, 0x6B6D, 0x630C, 0x3186, 0x0861, 0x0861, 0x1082, 0x0861, 0x0020, 0x0000, 0x0020,
  0x0841, 0x0861, 0x0841, 0x0020, 0x0000, 0x0000, 0x0000, 0x0000, 0x0000, 0x0000, 0x0000, 0x0000,
  0x0000, 0x0000, 0x0000, 0x0000, 0x0020, 0x18C3, 0x2945, 0x3186, 0x4A69, 0x3186, 0x0000, 0x0000,
  0x0000, 0x0000, 0x0000, 0x0000, 0x0000, 0x7BCF, 0x738E, 0x8430, 0x94B2, 0x94B2, 0x94B2, 0x9CD3,
  0xA534, 0xAD75, 0xAD55, 0x9CF3, 0x94B2, 0x8C51, 0x738E, 0x632C, 0x5ACB, 0x52AA, 0x52AA, 0x4A49,
  0x39E7, 0x4208, 0x4228, 0x4A49, 0x39E7, 0x39C7, 0x31A6, 0x3186, 0x31A6, 0x31A6, 0x31A6, 0x39E7,
  0x39C7, 0x39C7, 0x39C7, 0x3186, 0x2945, 0x2945, 0x2945, 0x31A6, 0x4A49, 0x630C, 0x73AE, 0x8430,
  0x94B2, 0xAD55, 0xA514, 0x94B2, 0x94B2, 0xA514, 0xB5B6, 0xC638, 0xD69A, 0xE71C, 0xFFDF, 0xFFFF,
  0xFFFF, 0xFFFF, 0xFFFF, 0xFFDF, 0xFFFF, 0xEF7D, 0xCE59, 0xB5B6, 0xBDF7, 0xCE79, 0xEF5D, 0xF7BE,
  0xE71C, 0xCE79, 0xBDD7, 0xA514, 0x73AE, 0x4A49, 0x4228, 0x4A49, 0x4A69, 0x5AEB, 0x52AA, 0x5ACB,
  0x6B6D, 0x738E, 0x6B6D, 0x632C, 0x630C, 0x632C, 0x73AE, 0x8410, 0x632C, 0x4A49, 0x4A49, 0x39E7,
  0x3186, 0x3186, 0x3186, 0x39C7, 0x528A, 0x630C, 0x630C, 0x5AEB, 0x632C, 0x630C, 0x52AA, 0x528A,
  0x4A69, 0x4228, 0x528A, 0x6B6D, 0x6B6D, 0x39C7, 0x18E3, 0x2104, 0x18C3, 0x0020, 0x0000, 0x0020,
  0x0000, 0x0000, 0x0000, 0x0000, 0x0020, 0x0841, 0x0000, 0x0000, 0x0000, 0x0000, 0x0000, 0x0000,
  0x0000, 0x0000, 0x0000, 0x0000, 0x0000, 0x0000, 0x0000, 0x0020, 0x0861, 0x10A2, 0x2104, 0x0000,
  0x0000, 0x0000, 0x0000, 0x0000, 0x0000, 0x0000, 0x632C, 0x738E, 0x8C51, 0x94B2, 0xA514, 0xB5B6,
  0xBDF7, 0xBDD7, 0xAD75, 0x9CD3, 0x8430, 0x738E, 0x632C, 0x52AA, 0x52AA, 0x528A, 0x39E7, 0x3186,
  0x3186, 0x2965, 0x31A6, 0x39C7, 0x39E7, 0x31A6, 0x3186, 0x39C7, 0x39E7, 0x31A6, 0x39C7, 0x4A49,
  0x528A, 0x4228, 0x4208, 0x4228, 0x4208, 0x39C7, 0x2965, 0x2124, 0x18E3, 0x18E3, 0x2965, 0x4208,
  0x52AA, 0x6B4D, 0x7BEF, 0x9492, 0x9CD3, 0x9492, 0x8430, 0x8430, 0x8C51, 0x8C71, 0x9492, 0x9CD3,
  0xAD55, 0xBDD7, 0xCE59, 0xD6BA, 0xD69A, 0xDEDB, 0xE73C, 0xEF5D, 0xEF7D, 0xEF7D, 0xF7BE, 0xF7BE,
  0xDEFB, 0xBDF7, 0xA534, 0x7BEF, 0x528A, 0x31A6, 0x39C7, 0x4A49, 0x52AA, 0x52AA, 0x52AA, 0x5ACB,
  0x52AA, 0x5AEB, 0x630C, 0x5AEB, 0x5ACB, 0x4A69, 0x4228, 0x4A69, 0x52AA, 0x52AA, 0x4A49, 0x4A49,
  0x5ACB, 0x5ACB, 0x39C7, 0x31A6, 0x5ACB, 0x8430, 0x9CD3, 0x9492, 0x8410, 0x7BCF, 0x7BEF, 0x8410,
  0x7BEF, 0x5AEB, 0x39E7, 0x4228, 0x528A, 0x528A, 0x39E7, 0x18C3, 0x0000, 0x0000, 0x0841, 0x0841,
  0x0000, 0x0000, 0x0000, 0x0000, 0x0000, 0x0000, 0x0020, 0x0020, 0x0020, 0x0020, 0x0000, 0x0000,
  0x0000, 0x0000, 0x0000, 0x0000, 0x0000, 0x0000, 0x0000, 0x0000, 0x0000, 0x0000, 0x0000, 0x0020,
  0x0000, 0x0000, 0x0000, 0x0000, 0x0000, 0x0000, 0x0000, 0x6B6D, 0x8430, 0x9492, 0x9CF3, 0xA534,
  0xA534, 0x9CD3, 0x8C51, 0x73AE, 0x632C, 0x5ACB, 0x630C, 0x6B4D, 0x630C, 0x528A, 0x4228, 0x39C7,
  0x39C7, 0x39C7, 0x39E7, 0x4228, 0x4208, 0x31A6, 0x39C7, 0x39C7, 0x3186, 0x31A6, 0x39C7, 0x31A6,
  0x39C7, 0x4208, 0x4228, 0x4A69, 0x528A, 0x528A, 0x4A69, 0x4228, 0x4228, 0x39E7, 0x2124, 0x18C3,
  0x18E3, 0x2124, 0x31A6, 0x4208, 0x4A49, 0x6B6D, 0x9492, 0x9CD3, 0x8C71, 0x73AE, 0x632C, 0x6B4D,
  0x6B6D, 0x7BCF, 0x9492, 0xAD55, 0xBDD7, 0xDEDB, 0xDEDB, 0xDEFB, 0xEF5D, 0xE71C, 0xBDD7, 0xA514,
  0x8C71, 0x6B4D, 0x4A49, 0x31A6, 0x2965, 0x2945, 0x39C7, 0x4A69, 0x4A69, 0x39E7, 0x39E7, 0x4208,
  0x4A49, 0x528A, 0x52AA, 0x528A, 0x4228, 0x3186, 0x2104, 0x2945, 0x39E7, 0x4228, 0x4208, 0x4208,
  0x4208, 0x4208, 0x31A6, 0x39E7, 0x5ACB, 0x630C, 0x73AE, 0x9492, 0x94B2, 0x94B2, 0x9492, 0x8C51,
  0x8C71, 0x9492, 0x94B2, 0x9492, 0x94B2, 0x9492, 0x630C, 0x39E7, 0x2945, 0x0861, 0x0841, 0x1082,
  0x10A2, 0x10A2, 0x0841, 0x0861, 0x1082, 0x0020, 0x0000, 0x0000, 0x0000, 0x0000, 0x0841, 0x0841,
  0x0020, 0x0000, 0x0000, 0x0000, 0x0000, 0x0000, 0x0000, 0x0000, 0x0000, 0x0000, 0x0000, 0x0000,
  0x0000, 0x0000, 0x0000, 0x0000, 0x0000, 0x0000, 0x0000, 0x0000, 0x6B6D, 0x8430, 0x9CF3, 0xAD55,
  0xA514, 0x9492, 0x7BCF, 0x632C, 0x52AA, 0x528A, 0x528A, 0x528A, 0x4A69, 0x4A49, 0x39C7, 0x31A6,
  0x4208, 0x4228, 0x4228, 0x4A49, 0x4228, 0x39C7, 0x31A6, 0x2965, 0x2104, 0x2104, 0x2104, 0x18E3,
  0x2945, 0x2945, 0x2124, 0x2104, 0x2104, 0x2124, 0x31A6, 0x4208, 0x39E7, 0x39C7, 0x4208, 0x4228,
  0x39E7, 0x3186, 0x2945, 0x2945, 0x2965, 0x2124, 0x2104, 0x31A6, 0x528A, 0x73AE, 0x8C51, 0x8C71,
  0x9492, 0x8C71, 0x8430, 0x7BCF, 0x632C, 0x632C, 0x7BEF, 0x9492, 0x94B2, 0x8430, 0x6B4D, 0x528A,
  0x4208, 0x39C7, 0x31A6, 0x39E7, 0x4208, 0x4208, 0x4208, 0x4208, 0x3186, 0x18C3, 0x18C3, 0x2104,
  0x31A6, 0x4A49, 0x4A69, 0x4A49, 0x39E7, 0x39E7, 0x528A, 0x6B4D, 0x6B4D, 0x5ACB, 0x4208, 0x2965,
  0x2945, 0x18E3, 0x10A2, 0x18C3, 0x2104, 0x2965, 0x39C7, 0x6B6D, 0x8430, 0x7BCF, 0x8430, 0x9492,
  0x9CD3, 0xBDF7, 0xDEDB, 0xE71C, 0xD69A, 0xBDF7, 0x8C71, 0x52AA, 0x4A49, 0x4A49, 0x39E7, 0x2965,
  0x2945, 0x2965, 0x2104, 0x0861, 0x0020, 0x0861, 0x0861, 0x0020, 0x0000, 0x0000, 0x0000, 0x0000,
  0x0020, 0x0020, 0x0020, 0x0020, 0x0000, 0x0000, 0x0000, 0x0000, 0x0000, 0x0000, 0x0000, 0x0000,
  0x0000, 0x0000, 0x0000, 0x0000, 0x0000, 0x0000, 0x0000, 0x0000, 0x0000, 0x8410, 0x8C71, 0x9CD3,
  0x9492, 0x8C51, 0x7BEF, 0x6B6D, 0x632C, 0x632C, 0x630C, 0x73AE, 0x738E, 0x5ACB, 0x4A69, 0x4A49,
  0x4208, 0x528A, 0x4228, 0x39C7, 0x31A6, 0x2124, 0x18C3, 0x18C3, 0x1082, 0x1082, 0x2945, 0x2124,
  0x2104, 0x2965, 0x3186, 0x3186, 0x3186, 0x2945, 0x2124, 0x2124, 0x2124, 0x3186, 0x3186, 0x3186,
  0x39C7, 0x39E7, 0x39E7, 0x31A6, 0x31A6, 0x4228, 0x4A49, 0x39E7, 0x31A6, 0x31A6, 0x39E7, 0x4A49,
  0x4A69, 0x4A69, 0x4A69, 0x4A69, 0x4A69, 0x4208, 0x39C7, 0x39E7, 0x528A, 0x5ACB, 0x52AA, 0x5AEB,
  0x5ACB, 0x4A69, 0x4228, 0x4A69, 0x4A69, 0x4208, 0x31A6, 0x3186, 0x2124, 0x18C3, 0x2104, 0x39E7,
  0x4228, 0x52AA, 0x6B4D, 0x5AEB, 0x528A, 0x52AA, 0x6B4D, 0x7BCF, 0x738E, 0x5ACB, 0x4208, 0x2965,
  0x2945, 0x2104, 0x10A2, 0x10A2, 0x2124, 0x39E7, 0x5AEB, 0x8C71, 0xAD75, 0x9CF3, 0x8C71, 0x94B2,
  0x9492, 0x9CF3, 0xA514, 0xA514, 0x8C71, 0x738E, 0x5AEB, 0x5AEB, 0x738E, 0x8C51, 0x8430, 0x632C,
  0x4208, 0x18C3, 0x0861, 0x1082, 0x0000, 0x0000, 0x0000, 0x0020, 0x0020, 0x0020, 0x0000, 0x0000,
  0x0000, 0x0000, 0x0000, 0x0020, 0x0020, 0x0841, 0x0020, 0x0000, 0x0000, 0x0000, 0x0000, 0x0000,
  0x0000, 0x0000, 0x0000, 0x0000, 0x0000, 0x0000, 0x0000, 0x0000, 0x0000, 0x0000, 0x9CD3, 0x9CF3,
  0x94B2, 0x8430, 0x7BEF, 0x738E, 0x632C, 0x52AA, 0x528A, 0x528A, 0x6B6D, 0x9492, 0x8430, 0x528A,
  0x31A6, 0x39C7, 0x39C7, 0x2965, 0x2124, 0x18E3, 0x10A2, 0x0861, 0x10A2, 0x18C3, 0x18E3, 0x2945,
  0x2104, 0x2104, 0x2104, 0x18C3, 0x2945, 0x2965, 0x3186, 0x31A6, 0x3186, 0x2124, 0x2104, 0x2104,
  0x2104, 0x2124, 0x3186, 0x31A6, 0x2945, 0x2945, 0x2965, 0x3186, 0x31A6, 0x31A6, 0x31A6, 0x3186,
  0x2965, 0x3186, 0x4208, 0x4208, 0x4A69, 0x630C, 0x6B6D, 0x6B6D, 0x73AE, 0x8430, 0x8C51, 0x7BEF,
  0x738E, 0x632C, 0x5ACB, 0x52AA, 0x5ACB, 0x4A49, 0x3186, 0x2965, 0x2945, 0x2945, 0x31A6, 0x52AA,
  0x632C, 0x632C, 0x632C, 0x5AEB, 0x4A69, 0x4A69, 0x5AEB, 0x630C, 0x5ACB, 0x52AA, 0x4A49, 0x31A6,
  0x31A6, 0x52AA, 0x6B6D, 0x7BCF, 0x9492, 0xB5B6, 0xCE79, 0xD6BA, 0xDEDB, 0xC618, 0xAD55, 0xA514,
  0x8C71, 0x7BEF, 0x738E, 0x5AEB, 0x52AA, 0x52AA, 0x4A49, 0x4A69, 0x632C, 0x8410, 0x9492, 0x9492,
  0x8430, 0x6B4D, 0x39E7, 0x18E3, 0x18E3, 0x0841, 0x0000, 0x0000, 0x0020, 0x0861, 0x0020, 0x0000,
  0x0000, 0x0020, 0x0000, 0x0000, 0x0000, 0x0020, 0x0020, 0x0020, 0x0841, 0x0020, 0x0020, 0x0020,
  0x0020, 0x0020, 0x0000, 0x0020, 0x0000, 0x0000, 0x0000, 0x0000, 0x0000, 0x0000, 0x0000, 0xA514,
  0x9CD3, 0x8C71, 0x8430, 0x632C, 0x4A49, 0x4208, 0x4228, 0x4A49, 0x4A69, 0x4228, 0x528A, 0x52AA,
  0x39C7, 0x18C3, 0x2104, 0x2965, 0x2124, 0x18E3, 0x1082, 0x10A2, 0x18E3, 0x18C3, 0x18C3, 0x2104,
  0x2945, 0x2124, 0x2124, 0x18C3, 0x18C3, 0x18C3, 0x18C3, 0x18C3, 0x18C3, 0x2124, 0x3186, 0x2965,
  0x2945, 0x2124, 0x2124, 0x2124, 0x2124, 0x2965, 0x3186, 0x3186, 0x3186, 0x3186, 0x3186, 0x3186,
  0x2965, 0x31A6, 0x4208, 0x4228, 0x4A49, 0x4A49, 0x4A49, 0x528A, 0x4A49, 0x4208, 0x4A69, 0x5AEB,
  0x5ACB, 0x4228, 0x31A6, 0x3186, 0x3186, 0x2945, 0x2104, 0x2945, 0x3186, 0x39C7, 0x39E7, 0x4208,
  0x5ACB, 0x738E, 0x8410, 0x8410, 0x6B4D, 0x5ACB, 0x632C, 0x738E, 0x738E, 0x632C, 0x52AA, 0x4208,
  0x39C7, 0x528A, 0x7BCF, 0xA534, 0xBDF7, 0xD69A, 0xE71C, 0xF79E, 0xEF7D, 0xD6BA, 0xB5B6, 0x9CF3,
  0x8410, 0x6B4D, 0x6B6D, 0x738E, 0x738E, 0x73AE, 0x6B6D, 0x630C, 0x52AA, 0x630C, 0x738E, 0x8430,
  0x8C71, 0x8C71, 0x8C51, 0x6B4D, 0x39C7, 0x18C3, 0x0841, 0x0000, 0x0000, 0x0020, 0x0861, 0x0841,
  0x0000, 0x0000, 0x0000, 0x0020, 0x0000, 0x0000, 0x0000, 0x0020, 0x0020, 0x0020, 0x0000, 0x0020,
  0x0020, 0x0841, 0x0020, 0x0841, 0x0841, 0x0020, 0x0020, 0x0000, 0x0000, 0x0000, 0x0000, 0x0000,
  0x8C51, 0x73AE, 0x6B4D, 0x52AA, 0x39E7, 0x2945, 0x2965, 0x39E7, 0x4228, 0x4208, 0x3186, 0x2945,
  0x2124, 0x2945, 0x2104, 0x18C3, 0x2104, 0x2124, 0x2104, 0x1082, 0x18E3, 0x2104, 0x10A2, 0x18E3,
  0x2124, 0x2104, 0x2104, 0x2124, 0x2104, 0x18E3, 0x10A2, 0x18C3, 0x18E3, 0x18E3, 0x18E3, 0x2945,
  0x2965, 0x2965, 0x2945, 0x2965, 0x2965, 0x2945, 0x2945, 0x3186, 0x31A6, 0x39C7, 0x4228, 0x4208,
  0x39E7, 0x39C7, 0x4208, 0x39E7, 0x39C7, 0x4208, 0x4228, 0x39E7, 0x31A6, 0x31A6, 0x3186, 0x2104,
  0x18E3, 0x2104, 0x2945, 0x2965, 0x2965, 0x2945, 0x2945, 0x2965, 0x3186, 0x31A6, 0x39C7, 0x39C7,
  0x3186, 0x4228, 0x632C, 0x8410, 0x94B2, 0x7BCF, 0x5ACB, 0x5AEB, 0x6B6D, 0x7BEF, 0x738E, 0x528A,
  0x4208, 0x4A69, 0x738E, 0x8C71, 0xAD75, 0xD6BA, 0xEF5D, 0xF79E, 0xF7BE, 0xEF5D, 0xD69A, 0xAD75,
  0x7BCF, 0x5AEB, 0x5ACB, 0x5ACB, 0x738E, 0x8430, 0x9492, 0x8C51, 0x738E, 0x632C, 0x6B4D, 0x738E,
  0x73AE, 0x8410, 0x94B2, 0x9CF3, 0x9CD3, 0x6B4D, 0x2124, 0x0000, 0x0000, 0x0000, 0x0000, 0x0000,
  0x0000, 0x0000, 0x0000, 0x0000, 0x0020, 0x0020, 0x0000, 0x0000, 0x0000, 0x0000, 0x0000, 0x0020,
  0x0841, 0x0841, 0x0020, 0x0020, 0x0020, 0x0020, 0x0020, 0x0020, 0x0000, 0x0000, 0x0000, 0x0000,
  0x0000, 0x738E, 0x5AEB, 0x528A, 0x4208, 0x2965, 0x2945, 0x39C7, 0x4A49, 0x31A6, 0x2945, 0x2124,
  0x2104, 0x1082, 0x18E3, 0x2945, 0x2124, 0x18E3, 0x1082, 0x1082, 0x1082, 0x10A2, 0x18C3, 0x1082,
  0x10A2, 0x2104, 0x2104, 0x18C3, 0x2104, 0x2104, 0x18E3, 0x18E3, 0x18C3, 0x2104, 0x2124, 0x2104,
  0x2104, 0x2104, 0x2124, 0x2945, 0x2945, 0x2945, 0x2965, 0x2945, 0x2124, 0x2104, 0x2124, 0x2965,
  0x4208, 0x4228, 0x4208, 0x39E7, 0x39E7, 0x39E7, 0x3186, 0x3186, 0x39E7, 0x4228, 0x4A69, 0x4A69,
  0x4A49, 0x528A, 0x528A, 0x528A, 0x52AA, 0x4228, 0x39C7, 0x4208, 0x4228, 0x4A49, 0x4208, 0x4208,
  0x39C7, 0x39C7, 0x4A69, 0x630C, 0x738E, 0x8430, 0x8C51, 0x8410, 0x6B6D, 0x6B6D, 0x6B6D, 0x5AEB,
  0x52AA, 0x5ACB, 0x7BCF, 0xA514, 0xAD75, 0xAD55, 0xB5B6, 0xBDF7, 0xC638, 0xCE79, 0xCE79, 0xCE79,
  0xB5B6, 0x8C71, 0x7BCF, 0x6B4D, 0x632C, 0x738E, 0x8430, 0x8C71, 0x7BEF, 0x632C, 0x630C, 0x6B4D,
  0x738E, 0x6B6D, 0x8430, 0xA534, 0xA534, 0xAD55, 0x8C51, 0x4208, 0x0841, 0x0000, 0x0020, 0x0841,
  0x0000, 0x0000, 0x0020, 0x0000, 0x0000, 0x0000, 0x0020, 0x0000, 0x0000, 0x0000, 0x0000, 0x0000,
  0x0020, 0x0020, 0x0020, 0x0000, 0x0020, 0x0020, 0x0020, 0x0020, 0x0020, 0x0020, 0x0000, 0x0000,
  0x0000, 0x0000, 0x6B4D, 0x5ACB, 0x4208, 0x2965, 0x18E3, 0x2945, 0x31A6, 0x3186, 0x2945, 0x2124,
  0x18E3, 0x10A2, 0x1082, 0x10A2, 0x18C3, 0x10A2, 0x0841, 0x0020, 0x0841, 0x0861, 0x0841, 0x1082,
  0x10A2, 0x10A2, 0x10A2, 0x18C3, 0x10A2, 0x10A2, 0x18C3, 0x10A2, 0x18C3, 0x18C3, 0x18E3, 0x18E3,
  0x18C3, 0x18C3, 0x18C3, 0x2104, 0x2124, 0x2124, 0x2104, 0x2104, 0x2124, 0x2104, 0x18E3, 0x2124,
  0x2104, 0x2124, 0x31A6, 0x4208, 0x39E7, 0x4208, 0x4208, 0x39E7, 0x39C7, 0x31A6, 0x31A6, 0x39E7,
  0x4208, 0x4A49, 0x4A69, 0x528A, 0x528A, 0x5ACB, 0x52AA, 0x528A, 0x52AA, 0x52AA, 0x52AA, 0x52AA,
  0x528A, 0x528A, 0x4A69, 0x4208, 0x4228, 0x4A69, 0x52AA, 0x5ACB, 0x6B4D, 0x632C, 0x5ACB, 0x52AA,
  0x5ACB, 0x5AEB, 0x6B6D, 0x9492, 0xA514, 0x9CD3, 0x9492, 0xA514, 0xB5B6, 0xBDF7, 0xB5B6, 0xBDF7,
  0xC638, 0xBDF7, 0xB5B6, 0x9CD3, 0x8430, 0x8410, 0x8430, 0x8410, 0x73AE, 0x632C, 0x5AEB, 0x630C,
  0x6B6D, 0x7BEF, 0x8C51, 0x9CF3, 0xAD75, 0xA534, 0xA534, 0x9CF3, 0x6B6D, 0x2965, 0x0841, 0x0020,
  0x0020, 0x0000, 0x0000, 0x0841, 0x0000, 0x0000, 0x0000, 0x0000, 0x0841, 0x0020, 0x0000, 0x0000,
  0x0020, 0x0020, 0x0020, 0x0020, 0x0000, 0x0000, 0x0020, 0x0020, 0x0020, 0x0020, 0x0020, 0x0000,
  0x0000, 0x0000, 0x0000, 0x5AEB, 0x4208, 0x2124, 0x18C3, 0x2104, 0x2945, 0x2945, 0x2965, 0x2965,
  0x2104, 0x1082, 0x0020, 0x0841, 0x18C3, 0x10A2, 0x1082, 0x0861, 0x0861, 0x0861, 0x1082, 0x10A2,
  0x18C3, 0x18C3, 0x10A2, 0x10A2, 0x10A2, 0x1082, 0x1082, 0x1082, 0x18C3, 0x18C3, 0x18C3, 0x10A2,
  0x18E3, 0x2104, 0x18E3, 0x10A2, 0x18C3, 0x18C3, 0x18E3, 0x2104, 0x2124, 0x2124, 0x2965, 0x2945,
  0x2945, 0x2965, 0x2124, 0x2124, 0x2965, 0x3186, 0x31A6, 0x39C7, 0x39E7, 0x4228, 0x4208, 0x39E7,
  0x39E7, 0x39C7, 0x3186, 0x39C7, 0x4208, 0x4228, 0x52AA, 0x632C, 0x5ACB, 0x4A69, 0x4228, 0x39E7,
  0x4208, 0x4228, 0x4208, 0x3186, 0x31A6, 0x4228, 0x4A49, 0x4A69, 0x4A49, 0x4228, 0x4228, 0x39E7,
  0x39C7, 0x4208, 0x5AEB, 0x9492, 0xB5B6, 0xBDD7, 0x94B2, 0x7BCF, 0x8410, 0x94B2, 0x9492, 0x8C51,
  0x9492, 0x9CF3, 0xA534, 0x8C71, 0x632C, 0x5ACB, 0x632C, 0x6B6D, 0x6B6D, 0x7BCF, 0x73AE, 0x6B4D,
  0x630C, 0x6B6D, 0x7BEF, 0x9CD3, 0xB5B6, 0xC618, 0xCE59, 0xCE79, 0xBDF7, 0x9492, 0x52AA, 0x2104,
  0x0841, 0x0000, 0x0000, 0x0000, 0x0000, 0x0020, 0x0000, 0x0000, 0x0000, 0x0841, 0x0000, 0x0000,
  0x0000, 0x0000, 0x0020, 0x0020, 0x0000, 0x0000, 0x0000, 0x0020, 0x0000, 0x0020, 0x0020, 0x0020,
  0x0000, 0x0000, 0x0000, 0x0000, 0x4228, 0x2965, 0x18E3, 0x18E3, 0x2124, 0x2945, 0x2945, 0x2124,
  0x18C3, 0x1082, 0x1082, 0x0861, 0x18C3, 0x2124, 0x2104, 0x10A2, 0x0861, 0x1082, 0x1082, 0x10A2,
  0x10A2, 0x10A2, 0x1082, 0x1082, 0x1082, 0x1082, 0x1082, 0x1082, 0x10A2, 0x18C3, 0x10A2, 0x1082,
  0x1082, 0x10A2, 0x18C3, 0x2104, 0x2104, 0x18E3, 0x18C3, 0x18E3, 0x2945, 0x2965, 0x2124, 0x18E3,
  0x2104, 0x2124, 0x2104, 0x2104, 0x2124, 0x2965, 0x31A6, 0x2965, 0x2965, 0x31A6, 0x3186, 0x39C7,
  0x4208, 0x39C7, 0x31A6, 0x39C7, 0x4208, 0x4208, 0x39E7, 0x4A49, 0x5ACB, 0x52AA, 0x4A69, 0x4208,
  0x31A6, 0x2965, 0x39C7, 0x39E7, 0x2945, 0x3186, 0x4228, 0x4A69, 0x52AA, 0x52AA, 0x5ACB, 0x630C,
  0x5ACB, 0x528A, 0x52AA, 0x7BCF, 0xA514, 0xAD55, 0x9CF3, 0x8410, 0x630C, 0x52AA, 0x5AEB, 0x8C71,
  0xB596, 0xAD75, 0x94B2, 0x8430, 0x738E, 0x630C, 0x630C, 0x6B6D, 0x632C, 0x738E, 0x8C71, 0x94B2,
  0x8C51, 0x7BCF, 0x7BEF, 0x8C51, 0xA534, 0xBDF7, 0xCE59, 0xC618, 0xC618, 0xC618, 0xB5B6, 0x8430,
  0x4A49, 0x2104, 0x0020, 0x0000, 0x0000, 0x0000, 0x0000, 0x0000, 0x0000, 0x0020, 0x0020, 0x0020,
  0x0020, 0x0000, 0x0000, 0x0000, 0x0000, 0x0000, 0x0000, 0x0000, 0x0000, 0x0000, 0x0020, 0x0020,
  0x0020, 0x0020, 0x0000, 0x0000, 0x0000, 0x2965, 0x18E3, 0x1082, 0x1082, 0x18E3, 0x18E3, 0x18C3,
  0x18C3, 0x0861, 0x0861, 0x1082, 0x10A2, 0x18E3, 0x2104, 0x18C3, 0x1082, 0x0841, 0x0841, 0x0861,
  0x1082, 0x0861, 0x0841, 0x0861, 0x1082, 0x1082, 0x10A2, 0x10A2, 0x18C3, 0x10A2, 0x1082, 0x0861,
  0x1082, 0x1082, 0x1082, 0x0861, 0x10A2, 0x18C3, 0x18C3, 0x18E3, 0x18C3, 0x10A2, 0x18E3, 0x2104,
  0x18E3, 0x18E3, 0x2104, 0x2104, 0x18E3, 0x2104, 0x2945, 0x2965, 0x3186, 0x3186, 0x31A6, 0x31A6,
  0x3186, 0x31A6, 0x39C7, 0x39E7, 0x31A6, 0x39C7, 0x39E7, 0x39C7, 0x39C7, 0x4228, 0x4A49, 0x4228,
  0x4208, 0x39C7, 0x31A6, 0x3186, 0x2124, 0x2945, 0x39E7, 0x4A49, 0x39E7, 0x4228, 0x5AEB, 0x630C,
  0x5AEB, 0x52AA, 0x4A69, 0x630C, 0x8C71, 0xA534, 0x9CD3, 0x73AE, 0x5ACB, 0x5ACB, 0x632C, 0x738E,
  0x94B2, 0x9CF3, 0x8C51, 0x7BCF, 0x7BEF, 0x9492, 0xA534, 0xB596, 0xB596, 0xBDF7, 0xDEFB, 0xF79E,
  0xD6BA, 0x9CF3, 0x6B6D, 0x6B6D, 0x8410, 0x8C51, 0x8430, 0x8C51, 0x9CD3, 0xB596, 0xC618, 0xC638,
  0xA534, 0x7BCF, 0x4228, 0x0861, 0x0000, 0x0000, 0x0000, 0x0000, 0x0000, 0x0000, 0x0000, 0x0000,
  0x0000, 0x0020, 0x0000, 0x0020, 0x0841, 0x0020, 0x0000, 0x0020, 0x0000, 0x0000, 0x0000, 0x0020,
  0x0020, 0x0020, 0x0020, 0x0000, 0x0000, 0x0000, 0x0861, 0x0000, 0x0000, 0x0020, 0x0861, 0x1082,
  0x10A2, 0x0861, 0x1082, 0x10A2, 0x10A2, 0x1082, 0x18C3, 0x18E3, 0x18C3, 0x1082, 0x0861, 0x0861,
  0x0861, 0x0861, 0x1082, 0x0861, 0x1082, 0x1082, 0x0861, 0x1082, 0x0861, 0x0861, 0x0861, 0x1082,
  0x1082, 0x1082, 0x10A2, 0x1082, 0x0861, 0x1082, 0x1082, 0x10A2, 0x10A2, 0x10A2, 0x10A2, 0x1082,
  0x18C3, 0x2104, 0x18E3, 0x18E3, 0x2945, 0x2124, 0x2945, 0x3186, 0x3186, 0x31A6, 0x39C7, 0x39E7,
  0x39C7, 0x39C7, 0x31A6, 0x39C7, 0x39E7, 0x3186, 0x2965, 0x31A6, 0x39C7, 0x4228, 0x4228, 0x4228,
  0x4208, 0x4208, 0x4228, 0x39C7, 0x2104, 0x18C3, 0x2104, 0x2965, 0x39E7, 0x4208, 0x4A49, 0x52AA,
  0x4A49, 0x39C7, 0x4208, 0x5AEB, 0x8430, 0x9CF3, 0x94B2, 0x8C51, 0x73AE, 0x630C, 0x632C, 0x7BCF,
  0x94B2, 0xA514, 0xA514, 0x8C51, 0x8410, 0x8C71, 0x94B2, 0xA514, 0xB596, 0xBDF7, 0xCE79, 0xD69A,
  0xBDD7, 0x8C71, 0x6B4D, 0x630C, 0x6B4D, 0x738E, 0x738E, 0x738E, 0x8410, 0xA534, 0xB5B6, 0xBDD7,
  0xC638, 0xCE59, 0xBDF7, 0x94B2, 0x5ACB, 0x18C3, 0x0000, 0x0000, 0x0000, 0x0000, 0x0000, 0x0000,
  0x0000, 0x0000, 0x0000, 0x0000, 0x0020, 0x0841, 0x0841, 0x0020, 0x0020, 0x0020, 0x0020, 0x0020,
  0x0020, 0x0020, 0x0020, 0x0020, 0x0020, 0x0000, 0x0000, 0x0000, 0x0000, 0x0000, 0x0841, 0x1082,
  0x10A2, 0x1082, 0x0841, 0x0841, 0x0861, 0x1082, 0x1082, 0x1082, 0x1082, 0x10A2, 0x1082, 0x0861,
  0x0861, 0x1082, 0x0861, 0x0861, 0x0861, 0x0861, 0x0861, 0x0841, 0x0841, 0x0841, 0x0841, 0x0861,
  0x1082, 0x1082, 0x0861, 0x0861, 0x1082, 0x1082, 0x1082, 0x1082, 0x10A2, 0x10A2, 0x1082, 0x1082,
  0x10A2, 0x1082, 0x1082, 0x10A2, 0x18C3, 0x2104, 0x2945, 0x31A6, 0x39E7, 0x39E7, 0x39C7, 0x39C7,
  0x39E7, 0x39C7, 0x39C7, 0x39C7, 0x3186, 0x3186, 0x3186, 0x3186, 0x39C7, 0x39C7, 0x31A6, 0x39C7,
  0x4208, 0x4228, 0x39E7, 0x39E7, 0x2965, 0x10A2, 0x10A2, 0x18E3, 0x2945, 0x31A6, 0x31A6, 0x4A49,
  0x4A69, 0x4A49, 0x528A, 0x632C, 0x7BEF, 0x9492, 0x9CD3, 0x9CF3, 0x94B2, 0x8C51, 0x8430, 0x7BCF,
  0x6B6D, 0x7BCF, 0x8C71, 0x9CF3, 0x9CF3, 0x94B2, 0xA514, 0xA534, 0xAD55, 0xB5B6, 0xBDD7, 0xA514,
  0x7BEF, 0x6B4D, 0x5AEB, 0x630C, 0x6B4D, 0x630C, 0x528A, 0x5ACB, 0x7BCF, 0x94B2, 0x9CD3, 0xA514,
  0xBDD7, 0xC618, 0xCE79, 0xD6BA, 0xCE59, 0xAD55, 0x6B6D, 0x31A6, 0x1082, 0x0000, 0x0000, 0x0000,
  0x0000, 0x0000, 0x0000, 0x0000, 0x0000, 0x0000, 0x0000, 0x0020, 0x0841, 0x0841, 0x0020, 0x0020,
  0x0020, 0x0020, 0x0020, 0x0020, 0x0841, 0x0020, 0x0000, 0x0000, 0x0000, 0x0000, 0x0861, 0x0861,
  0x0841, 0x0861, 0x0861, 0x0841, 0x0861, 0x0861, 0x0861, 0x0861, 0x0861, 0x0841, 0x0841, 0x0861,
  0x0861, 0x0861, 0x0861, 0x0841, 0x0841, 0x0841, 0x0841, 0x0841, 0x0841, 0x0861, 0x1082, 0x0861,
  0x0841, 0x0841, 0x0861, 0x1082, 0x1082, 0x0861, 0x1082, 0x0861, 0x0861, 0x0861, 0x1082, 0x10A2,
  0x1082, 0x18C3, 0x18E3, 0x10A2, 0x18C3, 0x18C3, 0x0861, 0x10A2, 0x2104, 0x2965, 0x3186, 0x2945,
  0x2124, 0x2124, 0x2124, 0x2104, 0x2945, 0x2945, 0x2965, 0x3186, 0x39E7, 0x4A69, 0x5AEB, 0x632C,
  0x5AEB, 0x4A69, 0x4A49, 0x39E7, 0x2965, 0x18C3, 0x10A2, 0x18E3, 0x10A2, 0x18C3, 0x2945, 0x39C7,
  0x4228, 0x4A49, 0x528A, 0x632C, 0x8410, 0x9492, 0xA534, 0xB5B6, 0xAD75, 0x9492, 0x7BEF, 0x73AE,
  0x73AE, 0x8C51, 0xA534, 0xB596, 0xB5B6, 0xB596, 0xBDD7, 0xBDD7, 0xAD55, 0x9CF3, 0xA514, 0x9CF3,
  0x8410, 0x5ACB, 0x39E7, 0x2945, 0x2124, 0x2945, 0x2965, 0x31A6, 0x4A49, 0x632C, 0x6B4D, 0x5AEB,
  0x632C, 0x8C71, 0x9CF3, 0xA534, 0xB5B6, 0xCE59, 0xCE79, 0xAD55, 0x7BCF, 0x39E7, 0x0000, 0x0000,
  0x0000, 0x0000, 0x0000, 0x0000, 0x0000, 0x0000, 0x0000, 0x0000, 0x0000, 0x0020, 0x0841, 0x0000,
  0x0000, 0x0020, 0x0020, 0x0020, 0x0020, 0x0020, 0x0841, 0x0000, 0x0000, 0x0000, 0x0000, 0x0000,
  0x0861, 0x1082, 0x10A2, 0x10A2, 0x0841, 0x0841, 0x0861, 0x1082, 0x0861, 0x0841, 0x0841, 0x0841,
  0x0841, 0x0841, 0x0841, 0x0841, 0x0861, 0x0861, 0x0861, 0x0861, 0x1082, 0x0841, 0x0841, 0x0861,
  0x0861, 0x0861, 0x0861, 0x0861, 0x0861, 0x0841, 0x1082, 0x1082, 0x0861, 0x0861, 0x0861, 0x0861,
  0x1082, 0x1082, 0x0861, 0x1082, 0x10A2, 0x10A2, 0x10A2, 0x1082, 0x10A2, 0x18C3, 0x18C3, 0x18C3,
  0x18E3, 0x18E3, 0x18E3, 0x18E3, 0x2124, 0x3186, 0x2965, 0x2124, 0x2124, 0x2965, 0x4208, 0x5ACB,
  0x632C, 0x52AA, 0x4A49, 0x4208, 0x31A6, 0x2965, 0x18C3, 0x0861, 0x0861, 0x0000, 0x1082, 0x39C7,
  0x4228, 0x4A49, 0x4A69, 0x5ACB, 0x738E, 0x8C51, 0x9492, 0x94B2, 0x9492, 0x8410, 0x738E, 0x5ACB,
  0x4228, 0x4A69, 0x6B6D, 0x8410, 0x8410, 0x7BEF, 0x73AE, 0x6B6D, 0x630C, 0x5ACB, 0x6B4D, 0x7BEF,
  0x8C71, 0x9492, 0x73AE, 0x528A, 0x39E7, 0x4228, 0x4228, 0x4208, 0x4228, 0x39C7, 0x31A6, 0x4A69,
  0x5ACB, 0x5AEB, 0x632C, 0x73AE, 0x8430, 0x8C71, 0xA514, 0xAD55, 0xC618, 0xC618, 0x8C51, 0x4208,
  0x1082, 0x0000, 0x0000, 0x0000, 0x0000, 0x0000, 0x0000, 0x0000, 0x0000, 0x0000, 0x0020, 0x0020,
  0x0000, 0x0841, 0x0841, 0x0841, 0x0841, 0x0020, 0x0020, 0x0020, 0x0020, 0x0000, 0x0000, 0x0000,
  0x0841, 0x10A2, 0x10A2, 0x1082, 0x1082, 0x1082, 0x0861, 0x0841, 0x0841, 0x0861, 0x0841, 0x0841,
  0x0841, 0x0841, 0x0841, 0x0841, 0x0841, 0x0841, 0x0841, 0x0861, 0x0861, 0x0861, 0x0861, 0x0841,
  0x0841, 0x0861, 0x0841, 0x0861, 0x1082, 0x0861, 0x0841, 0x0861, 0x0861, 0x1082, 0x1082, 0x1082,
  0x0861, 0x0861, 0x1082, 0x1082, 0x0861, 0x0861, 0x1082, 0x18C3, 0x18C3, 0x18C3, 0x18C3, 0x10A2,
  0x10A2, 0x18E3, 0x2104, 0x2124, 0x2945, 0x2945, 0x2124, 0x2104, 0x18C3, 0x1082, 0x1082, 0x18C3,
  0x2104, 0x3186, 0x4208, 0x52AA, 0x528A, 0x31A6, 0x2124, 0x0861, 0x0000, 0x0000, 0x0000, 0x18E3,
  0x4228, 0x5ACB, 0x630C, 0x5ACB, 0x52AA, 0x5AEB, 0x7BEF, 0x8C71, 0x8C51, 0x7BCF, 0x6B6D, 0x630C,
  0x4A69, 0x3186, 0x0861, 0x0861, 0x18E3, 0x3186, 0x39C7, 0x31A6, 0x2945, 0x3186, 0x4A69, 0x73AE,
  0x8C71, 0x9492, 0x8C51, 0x7BCF, 0x738E, 0x73AE, 0x6B6D, 0x5AEB, 0x5ACB, 0x4A49, 0x39C7, 0x39C7,
  0x39E7, 0x39E7, 0x4228, 0x4A69, 0x52AA, 0x528A, 0x5ACB, 0x738E, 0x7BEF, 0xA514, 0xC638, 0xCE59,
  0xA534, 0x630C, 0x1082, 0x0000, 0x0000, 0x0000, 0x0000, 0x0020, 0x0020, 0x0000, 0x0020, 0x0020,
  0x0020, 0x0841, 0x0841, 0x0841, 0x0841, 0x0841, 0x0020, 0x0020, 0x0020, 0x0020, 0x0000, 0x0020,
  0x1082, 0x0861, 0x1082, 0x0861, 0x0841, 0x0841, 0x0861, 0x1082, 0x0861, 0x0861, 0x0861, 0x0861,
  0x0841, 0x0841, 0x0841, 0x0841, 0x0841, 0x0841, 0x0841, 0x0841, 0x0841, 0x0841, 0x0841, 0x0841,
  0x0841, 0x0841, 0x0841, 0x0841, 0x0841, 0x0861, 0x0861, 0x0841, 0x0861, 0x1082, 0x0861, 0x0861,
  0x0861, 0x1082, 0x1082, 0x10A2, 0x1082, 0x1082, 0x10A2, 0x1082, 0x10A2, 0x18C3, 0x18C3, 0x10A2,
  0x10A2, 0x18C3, 0x18E3, 0x18E3, 0x2124, 0x2945, 0x2104, 0x18E3, 0x1082, 0x0861, 0x1082, 0x2945,
  0x2965, 0x2965, 0x4208, 0x5AEB, 0x632C, 0x52AA, 0x31A6, 0x10A2, 0x0000, 0x0000, 0x0000, 0x0020,
  0x2124, 0x4A69, 0x6B4D, 0x632C, 0x528A, 0x4A69, 0x630C, 0x8C51, 0x9492, 0x9492, 0x8C51, 0x8430,
  0x73AE, 0x5ACB, 0x3186, 0x1082, 0x0841, 0x10A2, 0x2945, 0x39E7, 0x39C7, 0x2965, 0x4208, 0x5AEB,
  0x7BCF, 0x9492, 0x94B2, 0x8410, 0x6B4D, 0x6B4D, 0x6B6D, 0x7BCF, 0x7BEF, 0x73AE, 0x6B6D, 0x6B6D,
  0x738E, 0x738E, 0x632C, 0x52AA, 0x5ACB, 0x6B6D, 0x73AE, 0x7BEF, 0x8430, 0x94B2, 0xA514, 0xB596,
  0xCE59, 0xB596, 0x6B6D, 0x2124, 0x0000, 0x0000, 0x0000, 0x0000, 0x0000, 0x0000, 0x0000, 0x0841,
  0x0020, 0x0020, 0x0020, 0x0841, 0x0841, 0x0020, 0x0020, 0x0841, 0x0020, 0x0020, 0x0020, 0x0000,
  0x1082, 0x10A2, 0x0861, 0x0841, 0x0861, 0x0841, 0x0841, 0x0841, 0x0841, 0x0861, 0x0861, 0x0841,
  0x0861, 0x0861, 0x0841, 0x0841, 0x0841, 0x0841, 0x0841, 0x0841, 0x0841, 0x0841, 0x0020, 0x0841,
  0x0841, 0x0841, 0x0841, 0x0841, 0x0841, 0x0841, 0x0841, 0x0841, 0x0841, 0x0841, 0x0861, 0x0861,
  0x0841, 0x0861, 0x0861, 0x0861, 0x1082, 0x0861, 0x0861, 0x10A2, 0x10A2, 0x1082, 0x1082, 0x10A2,
  0x10A2, 0x10A2, 0x18C3, 0x2104, 0x18E3, 0x18E3, 0x18C3, 0x18E3, 0x2124, 0x10A2, 0x0861, 0x18E3,
  0x3186, 0x39C7, 0x4228, 0x52AA, 0x632C, 0x5ACB, 0x4208, 0x2965, 0x1082, 0x0000, 0x0000, 0x0000,
  0x0841, 0x3186, 0x528A, 0x5AEB, 0x5AEB, 0x4A49, 0x4A69, 0x73AE, 0x8C51, 0x94B2, 0xA534, 0xAD55,
  0x9CD3, 0x8410, 0x738E, 0x528A, 0x2965, 0x18E3, 0x3186, 0x4208, 0x52AA, 0x52AA, 0x4A49, 0x4A49,
  0x4A69, 0x6B6D, 0x94B2, 0x9CF3, 0x8410, 0x630C, 0x632C, 0x738E, 0x8410, 0x94B2, 0xAD75, 0xC638,
  0xD6BA, 0xDEFB, 0xC638, 0x94B2, 0x7BCF, 0x73AE, 0x7BCF, 0x73AE, 0x6B6D, 0x7BCF, 0x8C71, 0x9CD3,
  0xB5B6, 0xC638, 0xAD75, 0x73AE, 0x4208, 0x10A2, 0x0000, 0x0000, 0x0000, 0x0000, 0x0000, 0x0000,
  0x0861, 0x0841, 0x0000, 0x0020, 0x0841, 0x0841, 0x0841, 0x0020, 0x0020, 0x0020, 0x0020, 0x0020,
  0x0020, 0x1082, 0x0861, 0x1082, 0x1082, 0x1082, 0x1082, 0x0861, 0x0861, 0x0861, 0x0841, 0x0841,
  0x0841, 0x0861, 0x0841, 0x0020, 0x0020, 0x0020, 0x0020, 0x0841, 0x0841, 0x0841, 0x0841, 0x0020,
  0x0841, 0x0841, 0x0841, 0x0841, 0x0841, 0x0841, 0x0841, 0x0841, 0x0841, 0x0841, 0x0841, 0x0841,
  0x0841, 0x0841, 0x0861, 0x0861, 0x0861, 0x0861, 0x0861, 0x0861, 0x1082, 0x1082, 0x1082, 0x1082,
  0x1082, 0x1082, 0x18C3, 0x18E3, 0x18E3, 0x18E3, 0x18E3, 0x18E3, 0x18E3, 0x18E3, 0x0861, 0x0841,
  0x18C3, 0x2945, 0x39C7, 0x4A49, 0x52AA, 0x5ACB, 0x528A, 0x39E7, 0x10A2, 0x0000, 0x0000, 0x0000,
  0x0000, 0x0861, 0x39E7, 0x52AA, 0x52AA, 0x5AEB, 0x4A49, 0x528A, 0x738E, 0x73AE, 0x8C71, 0xAD55,
  0xB5B6, 0xA534, 0x8C71, 0x6B6D, 0x52AA, 0x3186, 0x0841, 0x0020, 0x18C3, 0x39E7, 0x4A69, 0x4A69,
  0x4A49, 0x4228, 0x5AEB, 0x8410, 0x8C51, 0x8410, 0x73AE, 0x738E, 0x7BCF, 0x8C71, 0xB596, 0xC618,
  0xCE59, 0xC638, 0xB596, 0xA514, 0x9CD3, 0x8C51, 0x7BEF, 0x73AE, 0x6B6D, 0x738E, 0x73AE, 0x73AE,
  0x8C51, 0xAD75, 0xBDF7, 0xB5B6, 0x8C71, 0x52AA, 0x2104, 0x0000, 0x0000, 0x0000, 0x0000, 0x0000,
  0x0841, 0x0861, 0x0841, 0x0020, 0x0020, 0x0020, 0x0020, 0x0841, 0x0841, 0x0841, 0x0020, 0x0000,
  0x0020, 0x0841, 0x18C3, 0x0861, 0x10A2, 0x18E3, 0x18C3, 0x1082, 0x0861, 0x0841, 0x0841, 0x0861,
  0x0841, 0x0841, 0x0841, 0x0020, 0x0020, 0x0020, 0x0020, 0x0020, 0x0841, 0x0841, 0x0020, 0x0020,
  0x0841, 0x0841, 0x0841, 0x0841, 0x0841, 0x0841, 0x0841, 0x0841, 0x0841, 0x0841, 0x0861, 0x1082,
  0x0841, 0x0841, 0x0861, 0x0861, 0x0861, 0x0861, 0x0861, 0x0861, 0x1082, 0x10A2, 0x1082, 0x1082,
  0x1082, 0x10A2, 0x10A2, 0x18C3, 0x18C3, 0x18C3, 0x18C3, 0x18C3, 0x18C3, 0x10A2, 0x18C3, 0x10A2,
  0x0841, 0x18C3, 0x2945, 0x4208, 0x52AA, 0x5ACB, 0x52AA, 0x4A69, 0x3186, 0x0020, 0x0000, 0x0000,
  0x0000, 0x0000, 0x10A2, 0x4A49, 0x630C, 0x5ACB, 0x4A69, 0x4A49, 0x632C, 0x8410, 0x7BEF, 0x9492,
  0xB596, 0xB596, 0xA534, 0xAD55, 0x8C71, 0x632C, 0x4228, 0x2104, 0x0000, 0x0020, 0x2965, 0x4228,
  0x4A49, 0x39E7, 0x2965, 0x31A6, 0x4208, 0x5AEB, 0x7BEF, 0x8430, 0x8410, 0x8430, 0x94B2, 0x9CD3,
  0xA514, 0xA534, 0x9CD3, 0x9CD3, 0xAD75, 0xBDD7, 0xA534, 0x9CD3, 0x94B2, 0x8410, 0x6B4D, 0x5ACB,
  0x5ACB, 0x7BCF, 0xAD75, 0xC638, 0xBDF7, 0x9CD3, 0x632C, 0x3186, 0x0000, 0x0000, 0x0000, 0x0000,
  0x0020, 0x0861, 0x0841, 0x0841, 0x0841, 0x0020, 0x0020, 0x0020, 0x0020, 0x0020, 0x0020, 0x0020,
  0x0020, 0x0020, 0x0020, 0x2104, 0x18E3, 0x18E3, 0x2104, 0x2104, 0x18C3, 0x1082, 0x0841, 0x0841,
  0x0841, 0x0841, 0x0841, 0x0841, 0x0020, 0x0020, 0x0020, 0x0020, 0x0020, 0x0020, 0x0020, 0x0020,
  0x0841, 0x0841, 0x0020, 0x0841, 0x0861, 0x0841, 0x0841, 0x0841, 0x0841, 0x0841, 0x0861, 0x0861,
  0x0861, 0x0861, 0x0861, 0x0861, 0x0841, 0x0861, 0x0861, 0x0861, 0x0861, 0x1082, 0x1082, 0x1082,
  0x0861, 0x1082, 0x10A2, 0x10A2, 0x10A2, 0x10A2, 0x10A2, 0x1082, 0x18E3, 0x18E3, 0x18C3, 0x18E3,
  0x18C3, 0x10A2, 0x18E3, 0x3186, 0x39E7, 0x31A6, 0x2945, 0x2124, 0x2104, 0x0861, 0x0000, 0x0000,
  0x0000, 0x0000, 0x0000, 0x2104, 0x4A69, 0x5ACB, 0x4A69, 0x4A49, 0x4A69, 0x6B4D, 0x7BEF, 0x8410,
  0x9CF3, 0xCE79, 0xBDF7, 0xAD75, 0xAD75, 0x7BEF, 0x528A, 0x4208, 0x2124, 0x0000, 0x1082, 0x39C7,
  0x4A69, 0x4A69, 0x4208, 0x39C7, 0x31A6, 0x31A6, 0x39C7, 0x4228, 0x528A, 0x52AA, 0x52AA, 0x630C,
  0x7BEF, 0x8C71, 0x7BCF, 0x6B6D, 0x8C51, 0x9CF3, 0xA514, 0xA534, 0xAD55, 0xA514, 0x8C71, 0x6B4D,
  0x4A49, 0x4228, 0x5AEB, 0x8430, 0xAD55, 0xC618, 0xB596, 0x632C, 0x18C3, 0x0000, 0x0000, 0x0000,
  0x0000, 0x0020, 0x0841, 0x0861, 0x1082, 0x0841, 0x0020, 0x0020, 0x0841, 0x0841, 0x0841, 0x0841,
  0x0020, 0x0020, 0x0020, 0x0020, 0x0861, 0x18C3, 0x18C3, 0x18C3, 0x1082, 0x1082, 0x0861, 0x0841,
  0x0861, 0x0861, 0x0841, 0x0020, 0x0841, 0x0020, 0x0020, 0x0020, 0x0020, 0x0020, 0x0020, 0x0020,
  0x0841, 0x0841, 0x0841, 0x0841, 0x0841, 0x0841, 0x0841, 0x0841, 0x0841, 0x0841, 0x0841, 0x0841,
  0x0841, 0x0841, 0x0841, 0x0861, 0x0841, 0x0841, 0x0861, 0x0861, 0x0861, 0x1082, 0x1082, 0x0861,
  0x1082, 0x10A2, 0x10A2, 0x18C3, 0x18C3, 0x1082, 0x1082, 0x1082, 0x1082, 0x18E3, 0x2104, 0x18C3,
  0x1082, 0x1082, 0x18C3, 0x2104, 0x2965, 0x39C7, 0x31A6, 0x3186, 0x2124, 0x10A2, 0x1082, 0x0861,
  0x0000, 0x0000, 0x0000, 0x0020, 0x2124, 0x52AA, 0x5ACB, 0x4A49, 0x528A, 0x5AEB, 0x73AE, 0x8C51,
  0xA514, 0xC638, 0xCE59, 0xB5B6, 0x9CF3, 0x7BCF, 0x4A69, 0x3186, 0x1082, 0x0000, 0x0841, 0x2104,
  0x3186, 0x39C7, 0x4208, 0x4A49, 0x4A49, 0x4208, 0x4208, 0x4A49, 0x4228, 0x39E7, 0x39E7, 0x39C7,
  0x4A49, 0x630C, 0x632C, 0x6B6D, 0x9492, 0x9CF3, 0x9492, 0x9492, 0xA514, 0xAD55, 0xAD55, 0x9CD3,
  0x7BCF, 0x632C, 0x630C, 0x5AEB, 0x6B4D, 0x94B2, 0xBDD7, 0x9CD3, 0x5ACB, 0x10A2, 0x0000, 0x0000,
  0x0000, 0x0000, 0x0000, 0x0861, 0x0861, 0x0841, 0x0020, 0x0020, 0x0020, 0x0020, 0x0841, 0x0020,
  0x0841, 0x0020, 0x0020, 0x0020, 0x0020, 0x0000, 0x0000, 0x0000, 0x0000, 0x0000, 0x0000, 0x0000,
  0x0000, 0x0020, 0x0020, 0x0020, 0x0020, 0x0020, 0x0020, 0x0020, 0x0020, 0x0020, 0x0020, 0x0020,
  0x0020, 0x0020, 0x0841, 0x0020, 0x0020, 0x0841, 0x0841, 0x0841, 0x0841, 0x0841, 0x0841, 0x0841,
  0x0841, 0x0841, 0x0841, 0x0841, 0x0841, 0x0841, 0x0841, 0x0861, 0x0861, 0x0861, 0x0861, 0x1082,
  0x1082, 0x1082, 0x1082, 0x1082, 0x10A2, 0x18C3, 0x18E3, 0x18C3, 0x1082, 0x10A2, 0x10A2, 0x1082,
  0x0861, 0x0861, 0x18C3, 0x18E3, 0x2104, 0x2965, 0x39E7, 0x4228, 0x4A49, 0x4208, 0x3186, 0x2104,
  0x0861, 0x0000, 0x0000, 0x0000, 0x0000, 0x2104, 0x4A49, 0x52AA, 0x528A, 0x528A, 0x5AEB, 0x7BEF,
  0x9CF3, 0xB596, 0xC638, 0xC638, 0xAD55, 0x7BCF, 0x5ACB, 0x39C7, 0x0861, 0x0000, 0x0000, 0x0000,
  0x0861, 0x2104, 0x3186, 0x39E7, 0x4228, 0x39E7, 0x39C7, 0x4A49, 0x4A49, 0x3186, 0x3186, 0x4228,
  0x52AA, 0x738E, 0x8C51, 0x9492, 0x9CF3, 0xA534, 0x9CD3, 0x8C71, 0x94B2, 0xA514, 0x9CD3, 0x9492,
  0x8430, 0x738E, 0x7BCF, 0x7BCF, 0x6B4D, 0x738E, 0x9CD3, 0xAD55, 0x8430, 0x52AA, 0x18C3, 0x0000,
  0x0000, 0x0000, 0x0000, 0x0841, 0x1082, 0x0861, 0x0841, 0x0020, 0x0020, 0x0020, 0x0020, 0x0020,
  0x0020, 0x0841, 0x0841, 0x0020, 0x0020, 0x0020, 0x0841, 0x0020, 0x0020, 0x0000, 0x0000, 0x0000,
  0x0000, 0x0000, 0x0000, 0x0020, 0x0020, 0x0020, 0x0020, 0x0020, 0x0020, 0x0020, 0x0020, 0x0020,
  0x0020, 0x0020, 0x0020, 0x0020, 0x0020, 0x0841, 0x0841, 0x0841, 0x0841, 0x0841, 0x0841, 0x0841,
  0x0841, 0x0841, 0x0841, 0x0841, 0x0841, 0x0841, 0x0841, 0x0861, 0x0861, 0x0841, 0x1082, 0x0861,
  0x0861, 0x0861, 0x0861, 0x0861, 0x1082, 0x1082, 0x10A2, 0x18E3, 0x18C3, 0x0861, 0x1082, 0x0841,
  0x0000, 0x0841, 0x18C3, 0x2104, 0x2124, 0x2945, 0x2965, 0x31A6, 0x39E7, 0x4228, 0x4208, 0x3186,
  0x18C3, 0x0000, 0x0000, 0x0000, 0x0000, 0x0020, 0x2124, 0x39C7, 0x4A49, 0x528A, 0x528A, 0x630C,
  0x8C71, 0xAD55, 0xBDF7, 0xC618, 0xA514, 0x738E, 0x4A49, 0x2104, 0x0000, 0x0000, 0x0000, 0x0000,
  0x0020, 0x18C3, 0x3186, 0x39E7, 0x39C7, 0x31A6, 0x39E7, 0x4228, 0x528A, 0x4A69, 0x2945, 0x2104,
  0x4228, 0x73AE, 0x9CD3, 0xAD75, 0xAD55, 0x9CD3, 0x8C71, 0x8C51, 0x94B2, 0xB596, 0xAD75, 0x9492,
  0x8C51, 0x738E, 0x630C, 0x6B4D, 0x738E, 0x73AE, 0x7BEF, 0x8C71, 0x8C71, 0x6B4D, 0x3186, 0x1082,
  0x0000, 0x0000, 0x0000, 0x0000, 0x0841, 0x0861, 0x0861, 0x0861, 0x0861, 0x0841, 0x0020, 0x0020,
  0x0841, 0x0020, 0x0020, 0x0020, 0x0020, 0x0020, 0x0020, 0x0841, 0x0841, 0x0841, 0x0020, 0x0020,
  0x0020, 0x0020, 0x0020, 0x0020, 0x0020, 0x0841, 0x0020, 0x0020, 0x0020, 0x0020, 0x0020, 0x0020,
  0x0020, 0x0020, 0x0020, 0x0020, 0x0020, 0x0841, 0x0020, 0x0020, 0x0841, 0x0841, 0x0841, 0x0841,
  0x0841, 0x0841, 0x0841, 0x0841, 0x0841, 0x0841, 0x0841, 0x0841, 0x0841, 0x0841, 0x0841, 0x0861,
  0x0861, 0x0861, 0x1082, 0x0861, 0x0841, 0x0861, 0x1082, 0x1082, 0x0841, 0x0020, 0x0000, 0x0000,
  0x0000, 0x0020, 0x18C3, 0x2945, 0x2945, 0x2124, 0x2124, 0x2965, 0x2124, 0x2124, 0x2965, 0x3186,
  0x2124, 0x10A2, 0x0841, 0x0000, 0x0000, 0x0000, 0x10A2, 0x3186, 0x4A49, 0x630C, 0x7BEF, 0x8C71,
  0xA534, 0xBDD7, 0xAD75, 0x94B2, 0x7BEF, 0x5ACB, 0x4208, 0x2124, 0x0000, 0x0000, 0x0000, 0x0020,
  0x0861, 0x10A2, 0x18E3, 0x18E3, 0x18E3, 0x18C3, 0x18E3, 0x2965, 0x39C7, 0x4208, 0x4228, 0x2945,
  0x10A2, 0x39E7, 0x7BCF, 0x9CF3, 0x9CF3, 0x9CD3, 0xA514, 0xAD55, 0xA534, 0xA514, 0x9CF3, 0x94B2,
  0x8C51, 0x738E, 0x5AEB, 0x6B4D, 0x73AE, 0x7BEF, 0x8C51, 0x8430, 0x738E, 0x632C, 0x4A49, 0x39C7,
  0x2104, 0x0020, 0x0000, 0x0000, 0x0020, 0x0841, 0x1082, 0x1082, 0x1082, 0x1082, 0x0841, 0x0841,
  0x0841, 0x0841, 0x0841, 0x0841, 0x0841, 0x0841, 0x0841, 0x0020, 0x0861, 0x0841, 0x0841, 0x0841,
  0x0841, 0x0841, 0x0841, 0x0841, 0x0020, 0x0020, 0x0020, 0x0020, 0x0020, 0x0020, 0x0020, 0x0020,
  0x0020, 0x0841, 0x0020, 0x0020, 0x0020, 0x0020, 0x0020, 0x0841, 0x0841, 0x0841, 0x0841, 0x0841,
  0x0841, 0x0841, 0x0841, 0x0841, 0x0841, 0x0841, 0x0841, 0x0841, 0x0841, 0x0841, 0x0861, 0x0861,
  0x0861, 0x0861, 0x1082, 0x10A2, 0x1082, 0x1082, 0x0861, 0x0861, 0x0861, 0x0000, 0x0000, 0x0000,
  0x0000, 0x0000, 0x0000, 0x18C3, 0x2965, 0x2965, 0x2124, 0x18C3, 0x18C3, 0x18E3, 0x2124, 0x2104,
  0x2104, 0x18E3, 0x18C3, 0x1082, 0x0000, 0x0000, 0x0000, 0x18E3, 0x4228, 0x632C, 0x8410, 0x9CF3,
  0xB5B6, 0xBDD7, 0x9CF3, 0x73AE, 0x630C, 0x52AA, 0x4208, 0x18E3, 0x0000, 0x0000, 0x0841, 0x1082,
  0x10A2, 0x1082, 0x10A2, 0x10A2, 0x1082, 0x1082, 0x1082, 0x10A2, 0x2104, 0x31A6, 0x4208, 0x39E7,
  0x2124, 0x2104, 0x52AA, 0x8C71, 0x9CF3, 0x9CF3, 0x9CF3, 0x9CD3, 0x94B2, 0x94B2, 0x9CD3, 0x9CF3,
  0x94B2, 0x8410, 0x6B6D, 0x738E, 0x738E, 0x738E, 0x738E, 0x7BCF, 0x738E, 0x5AEB, 0x4A69, 0x528A,
  0x4228, 0x2124, 0x0841, 0x0000, 0x0020, 0x0841, 0x10A2, 0x10A2, 0x1082, 0x0861, 0x0020, 0x0020,
  0x0861, 0x0841, 0x0841, 0x0841, 0x0841, 0x0020, 0x0020, 0x0020, 0x0020, 0x0841, 0x0841, 0x0841,
  0x0020, 0x0841, 0x0841, 0x0020, 0x0020, 0x0020, 0x0020, 0x0020, 0x0020, 0x0020, 0x0020, 0x0020,
  0x0020, 0x0020, 0x0020, 0x0020, 0x0020, 0x0020, 0x0841, 0x0841, 0x0020, 0x0020, 0x0020, 0x0841,
  0x0841, 0x0841, 0x0841, 0x0841, 0x0841, 0x0861, 0x0841, 0x0841, 0x0861, 0x0861, 0x1082, 0x10A2,
  0x1082, 0x1082, 0x1082, 0x10A2, 0x10A2, 0x10A2, 0x18C3, 0x18C3, 0x18E3, 0x18E3, 0x0861, 0x0020,
  0x0000, 0x0861, 0x2104, 0x4228, 0x5ACB, 0x52AA, 0x4208, 0x3186, 0x2124, 0x2104, 0x2124, 0x2945,
  0x2965, 0x2965, 0x2945, 0x2945, 0x2104, 0x0861, 0x0000, 0x0000, 0x0841, 0x2104, 0x39E7, 0x52AA,
  0x6B6D, 0x8C71, 0x94B2, 0x7BEF, 0x5AEB, 0x4228, 0x2965, 0x2124, 0x18E3, 0x1082, 0x10A2, 0x18C3,
  0x10A2, 0x0841, 0x0861, 0x1082, 0x10A2, 0x1082, 0x1082, 0x1082, 0x18E3, 0x39C7, 0x4A49, 0x39C7,
  0x2124, 0x18E3, 0x2945, 0x528A, 0x6B4D, 0x7BEF, 0x9492, 0x9492, 0x8430, 0x8410, 0x9492, 0x9CF3,
  0x9CD3, 0x8410, 0x6B6D, 0x6B4D, 0x6B4D, 0x738E, 0x7BCF, 0x7BCF, 0x738E, 0x632C, 0x5AEB, 0x528A,
  0x528A, 0x39E7, 0x2945, 0x0861, 0x0000, 0x18C3, 0x31A6, 0x31A6, 0x2945, 0x18C3, 0x0861, 0x0020,
  0x0861, 0x0861, 0x0861, 0x0841, 0x0841, 0x0841, 0x0841, 0x0841, 0x0020, 0x0020, 0x0841, 0x0841,
  0x0020, 0x0020, 0x0020, 0x0020, 0x0020, 0x0020, 0x0020, 0x0020, 0x0020, 0x0020, 0x0020, 0x0020,
  0x0020, 0x0020, 0x0020, 0x0020, 0x0020, 0x0020, 0x0020, 0x0020, 0x0841, 0x0020, 0x0020, 0x0020,
  0x0020, 0x0841, 0x0841, 0x0841, 0x0841, 0x0841, 0x0861, 0x0841, 0x0861, 0x1082, 0x0861, 0x0861,
  0x0861, 0x0841, 0x0861, 0x0861, 0x0861, 0x10A2, 0x18C3, 0x18E3, 0x18E3, 0x18C3, 0x18C3, 0x10A2,
  0x18C3, 0x3186, 0x52AA, 0x7BCF, 0x8C51, 0x8410, 0x73AE, 0x5AEB, 0x4A69, 0x39C7, 0x2124, 0x2104,
  0x2124, 0x2104, 0x2104, 0x2124, 0x2945, 0x2104, 0x1082, 0x0841, 0x0020, 0x0000, 0x0000, 0x0020,
  0x10A2, 0x2104, 0x2124, 0x2945, 0x39C7, 0x39E7, 0x39C7, 0x39C7, 0x39E7, 0x2965, 0x1082, 0x0841,
  0x1082, 0x1082, 0x0861, 0x1082, 0x1082, 0x0861, 0x0861, 0x0841, 0x1082, 0x2124, 0x39C7, 0x3186,
  0x10A2, 0x0861, 0x2945, 0x528A, 0x738E, 0x8C51, 0x9CF3, 0x9CD3, 0x8430, 0x8410, 0x8C71, 0x94B2,
  0x8C71, 0x7BEF, 0x6B4D, 0x5AEB, 0x5AEB, 0x632C, 0x6B6D, 0x73AE, 0x738E, 0x632C, 0x52AA, 0x5ACB,
  0x5ACB, 0x528A, 0x39E7, 0x2104, 0x0861, 0x10A2, 0x3186, 0x31A6, 0x2945, 0x2124, 0x2104, 0x1082,
  0x0841, 0x0841, 0x0861, 0x0861, 0x0841, 0x0841, 0x0841, 0x0020, 0x0841, 0x0020, 0x0020, 0x0861,
  0x0841, 0x0841, 0x0841, 0x0841, 0x0841, 0x0841, 0x0841, 0x0020, 0x0020, 0x0020, 0x0020, 0x0020,
  0x0020, 0x0020, 0x0020, 0x0020, 0x0020, 0x0841, 0x0020, 0x0020, 0x0020, 0x0020, 0x0020, 0x0841,
  0x0841, 0x0841, 0x0020, 0x0841, 0x0841, 0x0841, 0x0841, 0x0861, 0x0841, 0x0841, 0x0841, 0x0841,
  0x0861, 0x0861, 0x0841, 0x0861, 0x1082, 0x10A2, 0x18E3, 0x2104, 0x18E3, 0x1082, 0x1082, 0x1082,
  0x1082, 0x2945, 0x528A, 0x6B4D, 0x6B6D, 0x630C, 0x528A, 0x4A69, 0x4A49, 0x39C7, 0x2965, 0x2945,
  0x2124, 0x2104, 0x10A2, 0x0841, 0x0861, 0x1082, 0x0841, 0x0841, 0x1082, 0x0861, 0x0000, 0x0000,
  0x1082, 0x2104, 0x18C3, 0x0861, 0x1082, 0x2104, 0x2124, 0x2965, 0x31A6, 0x2124, 0x0841, 0x0861,
  0x18C3, 0x18E3, 0x18C3, 0x0861, 0x0861, 0x0841, 0x0020, 0x0841, 0x1082, 0x18C3, 0x2124, 0x2124,
  0x10A2, 0x10A2, 0x39E7, 0x7BEF, 0xB596, 0xBDF7, 0xAD75, 0x94B2, 0x8C51, 0x9492, 0x9492, 0x8C51,
  0x8430, 0x7BCF, 0x630C, 0x5ACB, 0x5ACB, 0x5AEB, 0x630C, 0x6B6D, 0x6B4D, 0x5AEB, 0x528A, 0x4A49,
  0x4A49, 0x4228, 0x4A69, 0x4A49, 0x2945, 0x18C3, 0x18C3, 0x10A2, 0x0861, 0x0841, 0x1082, 0x10A2,
  0x0861, 0x0841, 0x0861, 0x0841, 0x0841, 0x0841, 0x0841, 0x0020, 0x0020, 0x0020, 0x0020, 0x0020,
  0x0841, 0x0841, 0x0841, 0x0841, 0x0841, 0x0841, 0x0020, 0x0841, 0x0861, 0x0841, 0x0841, 0x0841,
  0x0841, 0x0020, 0x0841, 0x0841, 0x0020, 0x0020, 0x0020, 0x0020, 0x0020, 0x0020, 0x0020, 0x0841,
  0x0841, 0x0841, 0x0841, 0x0841, 0x0841, 0x0861, 0x0861, 0x0841, 0x0841, 0x0841, 0x0841, 0x0841,
  0x0841, 0x0841, 0x0841, 0x0841, 0x0841, 0x1082, 0x1082, 0x1082, 0x18C3, 0x2104, 0x18C3, 0x18C3,
  0x0861, 0x0020, 0x10A2, 0x2945, 0x39E7, 0x4228, 0x39E7, 0x3186, 0x18E3, 0x1082, 0x0000, 0x0000,
  0x0841, 0x0841, 0x0020, 0x0020, 0x0000, 0x0020, 0x0020, 0x0000, 0x0000, 0x0020, 0x0020, 0x0000,
  0x0020, 0x0841, 0x10A2, 0x18E3, 0x2124, 0x39C7, 0x39C7, 0x3186, 0x2965, 0x2104, 0x1082, 0x10A2,
  0x18C3, 0x0861, 0x0861, 0x0861, 0x0020, 0x0000, 0x0020, 0x0841, 0x0841, 0x0861, 0x1082, 0x18C3,
  0x2124, 0x2945, 0x4A69, 0x8430, 0xA514, 0x9CD3, 0x8410, 0x632C, 0x630C, 0x73AE, 0x8410, 0x73AE,
  0x6B6D, 0x6B6D, 0x630C, 0x5AEB, 0x632C, 0x632C, 0x5AEB, 0x630C, 0x6B6D, 0x5AEB, 0x4A69, 0x39E7,
  0x39E7, 0x4A49, 0x630C, 0x6B6D, 0x5ACB, 0x2965, 0x18C3, 0x1082, 0x0841, 0x1082, 0x1082, 0x0861,
  0x0861, 0x1082, 0x10A2, 0x1082, 0x0841, 0x0841, 0x0841, 0x0841, 0x0841, 0x0020, 0x0020, 0x0020,
  0x0020, 0x0841, 0x0841, 0x0841, 0x0841, 0x0841, 0x0841, 0x0841, 0x0841, 0x0841, 0x0020, 0x0020,
  0x0841, 0x0020, 0x0020, 0x0841, 0x0020, 0x0020, 0x0020, 0x0020, 0x0841, 0x0841, 0x0020, 0x0841,
  0x0841, 0x0841, 0x0841, 0x0841, 0x0841, 0x0841, 0x0861, 0x0841, 0x0841, 0x0841, 0x0841, 0x0841,
  0x0841, 0x0841, 0x0841, 0x0020, 0x0841, 0x0841, 0x0841, 0x0841, 0x0841, 0x0861, 0x10A2, 0x18E3,
  0x18E3, 0x18C3, 0x1082, 0x0020, 0x0841, 0x1082, 0x1082, 0x0020, 0x0000, 0x0000, 0x0000, 0x0000,
  0x0000, 0x0000, 0x0000, 0x0000, 0x0000, 0x0000, 0x0000, 0x0000, 0x0000, 0x0000, 0x0000, 0x0000,
  0x0000, 0x0000, 0x0000, 0x0000, 0x1082, 0x2124, 0x3186, 0x2965, 0x2124, 0x18C3, 0x10A2, 0x1082,
  0x18E3, 0x10A2, 0x1082, 0x0841, 0x0020, 0x0020, 0x0020, 0x0841, 0x0861, 0x0841, 0x0000, 0x0841,
  0x2104, 0x4208, 0x52AA, 0x630C, 0x6B4D, 0x632C, 0x630C, 0x5AEB, 0x52AA, 0x52AA, 0x630C, 0x6B6D,
  0x73AE, 0x73AE, 0x6B4D, 0x630C, 0x632C, 0x6B6D, 0x6B6D, 0x630C, 0x630C, 0x630C, 0x528A, 0x4A69,
  0x52AA, 0x6B4D, 0x7BEF, 0x7BEF, 0x630C, 0x2965, 0x0020, 0x0000, 0x0020, 0x10A2, 0x18C3, 0x1082,
  0x1082, 0x1082, 0x0861, 0x0861, 0x0861, 0x0841, 0x0841, 0x0841, 0x0841, 0x0841, 0x0020, 0x0020,
  0x0020, 0x0020, 0x0841, 0x0841, 0x0841, 0x0020, 0x0841, 0x0841, 0x0841, 0x0841, 0x0841, 0x0841,
  0x0841, 0x0020, 0x0020, 0x0020, 0x0020, 0x0020, 0x0020, 0x0841, 0x0841, 0x0841, 0x0020, 0x0020,
  0x0020, 0x0841, 0x0841, 0x0841, 0x0841, 0x0841, 0x0020, 0x0841, 0x0841, 0x0841, 0x0861, 0x10A2,
  0x10A2, 0x10A2, 0x1082, 0x10A2, 0x10A2, 0x10A2, 0x18E3, 0x18C3, 0x10A2, 0x10A2, 0x18E3, 0x18C3,
  0x18E3, 0x18E3, 0x10A2, 0x10A2, 0x18E3, 0x2965, 0x2945, 0x18C3, 0x0841, 0x0000, 0x0000, 0x0000,
  0x0020, 0x0861, 0x10A2, 0x18E3, 0x2945, 0x3186, 0x2965, 0x2124, 0x18E3, 0x10A2, 0x1082, 0x0841,
  0x0000, 0x0000, 0x0000, 0x0000, 0x0000, 0x1082, 0x2104, 0x2124, 0x2124, 0x2104, 0x18E3, 0x18E3,
  0x18C3, 0x10A2, 0x10A2, 0x0861, 0x0000, 0x0000, 0x0020, 0x0841, 0x0861, 0x1082, 0x0020, 0x0000,
  0x1082, 0x31A6, 0x4A69, 0x528A, 0x4A69, 0x528A, 0x52AA, 0x52AA, 0x528A, 0x528A, 0x5AEB, 0x630C,
  0x630C, 0x5AEB, 0x52AA, 0x528A, 0x630C, 0x6B6D, 0x632C, 0x5ACB, 0x630C, 0x632C, 0x6B4D, 0x73AE,
  0x8C71, 0x94B2, 0x8C71, 0x7BEF, 0x5AEB, 0x31A6, 0x0841, 0x0000, 0x0000, 0x0861, 0x10A2, 0x10A2,
  0x10A2, 0x10A2, 0x0861, 0x0841, 0x0861, 0x0861, 0x0841, 0x0841, 0x0841, 0x0841, 0x0841, 0x0020,
  0x0020, 0x0020, 0x0020, 0x0841, 0x0841, 0x0020, 0x0841, 0x0841, 0x0841, 0x0841, 0x0841, 0x0020,
  0x0020, 0x0841, 0x0020, 0x0841, 0x0020, 0x0020, 0x0841, 0x0841, 0x0841, 0x0841, 0x0020, 0x0841,
  0x0841, 0x0841, 0x0841, 0x0841, 0x0841, 0x0841, 0x0841, 0x0841, 0x0861, 0x0861, 0x0861, 0x1082,
  0x1082, 0x10A2, 0x18C3, 0x18E3, 0x2104, 0x2104, 0x18E3, 0x18E3, 0x18C3, 0x10A2, 0x18E3, 0x2945,
  0x2965, 0x2124, 0x2104, 0x2104, 0x18E3, 0x2124, 0x4A49, 0x5AEB, 0x738E, 0x8410, 0x8C51, 0x8C51,
  0x8C71, 0x9CD3, 0xAD55, 0xB5B6, 0xB5B6, 0xB596, 0xA534, 0x9CD3, 0x8C51, 0x7BCF, 0x632C, 0x5ACB,
  0x4A69, 0x39E7, 0x2965, 0x2124, 0x18E3, 0x18E3, 0x2104, 0x2124, 0x2945, 0x3186, 0x39C7, 0x2945,
  0x18C3, 0x1082, 0x0861, 0x1082, 0x0841, 0x0020, 0x0020, 0x0841, 0x0861, 0x10A2, 0x18C3, 0x0841,
  0x0000, 0x10A2, 0x31A6, 0x4A49, 0x4A49, 0x4A49, 0x4228, 0x39E7, 0x39E7, 0x4208, 0x4A49, 0x528A,
  0x4A69, 0x4228, 0x4208, 0x39E7, 0x39C7, 0x39E7, 0x4228, 0x4A69, 0x5ACB, 0x632C, 0x632C, 0x738E,
  0x8430, 0x8C51, 0x73AE, 0x5AEB, 0x4A69, 0x31A6, 0x2104, 0x0020, 0x0000, 0x0861, 0x10A2, 0x10A2,
  0x18C3, 0x18C3, 0x10A2, 0x0861, 0x0841, 0x0841, 0x0861, 0x0841, 0x0841, 0x0841, 0x0841, 0x0841,
  0x0020, 0x0020, 0x0020, 0x0020, 0x0841, 0x0841, 0x0841, 0x0841, 0x0841, 0x0020, 0x0841, 0x0841,
  0x0841, 0x0020, 0x0841, 0x0841, 0x0841, 0x0841, 0x0841, 0x0841, 0x0841, 0x0841, 0x0841, 0x0841,
  0x0841, 0x0841, 0x0841, 0x0861, 0x1082, 0x0861, 0x0861, 0x0861, 0x0861, 0x0861, 0x0861, 0x10A2,
  0x18C3, 0x1082, 0x0861, 0x1082, 0x10A2, 0x18C3, 0x18E3, 0x2104, 0x2124, 0x2124, 0x2945, 0x2965,
  0x2124, 0x18E3, 0x2104, 0x2945, 0x31A6, 0x39C7, 0x39C7, 0x4A49, 0x5ACB, 0x738E, 0x9CD3, 0xBDF7,
  0xC638, 0xBDF7, 0xAD55, 0x94B2, 0x8C71, 0x9492, 0x94B2, 0x9492, 0x8C71, 0x8430, 0x738E, 0x5AEB,
  0x4A69, 0x4228, 0x39E7, 0x39E7, 0x31A6, 0x31A6, 0x39C7, 0x31A6, 0x2965, 0x2965, 0x3186, 0x3186,
  0x18C3, 0x0020, 0x0020, 0x0841, 0x0841, 0x0841, 0x0841, 0x0861, 0x0861, 0x1082, 0x1082, 0x0861,
  0x0861, 0x0861, 0x1082, 0x2124, 0x4208, 0x4A49, 0x4A69, 0x4A49, 0x4228, 0x4208, 0x4208, 0x4208,
  0x4A49, 0x4A69, 0x528A, 0x528A, 0x528A, 0x52AA, 0x52AA, 0x4A49, 0x39C7, 0x39C7, 0x4A49, 0x5ACB,
  0x5ACB, 0x52AA, 0x4A49, 0x4A49, 0x52AA, 0x4A69, 0x4208, 0x3186, 0x2124, 0x2124, 0x2945, 0x2124,
  0x18E3, 0x10A2, 0x1082, 0x0861, 0x0841, 0x0861, 0x0861, 0x0861, 0x0841, 0x0841, 0x0841, 0x0841,
  0x0020, 0x0841, 0x0841, 0x0841, 0x0020, 0x0841, 0x0841, 0x0841, 0x0841, 0x0841, 0x0020, 0x0841,
  0x0841, 0x0841, 0x0841, 0x0841, 0x0841, 0x0841, 0x0841, 0x0020, 0x0841, 0x0841, 0x0841, 0x0841,
  0x0841, 0x0841, 0x0841, 0x0861, 0x0861, 0x1082, 0x10A2, 0x10A2, 0x18C3, 0x18E3, 0x2104, 0x2124,
  0x2124, 0x2124, 0x18E3, 0x10A2, 0x10A2, 0x18C3, 0x1082, 0x10A2, 0x2104, 0x3186, 0x3186, 0x2965,
  0x2945, 0x2124, 0x2945, 0x2965, 0x39C7, 0x39E7, 0x31A6, 0x31A6, 0x39E7, 0x4A49, 0x528A, 0x5AEB,
  0x6B4D, 0x6B4D, 0x5AEB, 0x4A69, 0x4208, 0x31A6, 0x31A6, 0x31A6, 0x4A49, 0x630C, 0x5AEB, 0x4A69,
  0x4208, 0x39C7, 0x31A6, 0x31A6, 0x39C7, 0x39C7, 0x39C7, 0x39C7, 0x3186, 0x2965, 0x2965, 0x2945,
  0x2104, 0x0861, 0x0000, 0x0841, 0x0861, 0x0861, 0x0861, 0x0861, 0x1082, 0x0861, 0x0841, 0x0841,
  0x0841, 0x1082, 0x1082, 0x10A2, 0x2124, 0x3186, 0x39E7, 0x4208, 0x4228, 0x4A49, 0x4228, 0x4228,
  0x4A69, 0x5ACB, 0x632C, 0x632C, 0x630C, 0x632C, 0x5AEB, 0x4228, 0x3186, 0x2965, 0x2965, 0x31A6,
  0x31A6, 0x2965, 0x31A6, 0x4A49, 0x5AEB, 0x528A, 0x31A6, 0x2945, 0x2965, 0x31A6, 0x3186, 0x2124,
  0x18E3, 0x10A2, 0x0861, 0x0841, 0x0861, 0x0861, 0x0861, 0x0841, 0x0841, 0x0841, 0x0841, 0x0841,
  0x0020, 0x0841, 0x0841, 0x0020, 0x0020, 0x0020, 0x0020, 0x0841, 0x0841, 0x0841, 0x0841, 0x0841,
  0x0841, 0x0841, 0x0020, 0x0020, 0x0841, 0x0841, 0x0020, 0x0020, 0x0020, 0x0841, 0x0841, 0x0841,
  0x0841, 0x0841, 0x0841, 0x0841, 0x0861, 0x0861, 0x0861, 0x1082, 0x1082, 0x10A2, 0x10A2, 0x18C3,
  0x18E3, 0x2104, 0x2104, 0x18E3, 0x18C3, 0x18C3, 0x2104, 0x2124, 0x2945, 0x2965, 0x31A6, 0x39C7,
  0x39E7, 0x4A69, 0x52AA, 0x4A69, 0x4228, 0x4228, 0x4208, 0x39C7, 0x39C7, 0x4228, 0x528A, 0x5AEB,
  0x5AEB, 0x5AEB, 0x5ACB, 0x5AEB, 0x5AEB, 0x5ACB, 0x5ACB, 0x528A, 0x4A69, 0x528A, 0x528A, 0x528A,
  0x528A, 0x4A69, 0x4A49, 0x4228, 0x39C7, 0x31A6, 0x31A6, 0x39C7, 0x31A6, 0x2965, 0x2945, 0x2965,
  0x2104, 0x1082, 0x0841, 0x0020, 0x0841, 0x0841, 0x0841, 0x0861, 0x10A2, 0x10A2, 0x1082, 0x1082,
  0x1082, 0x1082, 0x0841, 0x0861, 0x10A2, 0x2104, 0x2965, 0x39C7, 0x4208, 0x4228, 0x4228, 0x4A49,
  0x528A, 0x5ACB, 0x5ACB, 0x630C, 0x6B6D, 0x6B4D, 0x5AEB, 0x4A49, 0x4208, 0x39E7, 0x39E7, 0x39E7,
  0x3186, 0x2965, 0x2965, 0x2945, 0x18E3, 0x0861, 0x0000, 0x0000, 0x0000, 0x0841, 0x0861, 0x0841,
  0x0861, 0x0841, 0x0841, 0x0841, 0x0861, 0x0861, 0x0861, 0x1082, 0x0841, 0x0841, 0x0841, 0x0841,
  0x0841, 0x0020, 0x0841, 0x0020, 0x0020, 0x0020, 0x0020, 0x0841, 0x0841, 0x0020, 0x0020, 0x0020,
  0x0020, 0x0020, 0x0841, 0x0020, 0x0020, 0x0841, 0x0841, 0x0020, 0x0020, 0x0841, 0x0841, 0x0841,
  0x0841, 0x0841, 0x0841, 0x0861, 0x0841, 0x0841, 0x0841, 0x0861, 0x0861, 0x1082, 0x1082, 0x10A2,
  0x10A2, 0x10A2, 0x18C3, 0x2104, 0x2104, 0x18E3, 0x18C3, 0x18E3, 0x2124, 0x2965, 0x2965, 0x2965,
  0x31A6, 0x39E7, 0x528A, 0x5ACB, 0x528A, 0x528A, 0x5AEB, 0x5AEB, 0x528A, 0x4228, 0x4A69, 0x630C,
  0x632C, 0x528A, 0x4A69, 0x5AEB, 0x73AE, 0x7BEF, 0x73AE, 0x6B6D, 0x630C, 0x5AEB, 0x5AEB, 0x4A69,
  0x4208, 0x4228, 0x4A69, 0x4A69, 0x4A49, 0x39C7, 0x3186, 0x3186, 0x3186, 0x3186, 0x3186, 0x3186,
  0x2124, 0x18C3, 0x0861, 0x0020, 0x0000, 0x0841, 0x1082, 0x1082, 0x10A2, 0x18C3, 0x18E3, 0x2104,
  0x2104, 0x2104, 0x18E3, 0x18C3, 0x10A2, 0x18C3, 0x2104, 0x2124, 0x2965, 0x39C7, 0x39C7, 0x4208,
  0x4A69, 0x528A, 0x5ACB, 0x632C, 0x73AE, 0x738E, 0x630C, 0x528A, 0x4A69, 0x4228, 0x2965, 0x2104,
  0x18E3, 0x18C3, 0x18C3, 0x0841, 0x0000, 0x0000, 0x0000, 0x0020, 0x0861, 0x0861, 0x0841, 0x0000,
  0x0000, 0x0020, 0x0020, 0x0841, 0x0861, 0x1082, 0x0861, 0x1082, 0x1082, 0x0861, 0x0841, 0x0841,
  0x0841, 0x0841, 0x0841, 0x0020, 0x0020, 0x0020, 0x0020, 0x0020, 0x0841, 0x0841, 0x0020, 0x0020,
  0x0841, 0x0841, 0x0020, 0x0020, 0x0020, 0x0841, 0x0841, 0x0020, 0x0841, 0x0841, 0x0841, 0x0841,
  0x0841, 0x0841, 0x0841, 0x0841, 0x0861, 0x0841, 0x0841, 0x0841, 0x0841, 0x0861, 0x1082, 0x10A2,
  0x10A2, 0x1082, 0x10A2, 0x1082, 0x18C3, 0x18E3, 0x18E3, 0x18E3, 0x18E3, 0x2104, 0x2104, 0x2104,
  0x2104, 0x2124, 0x2124, 0x2124, 0x2965, 0x31A6, 0x39E7, 0x4A49, 0x4A69, 0x4A69, 0x4A49, 0x4A49,
  0x5ACB, 0x630C, 0x52AA, 0x52AA, 0x6B4D, 0x7BCF, 0x7BCF, 0x738E, 0x6B4D, 0x632C, 0x630C, 0x630C,
  0x5ACB, 0x528A, 0x4A69, 0x4A69, 0x4A69, 0x4A49, 0x39E7, 0x31A6, 0x31A6, 0x31A6, 0x39C7, 0x39E7,
  0x2965, 0x18C3, 0x0841, 0x0020, 0x0020, 0x0841, 0x10A2, 0x2104, 0x2104, 0x18C3, 0x18C3, 0x18E3,
  0x18E3, 0x18E3, 0x18C3, 0x18C3, 0x10A2, 0x10A2, 0x2104, 0x2124, 0x18E3, 0x18E3, 0x2945, 0x31A6,
  0x4A49, 0x52AA, 0x5ACB, 0x630C, 0x738E, 0x7BCF, 0x6B4D, 0x528A, 0x4208, 0x3186, 0x2124, 0x18C3,
  0x10A2, 0x1082, 0x0841, 0x0020, 0x0841, 0x0841, 0x0861, 0x0841, 0x0841, 0x0841, 0x0000, 0x0020,
  0x0841, 0x0841, 0x0841, 0x0841, 0x0861, 0x0861, 0x0861, 0x10A2, 0x10A2, 0x0861, 0x0841, 0x0841,
  0x0841, 0x0841, 0x0841, 0x0020, 0x0020, 0x0020, 0x0020, 0x0020, 0x0020, 0x0841, 0x0841, 0x0020,
  0x0841, 0x0841, 0x0841, 0x0020, 0x0841, 0x0841, 0x0841, 0x0841, 0x0841, 0x0841, 0x0841, 0x0841,
  0x0841, 0x0020, 0x0020, 0x0841, 0x0841, 0x0841, 0x0841, 0x0841, 0x0841, 0x0841, 0x0861, 0x0861,
  0x0861, 0x0841, 0x0841, 0x0861, 0x0861, 0x1082, 0x1082, 0x10A2, 0x18C3, 0x18C3, 0x18C3, 0x18C3,
  0x18C3, 0x18C3, 0x18C3, 0x18E3, 0x18E3, 0x2104, 0x18E3, 0x10A2, 0x18E3, 0x2124, 0x2965, 0x31A6,
  0x31A6, 0x31A6, 0x39C7, 0x4228, 0x4A69, 0x52AA, 0x5ACB, 0x632C, 0x738E, 0x73AE, 0x73AE, 0x738E,
  0x6B4D, 0x6B4D, 0x5AEB, 0x528A, 0x4A69, 0x4A69, 0x4A49, 0x4208, 0x39E7, 0x39E7, 0x39E7, 0x39C7,
  0x3186, 0x2104, 0x1082, 0x0861, 0x0861, 0x0861, 0x10A2, 0x18C3, 0x18E3, 0x18C3, 0x1082, 0x1082,
  0x18C3, 0x18C3, 0x1082, 0x0861, 0x10A2, 0x18E3, 0x18E3, 0x2124, 0x2104, 0x10A2, 0x18E3, 0x2124,
  0x39C7, 0x4A69, 0x5AEB, 0x630C, 0x6B6D, 0x7BCF, 0x632C, 0x4228, 0x2965, 0x18E3, 0x18C3, 0x18E3,
  0x2104, 0x2104, 0x10A2, 0x0861, 0x1082, 0x0841, 0x0841, 0x0841, 0x0020, 0x0841, 0x0841, 0x0841,
  0x1082, 0x0861, 0x0841, 0x0861, 0x1082, 0x0861, 0x0861, 0x0861, 0x1082, 0x1082, 0x0861, 0x0861,
  0x0841, 0x0841, 0x0841, 0x0841, 0x0020, 0x0020, 0x0020, 0x0020, 0x0020, 0x0020, 0x0020, 0x0841,
  0x0841, 0x0841, 0x0020, 0x0020, 0x0841, 0x0841, 0x0841, 0x0020, 0x0841, 0x0841, 0x0841, 0x0841,
  0x0841, 0x0841, 0x0841, 0x0841, 0x0841, 0x0841, 0x0841, 0x0841, 0x0841, 0x0841, 0x0841, 0x0861,
  0x0861, 0x0861, 0x0861, 0x0861, 0x0861, 0x0861, 0x0861, 0x0861, 0x1082, 0x1082, 0x1082, 0x10A2,
  0x18C3, 0x18E3, 0x2124, 0x2104, 0x2104, 0x2124, 0x2945, 0x2104, 0x1082, 0x1082, 0x1082, 0x1082,
  0x0861, 0x10A2, 0x18E3, 0x2104, 0x18E3, 0x2104, 0x2945, 0x31A6, 0x39C7, 0x4228, 0x528A, 0x5AEB,
  0x630C, 0x632C, 0x6B4D, 0x630C, 0x5ACB, 0x4A69, 0x39E7, 0x31A6, 0x3186, 0x31A6, 0x2965, 0x18E3,
  0x10A2, 0x18C3, 0x18C3, 0x1082, 0x1082, 0x0861, 0x1082, 0x18C3, 0x18E3, 0x18C3, 0x18C3, 0x10A2,
  0x10A2, 0x10A2, 0x10A2, 0x10A2, 0x1082, 0x0861, 0x10A2, 0x18E3, 0x2104, 0x18E3, 0x18C3, 0x2124,
  0x2965, 0x31A6, 0x4A69, 0x5AEB, 0x632C, 0x6B6D, 0x630C, 0x4228, 0x2945, 0x10A2, 0x1082, 0x2104,
  0x2124, 0x2104, 0x18E3, 0x10A2, 0x0861, 0x1082, 0x0861, 0x1082, 0x1082, 0x1082, 0x1082, 0x1082,
  0x1082, 0x0861, 0x0861, 0x0841, 0x0861, 0x0861, 0x0861, 0x0841, 0x0861, 0x1082, 0x1082, 0x0861,
  0x0861, 0x0841, 0x0841, 0x0841, 0x0841, 0x0020, 0x0020, 0x0020, 0x0020, 0x0020, 0x0020, 0x0020,
  0x0841, 0x0841, 0x0841, 0x0020, 0x0020, 0x0841, 0x0841, 0x0841, 0x0841, 0x0841, 0x0841, 0x0841,
  0x0841, 0x0841, 0x0841, 0x0841, 0x0841, 0x0841, 0x0841, 0x0841, 0x0841, 0x0841, 0x0841, 0x0841,
  0x0861, 0x1082, 0x1082, 0x1082, 0x0861, 0x1082, 0x0861, 0x0841, 0x0861, 0x1082, 0x1082, 0x1082,
  0x1082, 0x1082, 0x1082, 0x10A2, 0x10A2, 0x18C3, 0x18C3, 0x2104, 0x2104, 0x18E3, 0x18C3, 0x1082,
  0x0861, 0x0861, 0x1082, 0x1082, 0x0861, 0x10A2, 0x10A2, 0x1082, 0x10A2, 0x18C3, 0x18E3, 0x2945,
  0x31A6, 0x4208, 0x4A49, 0x5ACB, 0x52AA, 0x4A69, 0x39E7, 0x2945, 0x2124, 0x2965, 0x2945, 0x18C3,
  0x10A2, 0x18E3, 0x18E3, 0x18E3, 0x10A2, 0x1082, 0x1082, 0x1082, 0x10A2, 0x18C3, 0x10A2, 0x1082,
  0x1082, 0x1082, 0x1082, 0x1082, 0x1082, 0x0841, 0x0841, 0x0861, 0x10A2, 0x18C3, 0x18E3, 0x2104,
  0x3186, 0x3186, 0x39E7, 0x52AA, 0x630C, 0x5AEB, 0x52AA, 0x4208, 0x2945, 0x2124, 0x2124, 0x3186,
  0x31A6, 0x3186, 0x2124, 0x18E3, 0x18C3, 0x10A2, 0x1082, 0x0861, 0x0861, 0x1082, 0x0861, 0x0841,
  0x0861, 0x0861, 0x0861, 0x0861, 0x0861, 0x0841, 0x0841, 0x0861, 0x0841, 0x0841, 0x0861, 0x0861,
  0x0861, 0x0861, 0x0841, 0x0841, 0x0841, 0x0841, 0x0020, 0x0020, 0x0020, 0x0020, 0x0020, 0x0020,
  0x0020, 0x0841, 0x0841, 0x0020, 0x0841, 0x0841, 0x0841, 0x0841, 0x0841, 0x0841, 0x0841, 0x0841,
  0x0841, 0x0841, 0x0841, 0x0841, 0x0841, 0x0841, 0x0841, 0x0841, 0x0841, 0x0841, 0x0841, 0x0861,
  0x0861, 0x0861, 0x0861, 0x0861, 0x0861, 0x1082, 0x1082, 0x1082, 0x0861, 0x0861, 0x0861, 0x1082,
  0x1082, 0x10A2, 0x1082, 0x0861, 0x0861, 0x1082, 0x10A2, 0x18C3, 0x2104, 0x2104, 0x2104, 0x18E3,
  0x18C3, 0x18C3, 0x18C3, 0x10A2, 0x10A2, 0x18C3, 0x18E3, 0x18E3, 0x2104, 0x2124, 0x2104, 0x18C3,
  0x1082, 0x10A2, 0x18E3, 0x2124, 0x39C7, 0x4208, 0x39C7, 0x2945, 0x2104, 0x2104, 0x2124, 0x18E3,
  0x18C3, 0x18C3, 0x10A2, 0x18C3, 0x18C3, 0x10A2, 0x1082, 0x1082, 0x0841, 0x0841, 0x0861, 0x0861,
  0x0841, 0x0861, 0x0861, 0x0861, 0x0861, 0x1082, 0x0861, 0x0020, 0x0841, 0x0841, 0x10A2, 0x18C3,
  0x2124, 0x31A6, 0x39E7, 0x4228, 0x4A69, 0x4A49, 0x4208, 0x39C7, 0x3186, 0x3186, 0x31A6, 0x31A6,
  0x39C7, 0x31A6, 0x2965, 0x10A2, 0x0841, 0x0841, 0x0841, 0x0861, 0x1082, 0x0861, 0x0861, 0x1082,
  0x0861, 0x0861, 0x0841, 0x0841, 0x0861, 0x0861, 0x0841, 0x0841, 0x0861, 0x0841, 0x0841, 0x0841,
  0x0841, 0x0841, 0x0841, 0x0841, 0x0841, 0x0841, 0x0841, 0x0020, 0x0020, 0x0020, 0x0020, 0x0020,
  0x0000, 0x0020, 0x0841, 0x0020, 0x0841, 0x0020, 0x0020, 0x0841, 0x0841, 0x0841, 0x0841, 0x0841,
  0x0841, 0x0841, 0x0841, 0x0841, 0x0841, 0x0841, 0x0841, 0x0841, 0x0841, 0x0841, 0x0841, 0x0841,
  0x0861, 0x0861, 0x0841, 0x0841, 0x0841, 0x0861, 0x1082, 0x1082, 0x1082, 0x1082, 0x1082, 0x0861,
  0x0861, 0x1082, 0x10A2, 0x10A2, 0x1082, 0x1082, 0x1082, 0x10A2, 0x18C3, 0x18C3, 0x18E3, 0x18E3,
  0x18E3, 0x18E3, 0x18E3, 0x18E3, 0x18C3, 0x10A2, 0x18C3, 0x18C3, 0x18E3, 0x2124, 0x2965, 0x2945,
  0x2104, 0x2104, 0x2104, 0x2104, 0x2104, 0x2124, 0x3186, 0x2965, 0x2104, 0x18E3, 0x18C3, 0x18C3,
  0x18C3, 0x10A2, 0x1082, 0x1082, 0x1082, 0x1082, 0x0841, 0x0841, 0x0861, 0x0861, 0x0861, 0x0861,
  0x0861, 0x0861, 0x1082, 0x0861, 0x0861, 0x0861, 0x0861, 0x0841, 0x0020, 0x0020, 0x0000, 0x0020,
  0x0861, 0x18E3, 0x3186, 0x39E7, 0x4208, 0x4208, 0x39C7, 0x31A6, 0x3186, 0x2965, 0x3186, 0x31A6,
  0x39E7, 0x4208, 0x39C7, 0x2124, 0x0841, 0x0020, 0x0020, 0x0000, 0x0020, 0x0861, 0x0861, 0x1082,
  0x1082, 0x0841, 0x0841, 0x0861, 0x0841, 0x0861, 0x0861, 0x0841, 0x0841, 0x0841, 0x0841, 0x0841,
  0x0841, 0x0841, 0x0841, 0x0841, 0x0841, 0x0841, 0x0841, 0x0841, 0x0841, 0x0020, 0x0000, 0x0000,
  0x0020, 0x0020, 0x0020, 0x0020, 0x0020, 0x0841, 0x0020, 0x0841, 0x0841, 0x0841, 0x0841, 0x0841,
  0x0841, 0x0841, 0x0841, 0x0841, 0x0841, 0x0861, 0x0841, 0x0841, 0x0841, 0x0841, 0x0841, 0x0841,
  0x0861, 0x0861, 0x0861, 0x0841, 0x0841, 0x0861, 0x0861, 0x0861, 0x0861, 0x0861, 0x0861, 0x1082,
  0x1082, 0x0861, 0x1082, 0x1082, 0x1082, 0x10A2, 0x10A2, 0x1082, 0x1082, 0x10A2, 0x18C3, 0x10A2,
  0x18C3, 0x18C3, 0x18C3, 0x18E3, 0x2104, 0x18E3, 0x18C3, 0x10A2, 0x1082, 0x1082, 0x18C3, 0x2104,
  0x2124, 0x2104, 0x2104, 0x2124, 0x18E3, 0x18E3, 0x2124, 0x2104, 0x18E3, 0x18C3, 0x10A2, 0x18C3,
  0x10A2, 0x1082, 0x10A2, 0x1082, 0x0861, 0x0861, 0x0841, 0x0841, 0x0861, 0x0861, 0x0861, 0x0861,
  0x0861, 0x0861, 0x0861, 0x0861, 0x10A2, 0x10A2, 0x1082, 0x1082, 0x0861, 0x0020, 0x0020, 0x0000,
  0x0000, 0x0020, 0x1082, 0x2945, 0x39C7, 0x4208, 0x39E7, 0x3186, 0x2965, 0x2965, 0x3186, 0x31A6,
  0x4208, 0x4A49, 0x4A49, 0x39E7, 0x2104, 0x0841, 0x0000, 0x0000, 0x0000, 0x0020, 0x0841, 0x0841,
  0x0841, 0x0841, 0x0841, 0x0841, 0x0841, 0x0841, 0x0841, 0x0841, 0x0841, 0x0841, 0x0841, 0x0841,
  0x0841, 0x0841, 0x0841, 0x0841, 0x0841, 0x0841, 0x0841, 0x0020, 0x0020, 0x0841, 0x0020, 0x0000,
  0x0000, 0x0020, 0x0020, 0x0020, 0x0020, 0x0841, 0x0841, 0x0020, 0x0020, 0x0841, 0x0841, 0x0841,
  0x0841, 0x0841, 0x0841, 0x0841, 0x0841, 0x0841, 0x0841, 0x0841, 0x0841, 0x0841, 0x0841, 0x0841,
  0x0841, 0x0841, 0x0841, 0x0841, 0x0841, 0x0841, 0x0841, 0x0841, 0x0861, 0x0861, 0x0861, 0x0861,
  0x0861, 0x0861, 0x0861, 0x1082, 0x1082, 0x1082, 0x1082, 0x1082, 0x1082, 0x10A2, 0x10A2, 0x18C3,
  0x18E3, 0x18E3, 0x18E3, 0x18C3, 0x10A2, 0x10A2, 0x10A2, 0x18C3, 0x18C3, 0x10A2, 0x1082, 0x10A2,
  0x18E3, 0x18E3, 0x18E3, 0x18E3, 0x18E3, 0x18E3, 0x18C3, 0x18C3, 0x1082, 0x10A2, 0x10A2, 0x1082,
  0x10A2, 0x1082, 0x1082, 0x0861, 0x0841, 0x0841, 0x0861, 0x0861, 0x0861, 0x0861, 0x0861, 0x0841,
  0x0861, 0x0861, 0x0841, 0x1082, 0x1082, 0x1082, 0x1082, 0x0861, 0x1082, 0x0861, 0x0841, 0x0841,
  0x0020, 0x0000, 0x0841, 0x0861, 0x18C3, 0x2124, 0x2965, 0x3186, 0x3186, 0x2965, 0x2965, 0x31A6,
  0x4208, 0x4A69, 0x528A, 0x4A49, 0x39E7, 0x2124, 0x0841, 0x0000, 0x0000, 0x0000, 0x0841, 0x0841,
  0x0841, 0x0841, 0x0841, 0x0861, 0x0861, 0x0841, 0x0841, 0x0861, 0x0861, 0x0841, 0x0841, 0x0841,
  0x0841, 0x0841, 0x0841, 0x0841, 0x0841, 0x0841, 0x0841, 0x0841, 0x0841, 0x0841, 0x0841, 0x0020,
  0x0020, 0x0000, 0x0020, 0x0000, 0x0020, 0x0020, 0x0020, 0x0020, 0x0020, 0x0841, 0x0841, 0x0841,
  0x0841, 0x0841, 0x0841, 0x0841, 0x0841, 0x0841, 0x0841, 0x0841, 0x0841, 0x0841, 0x0841, 0x0841,
  0x0841, 0x0841, 0x0841, 0x0861, 0x0841, 0x0861, 0x0861, 0x0861, 0x0841, 0x0841, 0x0841, 0x0841,
  0x0861, 0x0861, 0x0861, 0x0861, 0x1082, 0x1082, 0x1082, 0x1082, 0x1082, 0x1082, 0x10A2, 0x10A2,
  0x10A2, 0x10A2, 0x10A2, 0x1082, 0x1082, 0x1082, 0x0861, 0x0861, 0x1082, 0x1082, 0x10A2, 0x18E3,
  0x18C3, 0x10A2, 0x10A2, 0x18C3, 0x18C3, 0x18C3, 0x18C3, 0x18C3, 0x18E3, 0x18C3, 0x10A2, 0x10A2,
  0x0861, 0x0861, 0x0861, 0x0861, 0x0861, 0x0861, 0x0861, 0x0861, 0x1082, 0x0861, 0x0861, 0x0861,
  0x0841, 0x0841, 0x0861, 0x0861, 0x0841, 0x0841, 0x0861, 0x0861, 0x0841, 0x0841, 0x0841, 0x0841,
  0x0841, 0x0020, 0x0841, 0x0861, 0x1082, 0x18C3, 0x2945, 0x3186, 0x3186, 0x3186, 0x2945, 0x2965,
  0x39E7, 0x4A49, 0x52AA, 0x52AA, 0x4A49, 0x3186, 0x18E3, 0x0841, 0x0000, 0x0000, 0x0000, 0x0000,
  0x0020, 0x0841, 0x0861, 0x0861, 0x0861, 0x0861, 0x0841, 0x0841, 0x0841, 0x0841, 0x0841, 0x0841,
  0x0861, 0x0841, 0x0841, 0x0841, 0x0841, 0x0841, 0x0841, 0x0841, 0x0841, 0x0841, 0x0841, 0x0020,
  0x0020, 0x0020, 0x0020, 0x0020, 0x0000, 0x0020, 0x0020, 0x0020, 0x0841, 0x0841, 0x0841, 0x0841,
  0x0841, 0x0841, 0x0841, 0x0861, 0x0841, 0x0841, 0x0841, 0x0841, 0x0841, 0x0841, 0x0861, 0x0861,
  0x0841, 0x0841, 0x0861, 0x0841, 0x0841, 0x0841, 0x0841, 0x0861, 0x0841, 0x0841, 0x0841, 0x0841,
  0x0841, 0x0861, 0x0861, 0x0861, 0x0841, 0x0861, 0x0861, 0x0861, 0x1082, 0x1082, 0x1082, 0x1082,
  0x1082, 0x10A2, 0x18C3, 0x18C3, 0x18C3, 0x18E3, 0x18C3, 0x18C3, 0x18C3, 0x18E3, 0x18C3, 0x10A2,
  0x10A2, 0x10A2, 0x1082, 0x10A2, 0x18E3, 0x18C3, 0x18C3, 0x18E3, 0x18C3, 0x10A2, 0x10A2, 0x1082,
  0x1082, 0x1082, 0x1082, 0x10A2, 0x1082, 0x0861, 0x0861, 0x0861, 0x0861, 0x0861, 0x0841, 0x0841,
  0x0861, 0x0861, 0x0841, 0x0861, 0x0861, 0x0861, 0x0841, 0x0841, 0x0841, 0x0020, 0x0020, 0x0841,
  0x0841, 0x0020, 0x0020, 0x0841, 0x0861, 0x0861, 0x1082, 0x18C3, 0x2124, 0x2124, 0x18E3, 0x2124,
  0x39C7, 0x4228, 0x528A, 0x5ACB, 0x5ACB, 0x4A49, 0x2965, 0x18C3, 0x0841, 0x0000, 0x0000, 0x0000,
  0x0000, 0x0841, 0x0841, 0x0841, 0x0841, 0x0861, 0x0861, 0x1082, 0x0861, 0x0841, 0x0841, 0x0841,
  0x0861, 0x0841, 0x0841, 0x0841, 0x0861, 0x0861, 0x0841, 0x0841, 0x0841, 0x0841, 0x0841, 0x0020,
  0x0020, 0x0020, 0x0000, 0x0000, 0x0000, 0x0000, 0x0020, 0x0020, 0x0841, 0x0020, 0x0020, 0x0841,
  0x0841, 0x0841, 0x0841, 0x0841, 0x0841, 0x0841, 0x0841, 0x0841, 0x0841, 0x0841, 0x0841, 0x0841,
  0x0841, 0x0841, 0x0841, 0x0841, 0x0841, 0x0841, 0x0841, 0x0841, 0x0841, 0x0841, 0x0841, 0x0841,
  0x0841, 0x0841, 0x0841, 0x0861, 0x0841, 0x0841, 0x0861, 0x0861, 0x0861, 0x0861, 0x1082, 0x1082,
  0x10A2, 0x10A2, 0x10A2, 0x18C3, 0x18E3, 0x2104, 0x2124, 0x2124, 0x2104, 0x2104, 0x2104, 0x18E3,
  0x18C3, 0x10A2, 0x10A2, 0x10A2, 0x10A2, 0x10A2, 0x1082, 0x1082, 0x0861, 0x0861, 0x0861, 0x0861,
  0x1082, 0x1082, 0x0861, 0x0861, 0x0861, 0x1082, 0x1082, 0x0861, 0x0861, 0x0841, 0x0841, 0x0841,
  0x0841, 0x0841, 0x0841, 0x0841, 0x0841, 0x0841, 0x0861, 0x0861, 0x0841, 0x0841, 0x0841, 0x0841,
  0x0841, 0x0020, 0x0841, 0x0020, 0x0841, 0x0861, 0x0841, 0x0861, 0x10A2, 0x18E3, 0x2104, 0x2104,
  0x3186, 0x4A69, 0x5ACB, 0x5AEB, 0x52AA, 0x4A49, 0x39C7, 0x2124, 0x18C3, 0x1082, 0x0861, 0x0020,
  0x0000, 0x0020, 0x0020, 0x0841, 0x0841, 0x0841, 0x0861, 0x0861, 0x0861, 0x0841, 0x0841, 0x0841,
  0x0841, 0x0841, 0x0841, 0x0861, 0x0861, 0x0861, 0x0861, 0x0841, 0x0861, 0x0841, 0x0841, 0x0841,
  0x0000, 0x0000, 0x0000, 0x0000, 0x0000, 0x0000, 0x0000, 0x0020, 0x0020, 0x0020, 0x0020, 0x0020,
  0x0841, 0x0841, 0x0841, 0x0841, 0x0841, 0x0841, 0x0841, 0x0841, 0x0841, 0x0841, 0x0841, 0x0841,
  0x0841, 0x0841, 0x0841, 0x0841, 0x0861, 0x1082, 0x0841, 0x0861, 0x0841, 0x0841, 0x0861, 0x0861,
  0x0841, 0x0841, 0x0841, 0x0841, 0x0841, 0x0841, 0x0861, 0x0861, 0x0861, 0x0841, 0x0861, 0x0841,
  0x0861, 0x0861, 0x1082, 0x1082, 0x10A2, 0x18C3, 0x18C3, 0x18C3, 0x18C3, 0x18C3, 0x18C3, 0x10A2,
  0x1082, 0x1082, 0x1082, 0x1082, 0x10A2, 0x1082, 0x0861, 0x0841, 0x0841, 0x0841, 0x0841, 0x0841,
  0x0841, 0x0841, 0x0841, 0x0841, 0x0841, 0x0841, 0x0861, 0x1082, 0x1082, 0x0861, 0x0841, 0x0841,
  0x0841, 0x0841, 0x0841, 0x0841, 0x0841, 0x0841, 0x0020, 0x0841, 0x0841, 0x0841, 0x0841, 0x0841,
  0x0841, 0x0841, 0x0841, 0x0020, 0x0841, 0x0841, 0x0841, 0x0841, 0x0861, 0x1082, 0x1082, 0x18E3,
  0x3186, 0x39E7, 0x4228, 0x4228, 0x39E7, 0x39C7, 0x31A6, 0x2945, 0x2104, 0x10A2, 0x1082, 0x1082,
  0x0841, 0x0841, 0x0841, 0x0020, 0x0841, 0x0861, 0x0861, 0x0861, 0x0841, 0x0861, 0x0841, 0x0841,
  0x0841, 0x0841, 0x0841, 0x0841, 0x1082, 0x1082, 0x0861, 0x0841, 0x0841, 0x0020, 0x0000, 0x0020,
  0x0000, 0x0000, 0x0000, 0x0000, 0x0000, 0x0000, 0x0000, 0x0000, 0x0020, 0x0020, 0x0020, 0x0020,
  0x0020, 0x0841, 0x0841, 0x0841, 0x0841, 0x0841, 0x0841, 0x0841, 0x0841, 0x0841, 0x0841, 0x0841,
  0x0841, 0x0841, 0x0841, 0x0841, 0x0861, 0x0841, 0x0841, 0x0841, 0x0841, 0x0841, 0x0841, 0x0841,
  0x0841, 0x0841, 0x0841, 0x0841, 0x0841, 0x0841, 0x0841, 0x0841, 0x0841, 0x0861, 0x0841, 0x0861,
  0x0861, 0x0841, 0x0841, 0x0861, 0x0861, 0x0861, 0x10A2, 0x18C3, 0x18C3, 0x18E3, 0x18E3, 0x18C3,
  0x1082, 0x0841, 0x0861, 0x0861, 0x1082, 0x0861, 0x0841, 0x0861, 0x0841, 0x0841, 0x0861, 0x0861,
  0x0861, 0x0841, 0x0841, 0x0841, 0x0841, 0x0841, 0x0841, 0x0841, 0x0841, 0x0841, 0x0841, 0x0841,
  0x0841, 0x0841, 0x0841, 0x0841, 0x0841, 0x0841, 0x0841, 0x0020, 0x0841, 0x0020, 0x0020, 0x0841,
  0x0841, 0x0841, 0x0020, 0x0020, 0x0841, 0x0841, 0x0841, 0x0841, 0x0841, 0x0841, 0x1082, 0x10A2,
  0x18E3, 0x2124, 0x2945, 0x2124, 0x2104, 0x18E3, 0x2104, 0x2945, 0x2104, 0x18C3, 0x1082, 0x0841,
  0x0861, 0x0861, 0x0861, 0x0861, 0x0841, 0x1082, 0x10A2, 0x1082, 0x0861, 0x0861, 0x0861, 0x0841,
  0x0841, 0x0841, 0x0841, 0x0841, 0x1082, 0x10A2, 0x1082, 0x0861, 0x0841, 0x0020, 0x0000, 0x0000,
  0x0000, 0x0000, 0x0020, 0x0841, 0x1082, 0x18C3, 0x10A2, 0x18C3, 0x18C3, 0x0020, 0x0020, 0x0020,
  0x0841, 0x0841, 0x0841, 0x0841, 0x0841, 0x0841, 0x0841, 0x0841, 0x0020, 0x0841, 0x0841, 0x0841,
  0x0841, 0x0841, 0x0841, 0x0841, 0x0841, 0x0841, 0x0841, 0x0841, 0x0841, 0x0841, 0x0841, 0x0841,
  0x0841, 0x0841, 0x0841, 0x0841, 0x0841, 0x0841, 0x0841, 0x0841, 0x0841, 0x0841, 0x0841, 0x0861,
  0x0861, 0x0861, 0x0861, 0x0841, 0x0841, 0x0841, 0x0841, 0x0861, 0x1082, 0x10A2, 0x10A2, 0x10A2,
  0x0861, 0x0841, 0x0861, 0x0861, 0x0861, 0x1082, 0x1082, 0x0861, 0x0861, 0x0861, 0x0861, 0x0841,
  0x0841, 0x0841, 0x0841, 0x0841, 0x0841, 0x0841, 0x0841, 0x0841, 0x0841, 0x0841, 0x0841, 0x0841,
  0x0841, 0x0841, 0x0841, 0x0841, 0x0841, 0x0841, 0x0841, 0x0841, 0x0841, 0x0841, 0x0841, 0x0841,
  0x0841, 0x0020, 0x0841, 0x0841, 0x0841, 0x0020, 0x0841, 0x0841, 0x0020, 0x0841, 0x0861, 0x10A2,
  0x10A2, 0x10A2, 0x18C3, 0x10A2, 0x18E3, 0x2104, 0x2124, 0x2965, 0x3186, 0x2124, 0x18C3, 0x1082,
  0x10A2, 0x18C3, 0x10A2, 0x0861, 0x0841, 0x0841, 0x0861, 0x0841, 0x0861, 0x0841, 0x0841, 0x0841,
  0x0841, 0x0861, 0x0841, 0x0020, 0x0841, 0x0861, 0x0861, 0x1082, 0x10A2, 0x18C3, 0x10A2, 0x18E3,
  0x18E3, 0x18C3, 0x2104, 0x2965, 0x2965, 0x31A6, 0x4228, 0x4A69, 0x4A49, 0x39E7, 0x0020, 0x0020,
  0x0020, 0x0020, 0x0020, 0x0841, 0x0020, 0x0020, 0x0841, 0x0841, 0x0841, 0x0841, 0x0841, 0x0841,
  0x0841, 0x0841, 0x0841, 0x0841, 0x0841, 0x0841, 0x0841, 0x0841, 0x0841, 0x0841, 0x0841, 0x0841,
  0x0841, 0x0841, 0x0841, 0x0841, 0x0841, 0x0841, 0x0841, 0x0841, 0x0841, 0x0841, 0x0841, 0x0841,
  0x0841, 0x0861, 0x0841, 0x0841, 0x0861, 0x0861, 0x0861, 0x0861, 0x0861, 0x0841, 0x0861, 0x0861,
  0x1082, 0x0861, 0x0841, 0x0861, 0x0861, 0x0861, 0x1082, 0x0861, 0x0861, 0x0861, 0x0861, 0x0861,
  0x0841, 0x0841, 0x0841, 0x0841, 0x0841, 0x0841, 0x0841, 0x0841, 0x0841, 0x0841, 0x0841, 0x0841,
  0x0841, 0x0841, 0x0841, 0x0841, 0x0841, 0x0841, 0x0841, 0x0841, 0x0841, 0x0841, 0x0841, 0x0020,
  0x0020, 0x0841, 0x0841, 0x0841, 0x0020, 0x0020, 0x0020, 0x0841, 0x0020, 0x0841, 0x0841, 0x1082,
  0x10A2, 0x1082, 0x10A2, 0x18C3, 0x18E3, 0x2124, 0x3186, 0x39C7, 0x39E7, 0x31A6, 0x2124, 0x10A2,
  0x18C3, 0x18E3, 0x18C3, 0x1082, 0x0861, 0x0841, 0x0841, 0x0841, 0x0841, 0x0861, 0x0841, 0x0841,
  0x0841, 0x0841, 0x0841, 0x0020, 0x0020, 0x0020, 0x0020, 0x0841, 0x1082, 0x18C3, 0x18E3, 0x2124,
  0x31A6, 0x39C7, 0x3186, 0x2945, 0x2965, 0x39C7, 0x39C7, 0x31A6, 0x39E7, 0x39E7, 0x39E7, 0x0020,
  0x0020, 0x0020, 0x0020, 0x0020, 0x0020, 0x0020, 0x0020, 0x0020, 0x0841, 0x0841, 0x0020, 0x0841,
  0x0841, 0x0020, 0x0841, 0x0841, 0x0841, 0x0841, 0x0841, 0x0841, 0x0841, 0x0841, 0x0841, 0x0841,
  0x0841, 0x0841, 0x0841, 0x0841, 0x0841, 0x0841, 0x0841, 0x0841, 0x0841, 0x0841, 0x0841, 0x0841,
  0x0841, 0x0841, 0x0841, 0x0841, 0x0841, 0x0861, 0x0861, 0x0861, 0x0841, 0x0861, 0x0861, 0x0841,
  0x0841, 0x0861, 0x0861, 0x0861, 0x0861, 0x0861, 0x0861, 0x0861, 0x0841, 0x0841, 0x0841, 0x0841,
  0x0841, 0x0841, 0x0841, 0x0841, 0x0841, 0x0841, 0x0841, 0x0841, 0x0841, 0x0841, 0x0841, 0x0841,
  0x0841, 0x0841, 0x0841, 0x0841, 0x0841, 0x0841, 0x0020, 0x0020, 0x0841, 0x0841, 0x0841, 0x0841,
  0x0020, 0x0020, 0x0020, 0x0841, 0x0841, 0x0020, 0x0020, 0x0020, 0x0020, 0x0841, 0x0841, 0x0861,
  0x1082, 0x10A2, 0x1082, 0x1082, 0x1082, 0x10A2, 0x10A2, 0x18E3, 0x2945, 0x2124, 0x2124, 0x2104,
  0x18E3, 0x18E3, 0x18C3, 0x1082, 0x1082, 0x0861, 0x0841, 0x0841, 0x0841, 0x0841, 0x0861, 0x0861,
  0x0841, 0x0841, 0x0841, 0x0020, 0x0000, 0x0000, 0x0020, 0x0861, 0x0020, 0x0000, 0x0861, 0x2104,
  0x2124, 0x2945, 0x2965, 0x3186, 0x39C7, 0x39C7, 0x39E7, 0x39E7, 0x4208, 0x528A, 0x528A, 0x5ACB,
  0x0020, 0x0020, 0x0020, 0x0020, 0x0020, 0x0020, 0x0841, 0x0841, 0x0841, 0x0841, 0x0841, 0x0841,
  0x0841, 0x0841, 0x0841, 0x0020, 0x0841, 0x0841, 0x0841, 0x0841, 0x0841, 0x0841, 0x0841, 0x0841,
  0x0841, 0x0841, 0x0841, 0x0841, 0x0841, 0x0841, 0x0841, 0x0841, 0x0841, 0x0841, 0x0841, 0x0841,
  0x0841, 0x0841, 0x0841, 0x0841, 0x0861, 0x0841, 0x0841, 0x0841, 0x0841, 0x0841, 0x0861, 0x0861,
  0x0861, 0x0861, 0x0841, 0x0841, 0x0861, 0x0861, 0x0841, 0x0841, 0x0841, 0x0841, 0x0841, 0x0841,
  0x0841, 0x0841, 0x0861, 0x0861, 0x0841, 0x0841, 0x0841, 0x0841, 0x0841, 0x0841, 0x0841, 0x0020,
  0x0841, 0x0841, 0x0841, 0x0841, 0x0841, 0x0841, 0x0841, 0x0020, 0x0020, 0x0020, 0x0020, 0x0841,
  0x0841, 0x0020, 0x0020, 0x0841, 0x0841, 0x0020, 0x0841, 0x0020, 0x0020, 0x0020, 0x0841, 0x0861,
  0x1082, 0x1082, 0x0861, 0x0861, 0x1082, 0x1082, 0x1082, 0x10A2, 0x18E3, 0x2104, 0x2124, 0x2124,
  0x2104, 0x2104, 0x2104, 0x2104, 0x10A2, 0x0861, 0x0841, 0x0841, 0x0861, 0x0841, 0x0841, 0x0861,
  0x0841, 0x0841, 0x0020, 0x0000, 0x0000, 0x0000, 0x0020, 0x0000, 0x0000, 0x0020, 0x18C3, 0x2965,
  0x31A6, 0x39E7, 0x39E7, 0x39E7, 0x4228, 0x39E7, 0x4208, 0x528A, 0x52AA, 0x528A, 0x52AA, 0x52AA,
  0x52AA, 0x0020, 0x0020, 0x0020, 0x0020, 0x0020, 0x0020, 0x0020, 0x0020, 0x0020, 0x0020, 0x0020,
  0x0841, 0x0841, 0x0841, 0x0841, 0x0841, 0x0841, 0x0841, 0x0841, 0x0841, 0x0841, 0x0841, 0x0841,
  0x0841, 0x0841, 0x0861, 0x0841, 0x0841, 0x0841, 0x0841, 0x0841, 0x0841, 0x0841, 0x0841, 0x0841,
  0x0841, 0x0841, 0x0841, 0x0841, 0x0841, 0x0841, 0x0841, 0x0841, 0x0841, 0x0861, 0x0841, 0x0841,
  0x0841, 0x0841, 0x0861, 0x0841, 0x0841, 0x0841, 0x0841, 0x0841, 0x0861, 0x0841, 0x0841, 0x0841,
  0x0841, 0x0841, 0x0841, 0x0841, 0x0841, 0x0841, 0x0841, 0x0841, 0x0841, 0x0841, 0x0841, 0x0841,
  0x0841, 0x0841, 0x0020, 0x0020, 0x0020, 0x0020, 0x0841, 0x0841, 0x0020, 0x0020, 0x0020, 0x0841,
  0x0020, 0x0020, 0x0020, 0x0020, 0x0020, 0x0020, 0x0020, 0x0020, 0x0020, 0x0020, 0x0020, 0x0861,
  0x0861, 0x0861, 0x1082, 0x1082, 0x1082, 0x1082, 0x10A2, 0x18C3, 0x18E3, 0x2104, 0x2124, 0x2104,
  0x2124, 0x2124, 0x2124, 0x18E3, 0x18C3, 0x10A2, 0x1082, 0x0841, 0x0000, 0x0020, 0x0841, 0x0861,
  0x0841, 0x0020, 0x0000, 0x0000, 0x0000, 0x0000, 0x0000, 0x0000, 0x0020, 0x18C3, 0x2965, 0x39E7,
  0x4228, 0x4A49, 0x4A69, 0x4228, 0x4A49, 0x4228, 0x4228, 0x5ACB, 0x5ACB, 0x4228, 0x4A49, 0x52AA,
  0x5ACB, 0x630C, 0x0020, 0x0000, 0x0020, 0x0020, 0x0020, 0x0841, 0x0020, 0x0020, 0x0020, 0x0020,
  0x0020, 0x0841, 0x0841, 0x0841, 0x0841, 0x0841, 0x0841, 0x0841, 0x0841, 0x0020, 0x0841, 0x0841,
  0x0841, 0x0841, 0x0841, 0x0841, 0x0841, 0x0841, 0x0841, 0x0841, 0x0841, 0x0841, 0x0841, 0x0841,
  0x0841, 0x0841, 0x0841, 0x0841, 0x0841, 0x0841, 0x0841, 0x0841, 0x0841, 0x0841, 0x0841, 0x0841,
  0x0841, 0x0841, 0x0841, 0x0841, 0x0841, 0x0841, 0x0841, 0x0841, 0x0841, 0x0841, 0x0841, 0x0841,
  0x0841, 0x0841, 0x0841, 0x0841, 0x0841, 0x0841, 0x0841, 0x0020, 0x0020, 0x0841, 0x0841, 0x0841,
  0x0020, 0x0020, 0x0020, 0x0020, 0x0841, 0x0020, 0x0020, 0x0020, 0x0020, 0x0020, 0x0020, 0x0020,
  0x0020, 0x0020, 0x0020, 0x0020, 0x0020, 0x0020, 0x0020, 0x0020, 0x0020, 0x0020, 0x0020, 0x0841,
  0x0841, 0x0841, 0x0861, 0x0861, 0x0861, 0x0861, 0x1082, 0x10A2, 0x18E3, 0x2124, 0x2945, 0x2945,
  0x2945, 0x3186, 0x2965, 0x2104, 0x18C3, 0x1082, 0x10A2, 0x10A2, 0x0861, 0x0000, 0x0000, 0x0841,
  0x0861, 0x0020, 0x0000, 0x0000, 0x0000, 0x0000, 0x0000, 0x0841, 0x18E3, 0x2965, 0x31A6, 0x39C7,
  0x4208, 0x39E7, 0x3186, 0x2945, 0x2945, 0x3186, 0x39E7, 0x5ACB, 0x5ACB, 0x528A, 0x630C, 0x738E,
  0x73AE, 0x6B6D, 0x630C, 0x0000, 0x0020, 0x0020, 0x0020, 0x0020, 0x0020, 0x0020, 0x0020, 0x0020,
  0x0020, 0x0841, 0x0020, 0x0020, 0x0020, 0x0841, 0x0841, 0x0841, 0x0841, 0x0841, 0x0841, 0x0020,
  0x0841, 0x0841, 0x0841, 0x0841, 0x0841, 0x0841, 0x0841, 0x0841, 0x0841, 0x0841, 0x0841, 0x0841,
  0x0841, 0x0841, 0x0841, 0x0841, 0x0841, 0x0841, 0x0841, 0x0841, 0x0841, 0x0841, 0x0841, 0x0841,
  0x0841, 0x0841, 0x0841, 0x0841, 0x0841, 0x0841, 0x0841, 0x0841, 0x0861, 0x0841, 0x0841, 0x0841,
  0x0841, 0x0841, 0x0841, 0x0841, 0x0841, 0x0841, 0x0841, 0x0841, 0x0020, 0x0841, 0x0841, 0x0020,
  0x0841, 0x0841, 0x0020, 0x0020, 0x0841, 0x0020, 0x0020, 0x0020, 0x0020, 0x0020, 0x0020, 0x0020,
  0x0020, 0x0020, 0x0020, 0x0020, 0x0020, 0x0020, 0x0020, 0x0020, 0x0020, 0x0020, 0x0020, 0x0841,
  0x0841, 0x0841, 0x0841, 0x0861, 0x0861, 0x0861, 0x0861, 0x1082, 0x10A2, 0x18E3, 0x2104, 0x2124,
  0x2965, 0x3186, 0x2965, 0x2945, 0x18E3, 0x1082, 0x0020, 0x0020, 0x0020, 0x0841, 0x0020, 0x0000,
  0x0020, 0x0000, 0x0000, 0x0000, 0x0000, 0x0000, 0x0000, 0x0020, 0x18E3, 0x2965, 0x3186, 0x3186,
  0x39C7, 0x4208, 0x39E7, 0x3186, 0x3186, 0x39C7, 0x4A49, 0x5AEB, 0x6B4D, 0x738E, 0x7BEF, 0x7BEF,
  0x6B4D, 0x52AA, 0x52AA, 0x52AA, 0x0000, 0x0020, 0x0020, 0x0020, 0x0020, 0x0020, 0x0020, 0x0020,
  0x0020, 0x0020, 0x0841, 0x0020, 0x0020, 0x0020, 0x0020, 0x0020, 0x0020, 0x0841, 0x0841, 0x0020,
  0x0020, 0x0841, 0x0841, 0x0841, 0x0841, 0x0841, 0x0841, 0x0841, 0x0841, 0x0841, 0x0841, 0x0841,
  0x0841, 0x0841, 0x0841, 0x0841, 0x0841, 0x0841, 0x0841, 0x0861, 0x0841, 0x0841, 0x0841, 0x0841,
  0x0841, 0x0841, 0x0841, 0x0841, 0x0841, 0x0841, 0x0841, 0x0841, 0x0841, 0x0841, 0x0841, 0x0841,
  0x0020, 0x0841, 0x0841, 0x0841, 0x0841, 0x0841, 0x0020, 0x0841, 0x0841, 0x0841, 0x0841, 0x0841,
  0x0020, 0x0841, 0x0020, 0x0020, 0x0841, 0x0020, 0x0020, 0x0020, 0x0020, 0x0020, 0x0020, 0x0020,
  0x0020, 0x0020, 0x0020, 0x0020, 0x0020, 0x0020, 0x0020, 0x0020, 0x0020, 0x0020, 0x0841, 0x0841,
  0x0841, 0x0841, 0x0841, 0x0841, 0x0861, 0x0861, 0x0861, 0x0841, 0x0861, 0x10A2, 0x18C3, 0x18C3,
  0x2104, 0x2945, 0x2965, 0x31A6, 0x39C7, 0x2965, 0x18E3, 0x1082, 0x0000, 0x0000, 0x0020, 0x0020,
  0x0000, 0x0020, 0x0020, 0x0000, 0x0000, 0x0000, 0x0000, 0x0000, 0x10A2, 0x2104, 0x2124, 0x2965,
  0x31A6, 0x4208, 0x4208, 0x39E7, 0x4208, 0x528A, 0x630C, 0x73AE, 0x8C51, 0x94B2, 0x8C71, 0x73AE,
  0x52AA, 0x4A49, 0x4A49, 0x52AA, 0x5AEB, 0x0000, 0x0020, 0x0020, 0x0020, 0x0020, 0x0000, 0x0020,
  0x0020, 0x0020, 0x0020, 0x0020, 0x0841, 0x0020, 0x0020, 0x0841, 0x0020, 0x0020, 0x0020, 0x0841,
  0x0020, 0x0020, 0x0841, 0x0841, 0x0841, 0x0841, 0x0841, 0x0841, 0x0841, 0x0841, 0x0841, 0x0841,
  0x0861, 0x0841, 0x0841, 0x0841, 0x0841, 0x0841, 0x0841, 0x0841, 0x0841, 0x0841, 0x0841, 0x0841,
  0x0841, 0x0841, 0x0841, 0x0841, 0x0841, 0x0841, 0x0841, 0x0841, 0x0020, 0x0841, 0x0841, 0x0841,
  0x0841, 0x0841, 0x0841, 0x0020, 0x0020, 0x0841, 0x0841, 0x0841, 0x0841, 0x0841, 0x0020, 0x0841,
  0x0841, 0x0020, 0x0020, 0x0020, 0x0020, 0x0020, 0x0020, 0x0020, 0x0841, 0x0020, 0x0020, 0x0020,
  0x0020, 0x0020, 0x0020, 0x0020, 0x0020, 0x0020, 0x0020, 0x0020, 0x0020, 0x0020, 0x0020, 0x0841,
  0x0841, 0x0020, 0x0020, 0x0841, 0x0841, 0x0841, 0x0841, 0x0841, 0x0841, 0x0841, 0x0861, 0x0861,
  0x18C3, 0x3186, 0x4A49, 0x630C, 0x6B6D, 0x630C, 0x4A69, 0x31A6, 0x18E3, 0x0000, 0x0000, 0x0000,
  0x0000, 0x0000, 0x0000, 0x0000, 0x0000, 0x0000, 0x0000, 0x0000, 0x0020, 0x18C3, 0x2104, 0x2965,
  0x31A6, 0x4208, 0x4A69, 0x52AA, 0x5ACB, 0x5ACB, 0x6B4D, 0x8410, 0x94B2, 0x9492, 0x738E, 0x4A49,
  0x39C7, 0x4208, 0x4A69, 0x5ACB, 0x5ACB, 0x52AA, 0x0020, 0x0020, 0x0020, 0x0000, 0x0000, 0x0020,
  0x0020, 0x0020, 0x0020, 0x0020, 0x0020, 0x0020, 0x0020, 0x0020, 0x0020, 0x0841, 0x0020, 0x0020,
  0x0841, 0x0020, 0x0020, 0x0841, 0x0020, 0x0841, 0x0841, 0x0841, 0x0841, 0x0841, 0x0841, 0x0020,
  0x0841, 0x0841, 0x0841, 0x0841, 0x0841, 0x0841, 0x0841, 0x0841, 0x0841, 0x0841, 0x0841, 0x0841,
  0x0841, 0x0841, 0x0841, 0x0841, 0x0841, 0x0841, 0x0841, 0x0841, 0x0841, 0x0841, 0x0020, 0x0020,
  0x0841, 0x0841, 0x0841, 0x0841, 0x0020, 0x0020, 0x0841, 0x0841, 0x0841, 0x0841, 0x0841, 0x0020,
  0x0020, 0x0020, 0x0020, 0x0841, 0x0020, 0x0020, 0x0020, 0x0020, 0x0020, 0x0020, 0x0020, 0x0020,
  0x0020, 0x0020, 0x0020, 0x0020, 0x0020, 0x0020, 0x0020, 0x0020, 0x0020, 0x0020, 0x0020, 0x0020,
  0x0020, 0x0841, 0x0020, 0x0020, 0x0020, 0x0020, 0x0020, 0x0020, 0x0020, 0x0861, 0x1082, 0x1082,
  0x10A2, 0x3186, 0x52AA, 0x738E, 0x7BCF, 0x7BCF, 0x6B6D, 0x52AA, 0x39E7, 0x2104, 0x1082, 0x0841,
  0x0000, 0x0000, 0x0000, 0x0000, 0x0000, 0x0000, 0x0000, 0x0000, 0x0000, 0x0841, 0x18C3, 0x18C3,
  0x2124, 0x3186, 0x4228, 0x5ACB, 0x6B6D, 0x73AE, 0x7BCF, 0x8430, 0x8C71, 0x8410, 0x5AEB, 0x2965,
  0x2104, 0x3186, 0x39C7, 0x4208, 0x4A49, 0x4A69, 0x4A49, 0x0020, 0x0020, 0x0020, 0x0020, 0x0020,
  0x0020, 0x0020, 0x0020, 0x0020, 0x0020, 0x0020, 0x0020, 0x0020, 0x0020, 0x0020, 0x0020, 0x0020,
  0x0020, 0x0841, 0x0020, 0x0020, 0x0841, 0x0841, 0x0841, 0x0841, 0x0841, 0x0841, 0x0841, 0x0841,
  0x0841, 0x0841, 0x0841, 0x0841, 0x0841, 0x0841, 0x0841, 0x0841, 0x0841, 0x0841, 0x0841, 0x0841,
  0x0841, 0x0841, 0x0841, 0x0020, 0x0020, 0x0841, 0x0020, 0x0020, 0x0020, 0x0020, 0x0020, 0x0020,
  0x0841, 0x0020, 0x0020, 0x0020, 0x0020, 0x0841, 0x0841, 0x0841, 0x0841, 0x0841, 0x0841, 0x0020,
  0x0841, 0x0020, 0x0020, 0x0020, 0x0841, 0x0020, 0x0020, 0x0020, 0x0020, 0x0020, 0x0020, 0x0020,
  0x0020, 0x0020, 0x0020, 0x0020, 0x0020, 0x0020, 0x0020, 0x0020, 0x0020, 0x0020, 0x0020, 0x0020,
  0x0020, 0x0020, 0x0020, 0x0020, 0x0020, 0x0000, 0x0020, 0x0020, 0x0020, 0x0841, 0x0861, 0x10A2,
  0x2104, 0x3186, 0x4228, 0x528A, 0x5ACB, 0x632C, 0x6B6D, 0x6B6D, 0x632C, 0x528A, 0x39C7, 0x18E3,
  0x0841, 0x0000, 0x0000, 0x0000, 0x0000, 0x0000, 0x0000, 0x0000, 0x0000, 0x0000, 0x0020, 0x0861,
  0x2104, 0x2124, 0x2965, 0x4A49, 0x630C, 0x6B4D, 0x6B6D, 0x738E, 0x6B6D, 0x5AEB, 0x528A, 0x39E7,
  0x2945, 0x2945, 0x39C7, 0x39E7, 0x39E7, 0x39C7, 0x39C7, 0x31A6, 0x0020, 0x0020, 0x0020, 0x0020,
  0x0020, 0x0020, 0x0020, 0x0020, 0x0020, 0x0020, 0x0020, 0x0020, 0x0020, 0x0020, 0x0020, 0x0020,
  0x0020, 0x0841, 0x0841, 0x0020, 0x0020, 0x0841, 0x0841, 0x0841, 0x0841, 0x0841, 0x0841, 0x0841,
  0x0841, 0x0020, 0x0841, 0x0841, 0x0841, 0x0841, 0x0841, 0x0841, 0x0841, 0x0841, 0x0841, 0x0841,
  0x0841, 0x0841, 0x0841, 0x0020, 0x0020, 0x0020, 0x0020, 0x0020, 0x0841, 0x0841, 0x0020, 0x0020,
  0x0841, 0x0841, 0x0020, 0x0841, 0x0020, 0x0020, 0x0841, 0x0841, 0x0841, 0x0841, 0x0841, 0x0841,
  0x0020, 0x0841, 0x0020, 0x0841, 0x0020, 0x0020, 0x0020, 0x0020, 0x0020, 0x0020, 0x0020, 0x0020,
  0x0020, 0x0020, 0x0020, 0x0020, 0x0020, 0x0020, 0x0020, 0x0020, 0x0020, 0x0020, 0x0020, 0x0020,
  0x0000, 0x0020, 0x0020, 0x0020, 0x0020, 0x0020, 0x0000, 0x0000, 0x0000, 0x0020, 0x0020, 0x0000,
  0x0020, 0x0861, 0x0861, 0x0841, 0x1082, 0x2945, 0x4A49, 0x6B4D, 0x73AE, 0x73AE, 0x630C, 0x4A49,
  0x3186, 0x18C3, 0x0000, 0x0000, 0x0000, 0x0000, 0x0000, 0x0000, 0x0000, 0x0000, 0x0000, 0x0000,
  0x0841, 0x18E3, 0x18E3, 0x2945, 0x4208, 0x630C, 0x7BCF, 0x7BEF, 0x738E, 0x5AEB, 0x4228, 0x31A6,
  0x2965, 0x2965, 0x3186, 0x3186, 0x2945, 0x18E3, 0x18E3, 0x18C3, 0x10A2, 0x0020, 0x0020, 0x0020,
  0x0020, 0x0020, 0x0020, 0x0020, 0x0000, 0x0020, 0x0841, 0x0000, 0x0020, 0x0020, 0x0841, 0x0020,
  0x0020, 0x0020, 0x0841, 0x0841, 0x0841, 0x0841, 0x0841, 0x0841, 0x0841, 0x0841, 0x0841, 0x0841,
  0x0841, 0x0841, 0x0841, 0x0020, 0x0841, 0x0841, 0x0841, 0x0841, 0x0841, 0x0841, 0x0841, 0x0841,
  0x0841, 0x0841, 0x0841, 0x0841, 0x0841, 0x0841, 0x0861, 0x0861, 0x0841, 0x0841, 0x0841, 0x0841,
  0x0841, 0x0841, 0x0841, 0x0841, 0x0841, 0x0020, 0x0841, 0x0841, 0x0020, 0x0841, 0x0841, 0x0841,
  0x0841, 0x0841, 0x0020, 0x0020, 0x0020, 0x0020, 0x0020, 0x0020, 0x0020, 0x0020, 0x0020, 0x0020,
  0x0020, 0x0020, 0x0020, 0x0020, 0x0020, 0x0020, 0x0020, 0x0020, 0x0020, 0x0020, 0x0020, 0x0020,
  0x0020, 0x0020, 0x0841, 0x0000, 0x0020, 0x0020, 0x0020, 0x0000, 0x0000, 0x0000, 0x0000, 0x0000,
  0x0000, 0x0000, 0x0020, 0x0000, 0x0000, 0x0020, 0x10A2, 0x3186, 0x4A69, 0x5ACB, 0x52AA, 0x4A69,
  0x4208, 0x3186, 0x10A2, 0x0000, 0x0000, 0x0000, 0x0000, 0x0000, 0x0000, 0x0000, 0x0000, 0x0000,
  0x0000, 0x0020, 0x18C3, 0x2104, 0x2965, 0x4228, 0x630C, 0x738E, 0x6B4D, 0x5AEB, 0x4208, 0x2124,
  0x10A2, 0x10A2, 0x18C3, 0x18C3, 0x1082, 0x0020, 0x0000, 0x0000, 0x0000, 0x0000, 0x0000, 0x0000,
  0x0020, 0x0020, 0x0020, 0x0020, 0x0020, 0x0020, 0x0020, 0x0020, 0x0020, 0x0020, 0x0020, 0x0020,
  0x0020, 0x0020, 0x0020, 0x0020, 0x0841, 0x0841, 0x0020, 0x0841, 0x0020, 0x0020, 0x0841, 0x0841,
  0x0841, 0x0841, 0x0841, 0x0841, 0x0841, 0x0841, 0x0841, 0x0841, 0x0841, 0x0841, 0x0841, 0x0841,
  0x0841, 0x0841, 0x0841, 0x0841, 0x0841, 0x0841, 0x0861, 0x0841, 0x0861, 0x0861, 0x0861, 0x0841,
  0x0841, 0x0841, 0x0841, 0x0841, 0x0841, 0x0020, 0x0020, 0x0841, 0x0841, 0x0841, 0x0841, 0x0841,
  0x0841, 0x0841, 0x0841, 0x0841, 0x0841, 0x0020, 0x0020, 0x0841, 0x0841, 0x0020, 0x0020, 0x0020,
  0x0020, 0x0020, 0x0020, 0x0020, 0x0020, 0x0020, 0x0020, 0x0020, 0x0020, 0x0020, 0x0020, 0x0020,
  0x0020, 0x0020, 0x0020, 0x0020, 0x0020, 0x0020, 0x0020, 0x0020, 0x0020, 0x0000, 0x0020, 0x0841,
  0x0841, 0x0020, 0x0020, 0x0841, 0x0861, 0x0861, 0x0861, 0x10A2, 0x2104, 0x3186, 0x39E7, 0x4228,
  0x4228, 0x39E7, 0x2965, 0x1082, 0x0000, 0x0000, 0x0000, 0x0000, 0x0000, 0x0000, 0x0000, 0x0000,
  0x0000, 0x0000, 0x0020, 0x18C3, 0x2945, 0x31A6, 0x4208, 0x528A, 0x5ACB, 0x4A69, 0x31A6, 0x1082,
  0x0020, 0x0020, 0x0000, 0x0000, 0x0000, 0x0000, 0x0000, 0x0000, 0x0000, 0x0000, 0x0020, 0x0000,
  0x0000, 0x0020, 0x0020, 0x0020, 0x0020, 0x0020, 0x0020, 0x0020, 0x0020, 0x0020, 0x0020, 0x0841,
  0x0020, 0x0020, 0x0841, 0x0841, 0x0020, 0x0020, 0x0841, 0x0020, 0x0841, 0x0020, 0x0841, 0x0841,
  0x0841, 0x0841, 0x0841, 0x0841, 0x0841, 0x0841, 0x0841, 0x0841, 0x0841, 0x0841, 0x0841, 0x0841,
  0x0841, 0x0841, 0x0841, 0x0841, 0x0841, 0x0841, 0x0841, 0x0841, 0x0020, 0x0020, 0x0020, 0x0020,
  0x0020, 0x0020, 0x0020, 0x0841, 0x0020, 0x0020, 0x0020, 0x0841, 0x0020, 0x0020, 0x0841, 0x0841,
  0x0020, 0x0841, 0x0841, 0x0020, 0x0020, 0x0020, 0x0020, 0x0020, 0x0020, 0x0020, 0x0020, 0x0020,
  0x0020, 0x0020, 0x0020, 0x0020, 0x0020, 0x0020, 0x0000, 0x0020, 0x0020, 0x0020, 0x0020, 0x0020,
  0x0020, 0x0020, 0x0020, 0x0000, 0x0020, 0x0020, 0x0000, 0x0020, 0x0020, 0x0020, 0x0020, 0x0000,
  0x0020, 0x0841, 0x0841, 0x0020, 0x0841, 0x0841, 0x0841, 0x0861, 0x1082, 0x10A2, 0x18C3, 0x2965,
  0x39C7, 0x39E7, 0x39C7, 0x2945, 0x10A2, 0x0020, 0x0000, 0x0000, 0x0000, 0x0000, 0x0000, 0x0000,
  0x0000, 0x0000, 0x0000, 0x0841, 0x18C3, 0x2124, 0x2965, 0x31A6, 0x39C7, 0x2945, 0x1082, 0x0000,
  0x0000, 0x0000, 0x0000, 0x0000, 0x0000, 0x0841, 0x1082, 0x18E3, 0x2945, 0x3186, 0x39E7, 0x4A49,
  0x0000, 0x0000, 0x0020, 0x0020, 0x0020, 0x0020, 0x0020, 0x0020, 0x0020, 0x0020, 0x0020, 0x0020,
  0x0020, 0x0020, 0x0020, 0x0841, 0x0841, 0x0020, 0x0020, 0x0020, 0x0841, 0x0841, 0x0841, 0x0841,
  0x0841, 0x0841, 0x0841, 0x0841, 0x0841, 0x0841, 0x0841, 0x0841, 0x0841, 0x0841, 0x0020, 0x0020,
  0x0841, 0x0841, 0x0841, 0x0841, 0x0020, 0x0841, 0x0841, 0x0841, 0x0020, 0x0020, 0x0841, 0x0020,
  0x0020, 0x0841, 0x0020, 0x0841, 0x0020, 0x0020, 0x0841, 0x0020, 0x0020, 0x0020, 0x0020, 0x0841,
  0x0020, 0x0020, 0x0841, 0x0020, 0x0020, 0x0020, 0x0020, 0x0020, 0x0020, 0x0020, 0x0020, 0x0020,
  0x0020, 0x0020, 0x0000, 0x0020, 0x0020, 0x0020, 0x0020, 0x0020, 0x0020, 0x0020, 0x0020, 0x0020,
  0x0020, 0x0020, 0x0020, 0x0020, 0x0020, 0x0020, 0x0000, 0x0000, 0x0020, 0x0020, 0x0020, 0x0020,
  0x0020, 0x0020, 0x0841, 0x0841, 0x0841, 0x0020, 0x0020, 0x0841, 0x0861, 0x10A2, 0x2124, 0x31A6,
  0x4228, 0x4228, 0x39E7, 0x2965, 0x18E3, 0x10A2, 0x0020, 0x0000, 0x0000, 0x0000, 0x0000, 0x0000,
  0x0000, 0x0000, 0x0020, 0x0020, 0x0000, 0x0020, 0x0861, 0x10A2, 0x0861, 0x0000, 0x0000, 0x0000,
  0x0000, 0x0020, 0x18C3, 0x3186, 0x4A49, 0x5AEB, 0x6B6D, 0x8410, 0x8C71, 0x94B2, 0xA534, 0xB5B6,
  0xBDD7, 0x0000, 0x0020, 0x0020, 0x0000, 0x0020, 0x0020, 0x0020, 0x0020, 0x0020, 0x0020, 0x0020,
  0x0020, 0x0020, 0x0020, 0x0020, 0x0020, 0x0020, 0x0841, 0x0841, 0x0020, 0x0841, 0x0841, 0x0841,
  0x0841, 0x0841, 0x0841, 0x0841, 0x0020, 0x0841, 0x0841, 0x0841, 0x0841, 0x0841, 0x0020, 0x0841,
  0x0841, 0x0841, 0x0841, 0x0020, 0x0020, 0x0020, 0x0841, 0x0841, 0x0020, 0x0020, 0x0020, 0x0841,
  0x0020, 0x0841, 0x0841, 0x0020, 0x0020, 0x0020, 0x0020, 0x0020, 0x0020, 0x0020, 0x0020, 0x0020,
  0x0841, 0x0841, 0x0020, 0x0020, 0x0020, 0x0020, 0x0020, 0x0020, 0x0020, 0x0020, 0x0020, 0x0020,
  0x0020, 0x0020, 0x0020, 0x0020, 0x0000, 0x0020, 0x0020, 0x0020, 0x0020, 0x0020, 0x0020, 0x0020,
  0x0020, 0x0020, 0x0020, 0x0020, 0x0020, 0x0020, 0x0020, 0x0020, 0x0020, 0x0020, 0x0020, 0x0020,
  0x0020, 0x0020, 0x0020, 0x0020, 0x0020, 0x0841, 0x0841, 0x1082, 0x18E3, 0x2124, 0x2965, 0x39C7,
  0x39E7, 0x39C7, 0x3186, 0x2945, 0x2104, 0x18E3, 0x1082, 0x0841, 0x0020, 0x0000, 0x0000, 0x0000,
  0x0000, 0x0000, 0x0000, 0x0000, 0x0000, 0x0000, 0x0000, 0x0000, 0x0000, 0x0000, 0x0861, 0x2124,
  0x4228, 0x6B6D, 0x9492, 0xAD75, 0xBDF7, 0xC618, 0xC638, 0xD69A, 0xDEDB, 0xD6BA, 0xD69A, 0xCE79,
  0xC638, 0xBDF7, 0x0020, 0x0000, 0x0000, 0x0000, 0x0020, 0x0020, 0x0020, 0x0020, 0x0020, 0x0020,
  0x0020, 0x0020, 0x0020, 0x0020, 0x0020, 0x0841, 0x0841, 0x0020, 0x0841, 0x0841, 0x0841, 0x0841,
  0x0841, 0x0020, 0x0020, 0x0841, 0x0841, 0x0020, 0x0841, 0x0841, 0x0841, 0x0841, 0x0841, 0x0020,
  0x0841, 0x0841, 0x0841, 0x0841, 0x0020, 0x0020, 0x0020, 0x0020, 0x0841, 0x0020, 0x0020, 0x0020,
  0x0841, 0x0020, 0x0020, 0x0020, 0x0020, 0x0841, 0x0841, 0x0020, 0x0020, 0x0020, 0x0020, 0x0020,
  0x0020, 0x0020, 0x0020, 0x0020, 0x0841, 0x0020, 0x0020, 0x0020, 0x0020, 0x0020, 0x0020, 0x0020,
  0x0020, 0x0020, 0x0020, 0x0020, 0x0000, 0x0000, 0x0020, 0x0020, 0x0020, 0x0020, 0x0020, 0x0020,
  0x0020, 0x0020, 0x0020, 0x0020, 0x0020, 0x0020, 0x0020, 0x0020, 0x0020, 0x0020, 0x0020, 0x0000,
  0x0020, 0x0020, 0x0020, 0x0020, 0x0000, 0x0000, 0x0020, 0x0861, 0x10A2, 0x18C3, 0x18C3, 0x18C3,
  0x18E3, 0x18C3, 0x18C3, 0x18C3, 0x18C3, 0x18C3, 0x18C3, 0x18C3, 0x1082, 0x0020, 0x0000, 0x0000,
  0x0020, 0x0020, 0x0000, 0x0000, 0x0000, 0x0000, 0x0841, 0x2104, 0x4A49, 0x6B6D, 0x9492, 0xAD75,
  0xBDF7, 0xCE59, 0xCE79, 0xCE79, 0xCE79, 0xD69A, 0xCE79, 0xCE79, 0xC638, 0xB5B6, 0x9CF3, 0x8C51,
  0x8410, 0x7BEF, 0x7BEF, 0x0000, 0x0000, 0x0020, 0x0020, 0x0020, 0x0020, 0x0020, 0x0020, 0x0020,
  0x0020, 0x0020, 0x0020, 0x0841, 0x0020, 0x0020, 0x0841, 0x0020, 0x0020, 0x0841, 0x0841, 0x0841,
  0x0841, 0x0841, 0x0841, 0x0841, 0x0841, 0x0841, 0x0020, 0x0020, 0x0841, 0x0020, 0x0020, 0x0841,
  0x0020, 0x0020, 0x0841, 0x0841, 0x0841, 0x0841, 0x0020, 0x0020, 0x0020, 0x0020, 0x0020, 0x0020,
  0x0020, 0x0020, 0x0020, 0x0020, 0x0020, 0x0020, 0x0020, 0x0020, 0x0020, 0x0020, 0x0020, 0x0020,
  0x0020, 0x0020, 0x0020, 0x0020, 0x0020, 0x0020, 0x0020, 0x0020, 0x0020, 0x0020, 0x0020, 0x0020,
  0x0020, 0x0020, 0x0020, 0x0020, 0x0000, 0x0020, 0x0020, 0x0020, 0x0020, 0x0020, 0x0020, 0x0020,
  0x0020, 0x0000, 0x0020, 0x0020, 0x0000, 0x0020, 0x0020, 0x0000, 0x0000, 0x0020, 0x0020, 0x0020,
  0x0000, 0x0020, 0x0020, 0x0020, 0x0841, 0x0020, 0x0000, 0x0000, 0x0020, 0x0841, 0x0841, 0x0841,
  0x0841, 0x0841, 0x1082, 0x10A2, 0x10A2, 0x10A2, 0x18C3, 0x18C3, 0x10A2, 0x0861, 0x0000, 0x0000,
  0x0000, 0x0000, 0x0000, 0x0000, 0x0020, 0x10A2, 0x39C7, 0x738E, 0xAD55, 0xCE59, 0xD6BA, 0xCE59,
  0xBDD7, 0xB596, 0xB5B6, 0xB5B6, 0xB5B6, 0xAD75, 0x9CF3, 0x8C51, 0x73AE, 0x5AEB, 0x528A, 0x528A,
  0x5ACB, 0x52AA, 0x52AA, 0x5ACB, 0x0000, 0x0000, 0x0020, 0x0020, 0x0020, 0x0020, 0x0020, 0x0020,
  0x0020, 0x0020, 0x0020, 0x0020, 0x0020, 0x0020, 0x0020, 0x0020, 0x0020, 0x0841, 0x0841, 0x0020,
  0x0020, 0x0841, 0x0841, 0x0841, 0x0841, 0x0841, 0x0841, 0x0841, 0x0841, 0x0841, 0x0020, 0x0020,
  0x0020, 0x0020, 0x0020, 0x0841, 0x0020, 0x0020, 0x0020, 0x0020, 0x0020, 0x0020, 0x0020, 0x0020,
  0x0020, 0x0020, 0x0020, 0x0020, 0x0020, 0x0020, 0x0020, 0x0020, 0x0020, 0x0020, 0x0020, 0x0020,
  0x0020, 0x0020, 0x0020, 0x0020, 0x0020, 0x0020, 0x0020, 0x0020, 0x0020, 0x0020, 0x0020, 0x0020,
  0x0020, 0x0000, 0x0020, 0x0020, 0x0020, 0x0020, 0x0020, 0x0000, 0x0020, 0x0020, 0x0020, 0x0020,
  0x0020, 0x0020, 0x0020, 0x0020, 0x0020, 0x0000, 0x0000, 0x0020, 0x0000, 0x0020, 0x0020, 0x0020,
  0x0020, 0x0020, 0x0000, 0x0020, 0x0020, 0x0020, 0x0020, 0x0841, 0x0841, 0x0020, 0x0841, 0x0020,
  0x0020, 0x0020, 0x0020, 0x0861, 0x0861, 0x0861, 0x0861, 0x1082, 0x1082, 0x1082, 0x0861, 0x0020,
  0x0841, 0x1082, 0x10A2, 0x10A2, 0x18E3, 0x2104, 0x3186, 0x528A, 0x7BCF, 0x9CD3, 0xAD55, 0xAD75,
  0xB5B6, 0xC618, 0xC638, 0xC618, 0xAD55, 0x9492, 0x73AE, 0x630C, 0x52AA, 0x4A69, 0x528A, 0x5ACB,
  0x630C, 0x5AEB, 0x52AA, 0x52AA, 0x5AEB, 0x0000, 0x0000, 0x0020, 0x0000, 0x0000, 0x0020, 0x0020,
  0x0000, 0x0020, 0x0020, 0x0020, 0x0020, 0x0020, 0x0841, 0x0020, 0x0841, 0x0841, 0x0841, 0x0020,
  0x0841, 0x0841, 0x0841, 0x0020, 0x0841, 0x0841, 0x0841, 0x0841, 0x0841, 0x0841, 0x0841, 0x0841,
  0x0841, 0x0020, 0x0020, 0x0020, 0x0020, 0x0020, 0x0020, 0x0020, 0x0020, 0x0020, 0x0020, 0x0020,
  0x0841, 0x0020, 0x0020, 0x0020, 0x0020, 0x0020, 0x0020, 0x0020, 0x0020, 0x0020, 0x0020, 0x0020,
  0x0020, 0x0020, 0x0020, 0x0020, 0x0020, 0x0020, 0x0020, 0x0000, 0x0020, 0x0020, 0x0020, 0x0020,
  0x0020, 0x0020, 0x0020, 0x0020, 0x0020, 0x0020, 0x0000, 0x0000, 0x0020, 0x0020, 0x0000, 0x0000,
  0x0020, 0x0000, 0x0020, 0x0000, 0x0000, 0x0000, 0x0000, 0x0020, 0x0020, 0x0020, 0x0020, 0x0000,
  0x0020, 0x0020, 0x0020, 0x0020, 0x0020, 0x0000, 0x0020, 0x0020, 0x0020, 0x0841, 0x0841, 0x0020,
  0x0841, 0x0841, 0x0020, 0x0020, 0x0841, 0x0861, 0x0861, 0x0861, 0x1082, 0x10A2, 0x1082, 0x1082,
  0x0861, 0x0861, 0x1082, 0x18C3, 0x18E3, 0x18E3, 0x18E3, 0x2124, 0x2945, 0x31A6, 0x4228, 0x52AA,
  0x5AEB, 0x632C, 0x6B4D, 0x630C, 0x528A, 0x4228, 0x4228, 0x4A69, 0x528A, 0x4A69, 0x528A, 0x5ACB,
  0x5ACB, 0x52AA, 0x528A, 0x528A, 0x528A, 0x52AA, 0x0000, 0x0000, 0x0000, 0x0000, 0x0000, 0x0000,
  0x0020, 0x0020, 0x0020, 0x0020, 0x0020, 0x0020, 0x0841, 0x0020, 0x0020, 0x0841, 0x0841, 0x0841,
  0x0841, 0x0841, 0x0841, 0x0841, 0x0841, 0x0020, 0x0841, 0x0841, 0x0841, 0x0841, 0x0841, 0x0841,
  0x0020, 0x0020, 0x0841, 0x0841, 0x0020, 0x0020, 0x0020, 0x0020, 0x0020, 0x0020, 0x0020, 0x0020,
  0x0020, 0x0020, 0x0020, 0x0020, 0x0020, 0x0020, 0x0020, 0x0020, 0x0020, 0x0020, 0x0020, 0x0020,
  0x0020, 0x0020, 0x0020, 0x0020, 0x0020, 0x0020, 0x0020, 0x0020, 0x0000, 0x0020, 0x0020, 0x0020,
  0x0020, 0x0020, 0x0020, 0x0020, 0x0020, 0x0020, 0x0020, 0x0000, 0x0000, 0x0020, 0x0020, 0x0000,
  0x0020, 0x0020, 0x0000, 0x0000, 0x0020, 0x0020, 0x0020, 0x0000, 0x0000, 0x0020, 0x0020, 0x0020,
  0x0000, 0x0000, 0x0020, 0x0020, 0x0020, 0x0020, 0x0020, 0x0020, 0x0020, 0x0020, 0x0841, 0x0841,
  0x0841, 0x0861, 0x0861, 0x0861, 0x0861, 0x1082, 0x1082, 0x0861, 0x0861, 0x10A2, 0x18E3, 0x2104,
  0x18E3, 0x10A2, 0x1082, 0x0861, 0x0841, 0x0841, 0x0861, 0x0861, 0x0020, 0x0000, 0x0000, 0x0000,
  0x0000, 0x0000, 0x0000, 0x0020, 0x18C3, 0x2945, 0x39C7, 0x4A49, 0x4A69, 0x4A49, 0x4A49, 0x528A,
  0x52AA, 0x528A, 0x4A49, 0x4228, 0x4228, 0x4228, 0x528A, 0x0000, 0x0000, 0x0020, 0x0020, 0x0020,
  0x0000, 0x0000, 0x0020, 0x0020, 0x0020, 0x0020, 0x0841, 0x0841, 0x0841, 0x0020, 0x0020, 0x0841,
  0x0020, 0x0841, 0x0841, 0x0841, 0x0020, 0x0841, 0x0841, 0x0020, 0x0841, 0x0841, 0x0841, 0x0020,
  0x0020, 0x0841, 0x0020, 0x0020, 0x0020, 0x0020, 0x0020, 0x0020, 0x0020, 0x0020, 0x0020, 0x0020,
  0x0020, 0x0020, 0x0020, 0x0020, 0x0020, 0x0020, 0x0020, 0x0020, 0x0000, 0x0020, 0x0020, 0x0000,
  0x0020, 0x0020, 0x0020, 0x0020, 0x0020, 0x0020, 0x0020, 0x0020, 0x0020, 0x0020, 0x0020, 0x0020,
  0x0020, 0x0020, 0x0020, 0x0000, 0x0000, 0x0020, 0x0020, 0x0020, 0x0000, 0x0000, 0x0000, 0x0000,
  0x0020, 0x0000, 0x0000, 0x0000, 0x0020, 0x0020, 0x0020, 0x0000, 0x0000, 0x0000, 0x0000, 0x0020,
  0x0020, 0x0020, 0x0020, 0x0020, 0x0020, 0x0020, 0x0020, 0x0020, 0x0020, 0x0020, 0x0841, 0x0841,
  0x0841, 0x0861, 0x0861, 0x0861, 0x0861, 0x0861, 0x0861, 0x0861, 0x0861, 0x1082, 0x18C3, 0x2104,
  0x2104, 0x18E3, 0x18C3, 0x1082, 0x0020, 0x0000, 0x0000, 0x0000, 0x0000, 0x0000, 0x0000, 0x0000,
  0x0000, 0x0000, 0x0000, 0x0000, 0x0000, 0x1082, 0x18E3, 0x2965, 0x39E7, 0x4228, 0x4A69, 0x528A,
  0x52AA, 0x528A, 0x4A69, 0x4228, 0x4208, 0x4208, 0x4A69, 0x52AA, 0x0000, 0x0000, 0x0020, 0x0000,
  0x0000, 0x0020, 0x0020, 0x0020, 0x0020, 0x0020, 0x0020, 0x0841, 0x0020, 0x0020, 0x0841, 0x0841,
  0x0841, 0x0841, 0x0841, 0x0841, 0x0841, 0x0020, 0x0841, 0x0841, 0x0020, 0x0020, 0x0841, 0x0020,
  0x0020, 0x0841, 0x0020, 0x0841, 0x0020, 0x0020, 0x0020, 0x0020, 0x0020, 0x0020, 0x0020, 0x0020,
  0x0020, 0x0020, 0x0020, 0x0020, 0x0020, 0x0020, 0x0020, 0x0020, 0x0020, 0x0020, 0x0020, 0x0020,
  0x0020, 0x0020, 0x0020, 0x0020, 0x0020, 0x0020, 0x0020, 0x0020, 0x0020, 0x0020, 0x0000, 0x0020,
  0x0000, 0x0000, 0x0020, 0x0020, 0x0000, 0x0000, 0x0020, 0x0020, 0x0020, 0x0000, 0x0000, 0x0000,
  0x0000, 0x0000, 0x0020, 0x0020, 0x0000, 0x0000, 0x0000, 0x0000, 0x0000, 0x0000, 0x0020, 0x0000,
  0x0000, 0x0020, 0x0020, 0x0020, 0x0020, 0x0020, 0x0020, 0x0020, 0x0020, 0x0020, 0x0020, 0x0841,
  0x0841, 0x0841, 0x0841, 0x0861, 0x0861, 0x0861, 0x0861, 0x1082, 0x1082, 0x18C3, 0x2104, 0x2945,
  0x2124, 0x2104, 0x18E3, 0x10A2, 0x0841, 0x0000, 0x0000, 0x0000, 0x0000, 0x0000, 0x0020, 0x0020,
  0x0020, 0x0020, 0x0000, 0x0020, 0x0841, 0x0861, 0x1082, 0x18E3, 0x2945, 0x3186, 0x39C7, 0x39E7,
  0x4208, 0x4228, 0x4228, 0x4228, 0x4228, 0x4228, 0x4A49, 0x52AA, 0x5ACB, 0x0000, 0x0000, 0x0000,
  0x0000, 0x0000, 0x0020, 0x0020, 0x0020, 0x0020, 0x0020, 0x0020, 0x0020, 0x0020, 0x0020, 0x0841,
  0x0841, 0x0841, 0x0841, 0x0841, 0x0841, 0x0841, 0x0020, 0x0841, 0x0841, 0x0020, 0x0020, 0x0841,
  0x0841, 0x0841, 0x0841, 0x0020, 0x0841, 0x0841, 0x0020, 0x0020, 0x0020, 0x0020, 0x0020, 0x0020,
  0x0020, 0x0020, 0x0020, 0x0020, 0x0020, 0x0020, 0x0020, 0x0020, 0x0020, 0x0020, 0x0020, 0x0020,
  0x0020, 0x0020, 0x0020, 0x0020, 0x0020, 0x0020, 0x0020, 0x0020, 0x0020, 0x0020, 0x0020, 0x0000,
  0x0000, 0x0020, 0x0020, 0x0000, 0x0000, 0x0000, 0x0020, 0x0020, 0x0000, 0x0020, 0x0020, 0x0020,
  0x0000, 0x0000, 0x0000, 0x0000, 0x0020, 0x0000, 0x0000, 0x0020, 0x0000, 0x0000, 0x0020, 0x0000,
  0x0000, 0x0000, 0x0020, 0x0000, 0x0000, 0x0020, 0x0020, 0x0020, 0x0020, 0x0020, 0x0020, 0x0020,
  0x0841, 0x0841, 0x0841, 0x0861, 0x0861, 0x0861, 0x1082, 0x1082, 0x1082, 0x18C3, 0x2104, 0x2124,
  0x2124, 0x2104, 0x18E3, 0x18C3, 0x10A2, 0x1082, 0x0841, 0x0000, 0x0000, 0x0000, 0x0000, 0x0020,
  0x0841, 0x0861, 0x1082, 0x10A2, 0x0861, 0x0841, 0x0861, 0x10A2, 0x18C3, 0x18C3, 0x18E3, 0x2104,
  0x2945, 0x2965, 0x31A6, 0x39C7, 0x4208, 0x4208, 0x4208, 0x4208, 0x4228, 0x4A69, 0x0000, 0x0000,
  0x0000, 0x0000, 0x0000, 0x0020, 0x0020, 0x0020, 0x0020, 0x0020, 0x0020, 0x0020, 0x0020, 0x0020,
  0x0020, 0x0841, 0x0841, 0x0020, 0x0841, 0x0841, 0x0841, 0x0841, 0x0841, 0x0841, 0x0841, 0x0841,
  0x0841, 0x0841, 0x0841, 0x0841, 0x0841, 0x0020, 0x0020, 0x0020, 0x0020, 0x0020, 0x0020, 0x0020,
  0x0020, 0x0020, 0x0020, 0x0020, 0x0020, 0x0020, 0x0020, 0x0020, 0x0020, 0x0020, 0x0020, 0x0020,
  0x0020, 0x0020, 0x0020, 0x0020, 0x0020, 0x0020, 0x0020, 0x0020, 0x0020, 0x0020, 0x0020, 0x0020,
  0x0000, 0x0020, 0x0020, 0x0020, 0x0000, 0x0000, 0x0000, 0x0020, 0x0000, 0x0000, 0x0020, 0x0000,
  0x0000, 0x0000, 0x0000, 0x0000, 0x0000, 0x0000, 0x0000, 0x0000, 0x0020, 0x0000, 0x0020, 0x0000,
  0x0000, 0x0000, 0x0020, 0x0020, 0x0020, 0x0020, 0x0000, 0x0020, 0x0020, 0x0020, 0x0020, 0x0841,
  0x0841, 0x0841, 0x0841, 0x0861, 0x0841, 0x0841, 0x0861, 0x0861, 0x1082, 0x1082, 0x1082, 0x10A2,
  0x18C3, 0x18C3, 0x18E3, 0x2104, 0x2104, 0x2104, 0x18E3, 0x1082, 0x0861, 0x0861, 0x0861, 0x0861,
  0x0000, 0x0000, 0x0000, 0x0861, 0x10A2, 0x0861, 0x0861, 0x1082, 0x1082, 0x1082, 0x18C3, 0x2104,
  0x2124, 0x2945, 0x2965, 0x31A6, 0x39E7, 0x4208, 0x31A6, 0x31A6, 0x39C7, 0x39C7, 0x4208, 0x0000,
  0x0000, 0x0000, 0x0000, 0x0000, 0x0020, 0x0000, 0x0000, 0x0020, 0x0020, 0x0020, 0x0020, 0x0020,
  0x0020, 0x0020, 0x0020, 0x0841, 0x0020, 0x0020, 0x0841, 0x0841, 0x0841, 0x0841, 0x0841, 0x0841,
  0x0841, 0x0841, 0x0841, 0x0841, 0x0841, 0x0841, 0x0020, 0x0020, 0x0020, 0x0020, 0x0841, 0x0020,
  0x0020, 0x0020, 0x0020, 0x0020, 0x0020, 0x0020, 0x0020, 0x0020, 0x0020, 0x0020, 0x0020, 0x0020,
  0x0020, 0x0000, 0x0020, 0x0020, 0x0020, 0x0020, 0x0020, 0x0020, 0x0020, 0x0000, 0x0000, 0x0020,
  0x0000, 0x0000, 0x0020, 0x0020, 0x0000, 0x0000, 0x0000, 0x0000, 0x0020, 0x0000, 0x0000, 0x0020,
  0x0000, 0x0000, 0x0000, 0x0000, 0x0000, 0x0020, 0x0000, 0x0000, 0x0000, 0x0000, 0x0000, 0x0000,
  0x0000, 0x0000, 0x0020, 0x0000, 0x0000, 0x0020, 0x0020, 0x0000, 0x0000, 0x0020, 0x0020, 0x0020,
  0x0841, 0x0841, 0x0841, 0x0841, 0x0841, 0x0861, 0x1082, 0x0861, 0x0861, 0x1082, 0x1082, 0x1082,
  0x1082, 0x1082, 0x1082, 0x18C3, 0x18E3, 0x10A2, 0x1082, 0x1082, 0x0861, 0x0861, 0x0841, 0x0861,
  0x1082, 0x0861, 0x0841, 0x0020, 0x0841, 0x0841, 0x1082, 0x1082, 0x1082, 0x0861, 0x1082, 0x10A2,
  0x18E3, 0x2104, 0x2124, 0x2945, 0x2965, 0x31A6, 0x31A6, 0x3186, 0x3186, 0x2965, 0x2965, 0x31A6,
  0x0000, 0x0000, 0x0020, 0x0000, 0x0000, 0x0000, 0x0020, 0x0000, 0x0000, 0x0020, 0x0020, 0x0020,
  0x0020, 0x0020, 0x0841, 0x0861, 0x0861, 0x0861, 0x0841, 0x0841, 0x0841, 0x0841, 0x0841, 0x0841,
  0x0841, 0x0841, 0x0841, 0x0841, 0x0841, 0x0841, 0x0841, 0x0020, 0x0020, 0x0020, 0x0020, 0x0020,
  0x0020, 0x0020, 0x0020, 0x0020, 0x0020, 0x0020, 0x0020, 0x0020, 0x0020, 0x0020, 0x0020, 0x0020,
  0x0020, 0x0020, 0x0020, 0x0020, 0x0020, 0x0020, 0x0020, 0x0020, 0x0020, 0x0020, 0x0020, 0x0000,
  0x0000, 0x0000, 0x0020, 0x0020, 0x0000, 0x0000, 0x0000, 0x0000, 0x0000, 0x0000, 0x0020, 0x0000,
  0x0000, 0x0000, 0x0000, 0x0000, 0x0000, 0x0000, 0x0000, 0x0000, 0x0000, 0x0000, 0x0000, 0x0000,
  0x0000, 0x0000, 0x0020, 0x0020, 0x0000, 0x0000, 0x0000, 0x0020, 0x0020, 0x0000, 0x0020, 0x0020,
  0x0020, 0x0020, 0x0841, 0x0841, 0x0861, 0x1082, 0x1082, 0x1082, 0x1082, 0x0861, 0x0841, 0x0000,
  0x0000, 0x0000, 0x0000, 0x0020, 0x0861, 0x0841, 0x0020, 0x0841, 0x0861, 0x0020, 0x0000, 0x0000,
  0x0841, 0x0841, 0x0841, 0x0841, 0x0841, 0x0841, 0x0861, 0x1082, 0x10A2, 0x10A2, 0x10A2, 0x10A2,
  0x10A2, 0x18E3, 0x2104, 0x2104, 0x2124, 0x2945, 0x31A6, 0x4208, 0x4228, 0x4208, 0x31A6, 0x3186,
  0x39C7, 0x0000, 0x0000, 0x0000, 0x0020, 0x0000, 0x0000, 0x0000, 0x0020, 0x0020, 0x0020, 0x0020,
  0x0020, 0x0020, 0x0020, 0x0841, 0x0841, 0x0841, 0x0841, 0x0841, 0x0841, 0x0841, 0x0841, 0x0841,
  0x0841, 0x0841, 0x0841, 0x0841, 0x0841, 0x0841, 0x0020, 0x0841, 0x0841, 0x0841, 0x0020, 0x0020,
  0x0020, 0x0020, 0x0020, 0x0020, 0x0020, 0x0020, 0x0020, 0x0020, 0x0020, 0x0000, 0x0000, 0x0020,
  0x0020, 0x0020, 0x0020, 0x0020, 0x0020, 0x0000, 0x0000, 0x0020, 0x0020, 0x0020, 0x0020, 0x0020,
  0x0000, 0x0020, 0x0000, 0x0000, 0x0000, 0x0000, 0x0000, 0x0020, 0x0000, 0x0000, 0x0000, 0x0000,
  0x0020, 0x0000, 0x0000, 0x0000, 0x0000, 0x0000, 0x0020, 0x0000, 0x0000, 0x0000, 0x0000, 0x0000,
  0x0000, 0x0000, 0x0000, 0x0000, 0x0000, 0x0020, 0x0000, 0x0000, 0x0020, 0x0000, 0x0000, 0x0020,
  0x0020, 0x0020, 0x0020, 0x0861, 0x1082, 0x1082, 0x10A2, 0x10A2, 0x18C3, 0x18C3, 0x18E3, 0x18C3,
  0x18C3, 0x18E3, 0x2104, 0x2124, 0x2124, 0x2124, 0x18E3, 0x18C3, 0x1082, 0x0841, 0x0000, 0x0000,
  0x0000, 0x0000, 0x0000, 0x0000, 0x0020, 0x0841, 0x0841, 0x0841, 0x0861, 0x1082, 0x10A2, 0x18C3,
  0x18C3, 0x18C3, 0x2104, 0x2124, 0x2124, 0x18E3, 0x2124, 0x31A6, 0x39E7, 0x39E7, 0x39C7, 0x31A6,
  0x31A6, 0x4228, 0x0000, 0x0000, 0x0000, 0x0000, 0x0000, 0x0000, 0x0000, 0x0000, 0x0020, 0x0020,
  0x0020, 0x0020, 0x0020, 0x0020, 0x0020, 0x0841, 0x0841, 0x0841, 0x0841, 0x0841, 0x0841, 0x0861,
  0x1082, 0x0861, 0x0861, 0x0841, 0x0841, 0x0861, 0x0841, 0x0841, 0x0841, 0x0841, 0x0841, 0x0841,
  0x0020, 0x0020, 0x0020, 0x0020, 0x0020, 0x0020, 0x0020, 0x0020, 0x0020, 0x0020, 0x0020, 0x0000,
  0x0020, 0x0020, 0x0000, 0x0000, 0x0020, 0x0020, 0x0020, 0x0000, 0x0020, 0x0000, 0x0020, 0x0000,
  0x0000, 0x0000, 0x0000, 0x0000, 0x0020, 0x0020, 0x0000, 0x0000, 0x0000, 0x0000, 0x0020, 0x0020,
  0x0000, 0x0000, 0x0000, 0x0000, 0x0000, 0x0000, 0x0000, 0x0000, 0x0000, 0x0000, 0x0000, 0x0000,
  0x0000, 0x0000, 0x0000, 0x0000, 0x0020, 0x0000, 0x0000, 0x0020, 0x0000, 0x0000, 0x0000, 0x0020,
  0x0020, 0x0020, 0x0000, 0x0020, 0x0841, 0x0861, 0x0861, 0x10A2, 0x18E3, 0x2124, 0x2965, 0x31A6,
  0x39E7, 0x4208, 0x4228, 0x4228, 0x39E7, 0x3186, 0x2124, 0x18E3, 0x18E3, 0x10A2, 0x10A2, 0x0861,
  0x0020, 0x0000, 0x0000, 0x0000, 0x0000, 0x0000, 0x0020, 0x0020, 0x0020, 0x0020, 0x0841, 0x0861,
  0x1082, 0x1082, 0x10A2, 0x18C3, 0x18E3, 0x18E3, 0x2104, 0x2124, 0x3186, 0x31A6, 0x31A6, 0x31A6,
  0x31A6, 0x31A6, 0x39C7, 0x0000, 0x0000, 0x0000, 0x0000, 0x0000, 0x0000, 0x0020, 0x0020, 0x0020,
  0x0020, 0x0020, 0x0020, 0x0020, 0x0020, 0x0020, 0x0020, 0x0841, 0x0841, 0x0841, 0x0841, 0x0841,
  0x0841, 0x0841, 0x0861, 0x0841, 0x0841, 0x0861, 0x0861, 0x0841, 0x0841, 0x0841, 0x0020, 0x0841,
  0x0841, 0x0020, 0x0020, 0x0020, 0x0020, 0x0020, 0x0020, 0x0020, 0x0020, 0x0020, 0x0020, 0x0020,
  0x0000, 0x0020, 0x0020, 0x0000, 0x0000, 0x0000, 0x0020, 0x0020, 0x0000, 0x0000, 0x0000, 0x0000,
  0x0000, 0x0000, 0x0000, 0x0000, 0x0000, 0x0020, 0x0000, 0x0000, 0x0000, 0x0000, 0x0000, 0x0000,
  0x0000, 0x0000, 0x0000, 0x0000, 0x0000, 0x0000, 0x0000, 0x0000, 0x0000, 0x0000, 0x0000, 0x0000,
  0x0000, 0x0000, 0x0000, 0x0000, 0x0000, 0x0000, 0x0000, 0x0000, 0x0000, 0x0000, 0x0000, 0x0000,
  0x0000, 0x0000, 0x0000, 0x0000, 0x0000, 0x0020, 0x0841, 0x1082, 0x10A2, 0x18E3, 0x2124, 0x2965,
  0x39E7, 0x4208, 0x39E7, 0x39C7, 0x31A6, 0x2965, 0x2124, 0x18C3, 0x1082, 0x1082, 0x1082, 0x0841,
  0x0841, 0x0841, 0x0020, 0x0000, 0x0000, 0x0000, 0x0000, 0x0020, 0x0020, 0x0020, 0x0841, 0x0841,
  0x0841, 0x1082, 0x10A2, 0x1082, 0x10A2, 0x18E3, 0x2104, 0x2104, 0x2945, 0x3186, 0x31A6, 0x39E7,
  0x39C7, 0x3186, 0x3186, 0x39C7, 0x0000, 0x0000, 0x0000, 0x0000, 0x0000, 0x0000, 0x0000, 0x0000,
  0x0000, 0x0020, 0x0020, 0x0020, 0x0020, 0x0020, 0x0020, 0x0020, 0x0841, 0x0841, 0x0861, 0x0861,
  0x0861, 0x0841, 0x0841, 0x0020, 0x0841, 0x0020, 0x0841, 0x0841, 0x0841, 0x0841, 0x0841, 0x0841,
  0x0020, 0x0020, 0x0020, 0x0020, 0x0020, 0x0020, 0x0020, 0x0020, 0x0020, 0x0020, 0x0020, 0x0020,
  0x0020, 0x0020, 0x0020, 0x0020, 0x0000, 0x0000, 0x0000, 0x0000, 0x0000, 0x0000, 0x0020, 0x0020,
  0x0000, 0x0000, 0x0000, 0x0000, 0x0000, 0x0000, 0x0000, 0x0000, 0x0000, 0x0000, 0x0000, 0x0000,
  0x0000, 0x0000, 0x0020, 0x0020, 0x0000, 0x0000, 0x0000, 0x0000, 0x0000, 0x0020, 0x0000, 0x0000,
  0x0000, 0x0000, 0x0000, 0x0020, 0x0000, 0x0000, 0x0000, 0x0000, 0x0020, 0x0000, 0x0000, 0x0000,
  0x0000, 0x0000, 0x0000, 0x0000, 0x0000, 0x0000, 0x0000, 0x0020, 0x1082, 0x2124, 0x31A6, 0x4208,
  0x528A, 0x5ACB, 0x5ACB, 0x5ACB, 0x5ACB, 0x528A, 0x4A49, 0x39E7, 0x2945, 0x18E3, 0x1082, 0x0000,
  0x0000, 0x0000, 0x0000, 0x0000, 0x0000, 0x0000, 0x0000, 0x0000, 0x0000, 0x0000, 0x0020, 0x0020,
  0x0020, 0x0841, 0x0861, 0x0861, 0x1082, 0x1082, 0x10A2, 0x18C3, 0x18E3, 0x2104, 0x2124, 0x2965,
  0x3186, 0x31A6, 0x39E7, 0x39E7, 0x39E7, 0x0000, 0x0000, 0x0000, 0x0000, 0x0000, 0x0000, 0x0000,
  0x0020, 0x0020, 0x0020, 0x0020, 0x0020, 0x0020, 0x0020, 0x0020, 0x0020, 0x0020, 0x0020, 0x0841,
  0x0841, 0x0841, 0x0841, 0x0841, 0x0841, 0x0841, 0x0841, 0x0841, 0x0841, 0x0841, 0x0841, 0x0841,
  0x0841, 0x0020, 0x0841, 0x0020, 0x0020, 0x0020, 0x0020, 0x0020, 0x0020, 0x0020, 0x0020, 0x0000,
  0x0000, 0x0020, 0x0000, 0x0000, 0x0020, 0x0000, 0x0020, 0x0000, 0x0000, 0x0000, 0x0000, 0x0000,
  0x0020, 0x0000, 0x0000, 0x0000, 0x0000, 0x0000, 0x0000, 0x0000, 0x0000, 0x0000, 0x0000, 0x0000,
  0x0020, 0x0000, 0x0000, 0x0000, 0x0000, 0x0000, 0x0000, 0x0000, 0x0000, 0x0000, 0x0000, 0x0020,
  0x0000, 0x0000, 0x0000, 0x0000, 0x0000, 0x0000, 0x0000, 0x0000, 0x0000, 0x0000, 0x0000, 0x0000,
  0x0000, 0x0000, 0x0000, 0x0000, 0x0000, 0x0000, 0x0000, 0x0000, 0x0000, 0x0841, 0x18C3, 0x2965,
  0x39E7, 0x4A69, 0x5ACB, 0x632C, 0x6B6D, 0x73AE, 0x73AE, 0x6B6D, 0x5AEB, 0x528A, 0x4208, 0x2965,
  0x1082, 0x0000, 0x0000, 0x0000, 0x0000, 0x0000, 0x0000, 0x0000, 0x0000, 0x0000, 0x0020, 0x0841,
  0x0020, 0x0020, 0x0841, 0x0841, 0x0841, 0x1082, 0x1082, 0x1082, 0x10A2, 0x18C3, 0x18C3, 0x2104,
  0x2104, 0x2124, 0x3186, 0x31A6, 0x31A6, 0x39C7, 0x0000, 0x0000, 0x0000, 0x0000, 0x0000, 0x0020,
  0x0000, 0x0020, 0x0020, 0x0020, 0x0020, 0x0000, 0x0020, 0x0020, 0x0020, 0x0020, 0x0841, 0x0841,
  0x0841, 0x0841, 0x0841, 0x0020, 0x0841, 0x0861, 0x0861, 0x0841, 0x0841, 0x0841, 0x0020, 0x0020,
  0x0841, 0x0841, 0x0020, 0x0020, 0x0020, 0x0020, 0x0020, 0x0020, 0x0020, 0x0020, 0x0020, 0x0020,
  0x0020, 0x0020, 0x0020, 0x0020, 0x0000, 0x0000, 0x0020, 0x0020, 0x0000, 0x0000, 0x0000, 0x0020,
  0x0000, 0x0000, 0x0000, 0x0000, 0x0000, 0x0000, 0x0000, 0x0000, 0x0000, 0x0000, 0x0000, 0x0000,
  0x0000, 0x0000, 0x0000, 0x0000, 0x0000, 0x0000, 0x0020, 0x0000, 0x0000, 0x0000, 0x0000, 0x0000,
  0x0000, 0x0000, 0x0000, 0x0000, 0x0000, 0x0000, 0x0000, 0x0000, 0x0000, 0x0000, 0x0000, 0x0000,
  0x0000, 0x0000, 0x0000, 0x0000, 0x0000, 0x0000, 0x0000, 0x0000, 0x0000, 0x0000, 0x0000, 0x0000,
  0x0020, 0x1082, 0x2965, 0x4228, 0x5ACB, 0x738E, 0x7BEF, 0x8410, 0x8410, 0x7BCF, 0x6B4D, 0x5AEB,
  0x4A49, 0x3186, 0x10A2, 0x0000, 0x0000, 0x0000, 0x0000, 0x0000, 0x0000, 0x0000, 0x0000, 0x0000,
  0x0020, 0x0020, 0x0020, 0x0841, 0x0861, 0x0861, 0x1082, 0x10A2, 0x1082, 0x1082, 0x1082, 0x10A2,
  0x18E3, 0x2124, 0x3186, 0x39C7, 0x31A6, 0x3186, 0x2965, 0x0000, 0x0000, 0x0000, 0x0000, 0x0000,
  0x0020, 0x0000, 0x0000, 0x0000, 0x0020, 0x0000, 0x0000, 0x0020, 0x0020, 0x0020, 0x0020, 0x0020,
  0x0020, 0x0020, 0x0841, 0x0841, 0x0861, 0x0841, 0x0841, 0x0841, 0x0841, 0x0841, 0x0841, 0x0020,
  0x0020, 0x0020, 0x0020, 0x0841, 0x0841, 0x0841, 0x0020, 0x0020, 0x0020, 0x0020, 0x0020, 0x0020,
  0x0020, 0x0020, 0x0020, 0x0020, 0x0020, 0x0000, 0x0000, 0x0020, 0x0020, 0x0000, 0x0000, 0x0000,
  0x0000, 0x0020, 0x0000, 0x0000, 0x0000, 0x0000, 0x0000, 0x0000, 0x0000, 0x0000, 0x0000, 0x0020,
  0x0000, 0x0000, 0x0000, 0x0000, 0x0020, 0x0000, 0x0000, 0x0000, 0x0000, 0x0000, 0x0000, 0x0000,
  0x0000, 0x0000, 0x0000, 0x0000, 0x0000, 0x0000, 0x0000, 0x0000, 0x0000, 0x0000, 0x0000, 0x0000,
  0x0000, 0x0000, 0x0000, 0x0000, 0x0000, 0x0000, 0x0000, 0x0000, 0x0000, 0x0000, 0x0000, 0x0000,
  0x0000, 0x0000, 0x0000, 0x0861, 0x2124, 0x39C7, 0x4A49, 0x5ACB, 0x6B6D, 0x7BEF, 0x8410, 0x7BEF,
  0x7BCF, 0x6B4D, 0x528A, 0x3186, 0x0861, 0x0000, 0x0000, 0x0000, 0x0000, 0x0000, 0x0000, 0x0000,
  0x0000, 0x0000, 0x0000, 0x0000, 0x0841, 0x0841, 0x0861, 0x10A2, 0x18C3, 0x18C3, 0x18C3, 0x18C3,
  0x18C3, 0x18C3, 0x2124, 0x3186, 0x31A6, 0x2965, 0x2124, 0x2124, 0x0000, 0x0000, 0x0000, 0x0000,
  0x0000, 0x0000, 0x0000, 0x0000, 0x0000, 0x0020, 0x0000, 0x0000, 0x0020, 0x0020, 0x0020, 0x0020,
  0x0020, 0x0020, 0x0020, 0x0020, 0x0841, 0x0841, 0x0841, 0x0841, 0x0841, 0x0020, 0x0020, 0x0020,
  0x0020, 0x0020, 0x0020, 0x0020, 0x0020, 0x0020, 0x0020, 0x0020, 0x0020, 0x0020, 0x0020, 0x0020,
  0x0020, 0x0020, 0x0020, 0x0020, 0x0020, 0x0020, 0x0000, 0x0000, 0x0020, 0x0020, 0x0020, 0x0020,
  0x0000, 0x0000, 0x0000, 0x0000, 0x0020, 0x0020, 0x0000, 0x0000, 0x0000, 0x0000, 0x0000, 0x0000,
  0x0000, 0x0000, 0x0000, 0x0000, 0x0000, 0x0000, 0x0000, 0x0000, 0x0000, 0x0000, 0x0000, 0x0000,
  0x0000, 0x0000, 0x0000, 0x0000, 0x0000, 0x0000, 0x0000, 0x0000, 0x0000, 0x0000, 0x0000, 0x0000,
  0x0000, 0x0000, 0x0000, 0x0000, 0x0000, 0x0000, 0x0000, 0x0000, 0x0000, 0x0000, 0x0000, 0x0000,
  0x0000, 0x0000, 0x0000, 0x0000, 0x0000, 0x10A2, 0x3186, 0x528A, 0x6B4D, 0x7BEF, 0x8410, 0x7BEF,
  0x73AE, 0x6B6D, 0x630C, 0x52AA, 0x4208, 0x2945, 0x0841, 0x0000, 0x0000, 0x0000, 0x0000, 0x0000,
  0x0000, 0x0000, 0x0000, 0x0000, 0x0000, 0x0000, 0x0000, 0x0841, 0x0861, 0x1082, 0x10A2, 0x18C3,
  0x18C3, 0x10A2, 0x18C3, 0x2104, 0x2945, 0x2945, 0x2104, 0x18E3, 0x2945, 0x0020, 0x0000, 0x0000,
  0x0000, 0x0020, 0x0000, 0x0000, 0x0000, 0x0020, 0x0020, 0x0000, 0x0000, 0x0020, 0x0000, 0x0000,
  0x0020, 0x0020, 0x0020, 0x0020, 0x0020, 0x0020, 0x0020, 0x0020, 0x0020, 0x0020, 0x0020, 0x0020,
  0x0020, 0x0020, 0x0020, 0x0020, 0x0020, 0x0020, 0x0020, 0x0020, 0x0020, 0x0020, 0x0020, 0x0020,
  0x0020, 0x0020, 0x0020, 0x0020, 0x0000, 0x0020, 0x0020, 0x0000, 0x0000, 0x0020, 0x0020, 0x0000,
  0x0000, 0x0000, 0x0000, 0x0000, 0x0000, 0x0000, 0x0020, 0x0000, 0x0000, 0x0000, 0x0000, 0x0000,
  0x0020, 0x0000, 0x0000, 0x0000, 0x0000, 0x0000, 0x0000, 0x0000, 0x0000, 0x0000, 0x0000, 0x0000,
  0x0000, 0x0000, 0x0000, 0x0000, 0x0000, 0x0000, 0x0000, 0x0000, 0x0000, 0x0000, 0x0000, 0x0000,
  0x0000, 0x0000, 0x0000, 0x0000, 0x0000, 0x0000, 0x0000, 0x0000, 0x0000, 0x0000, 0x0000, 0x0000,
  0x0000, 0x0000, 0x0000, 0x0000, 0x0000, 0x0000, 0x1082, 0x3186, 0x4A69, 0x5ACB, 0x632C, 0x6B6D,
  0x73AE, 0x7BCF, 0x7BEF, 0x7BCF, 0x6B4D, 0x52AA, 0x39C7, 0x18E3, 0x0020, 0x0000, 0x0000, 0x0000,
  0x0000, 0x0000, 0x0000, 0x0000, 0x0000, 0x0000, 0x0000, 0x0000, 0x0841, 0x0841, 0x0861, 0x1082,
  0x10A2, 0x18C3, 0x18E3, 0x2124, 0x2945, 0x2965, 0x2965, 0x2945, 0x2945, 0x3186, 0x0020, 0x0020,
  0x0020, 0x0020, 0x0000, 0x0000, 0x0000, 0x0020, 0x0000, 0x0000, 0x0000, 0x0000, 0x0020, 0x0000,
  0x0000, 0x0020, 0x0020, 0x0020, 0x0020, 0x0020, 0x0020, 0x0020, 0x0020, 0x0020, 0x0020, 0x0020,
  0x0841, 0x0020, 0x0020, 0x0020, 0x0020, 0x0020, 0x0020, 0x0020, 0x0020, 0x0020, 0x0020, 0x0020,
  0x0020, 0x0020, 0x0020, 0x0020, 0x0020, 0x0020, 0x0020, 0x0020, 0x0020, 0x0020, 0x0020, 0x0020,
  0x0000, 0x0000, 0x0000, 0x0000, 0x0000, 0x0000, 0x0000, 0x0020, 0x0000, 0x0000, 0x0000, 0x0000,
  0x0000, 0x0000, 0x0000, 0x0000, 0x0000, 0x0000, 0x0000, 0x0020, 0x0000, 0x0000, 0x0000, 0x0000,
  0x0000, 0x0000, 0x0000, 0x0000, 0x0000, 0x0000, 0x0000, 0x0000, 0x0000, 0x0000, 0x0000, 0x0000,
  0x0000, 0x0000, 0x0000, 0x0000, 0x0000, 0x0000, 0x0000, 0x0000, 0x0000, 0x0000, 0x0000, 0x0000,
  0x0000, 0x0000, 0x0000, 0x0000, 0x0000, 0x0000, 0x0000, 0x0000, 0x10A2, 0x2124, 0x2965, 0x39E7,
  0x4A69, 0x5AEB, 0x632C, 0x6B4D, 0x632C, 0x5AEB, 0x528A, 0x39E7, 0x2945, 0x10A2, 0x0020, 0x0000,
  0x0000, 0x0000, 0x0000, 0x0000, 0x0000, 0x0000, 0x0000, 0x0000, 0x0000, 0x0000, 0x0020, 0x0841,
  0x0861, 0x1082, 0x18E3, 0x2124, 0x2945, 0x2965, 0x3186, 0x31A6, 0x31A6, 0x39C7, 0x3186, 0x0020,
  0x0020, 0x0020, 0x0000, 0x0000, 0x0000, 0x0020, 0x0000, 0x0000, 0x0000, 0x0000, 0x0020, 0x0000,
  0x0000, 0x0020, 0x0000, 0x0000, 0x0020, 0x0020, 0x0000, 0x0020, 0x0020, 0x0020, 0x0020, 0x0020,
  0x0020, 0x0020, 0x0020, 0x0020, 0x0020, 0x0020, 0x0020, 0x0020, 0x0020, 0x0020, 0x0020, 0x0020,
  0x0020, 0x0020, 0x0020, 0x0020, 0x0020, 0x0020, 0x0000, 0x0020, 0x0020, 0x0020, 0x0020, 0x0020,
  0x0020, 0x0020, 0x0020, 0x0000, 0x0020, 0x0020, 0x0020, 0x0000, 0x0000, 0x0000, 0x0000, 0x0000,
  0x0000, 0x0020, 0x0020, 0x0000, 0x0000, 0x0000, 0x0020, 0x0000, 0x0000, 0x0000, 0x0000, 0x0000,
  0x0000, 0x0000, 0x0000, 0x0000, 0x0000, 0x0000, 0x0000, 0x0000, 0x0000, 0x0000, 0x0000, 0x0000,
  0x0000, 0x0000, 0x0000, 0x0000, 0x0000, 0x0000, 0x0000, 0x0000, 0x0000, 0x0000, 0x0000, 0x0000,
  0x0000, 0x0000, 0x0000, 0x0000, 0x0000, 0x0000, 0x0000, 0x0000, 0x0000, 0x0000, 0x0000, 0x0000,
  0x1082, 0x2945, 0x39C7, 0x4A49, 0x528A, 0x52AA, 0x5ACB, 0x5AEB, 0x528A, 0x4228, 0x3186, 0x18E3,
  0x0861, 0x0000, 0x0000, 0x0000, 0x0000, 0x0000, 0x0000, 0x0000, 0x0000, 0x0000, 0x0000, 0x0000,
  0x0000, 0x0000, 0x0000, 0x0841, 0x10A2, 0x18E3, 0x2124, 0x3186, 0x31A6, 0x3186, 0x2945, 0x2945,
  0x0020, 0x0020, 0x0000, 0x0020, 0x0020, 0x0000, 0x0000, 0x0000, 0x0000, 0x0000, 0x0000, 0x0000,
  0x0000, 0x0000, 0x0020, 0x0020, 0x0020, 0x0020, 0x0020, 0x0020, 0x0020, 0x0020, 0x0020, 0x0020,
  0x0020, 0x0020, 0x0020, 0x0020, 0x0020, 0x0020, 0x0020, 0x0020, 0x0020, 0x0020, 0x0020, 0x0020,
  0x0020, 0x0020, 0x0020, 0x0020, 0x0020, 0x0020, 0x0020, 0x0020, 0x0020, 0x0020, 0x0020, 0x0020,
  0x0020, 0x0020, 0x0020, 0x0020, 0x0020, 0x0020, 0x0020, 0x0020, 0x0020, 0x0020, 0x0000, 0x0000,
  0x0000, 0x0000, 0x0020, 0x0000, 0x0000, 0x0000, 0x0000, 0x0000, 0x0000, 0x0000, 0x0000, 0x0000,
  0x0000, 0x0000, 0x0000, 0x0000, 0x0000, 0x0000, 0x0000, 0x0000, 0x0000, 0x0000, 0x0000, 0x0000,
  0x0000, 0x0000, 0x0000, 0x0000, 0x0000, 0x0000, 0x0000, 0x0000, 0x0000, 0x0000, 0x0000, 0x0000,
  0x0000, 0x0000, 0x0000, 0x0000, 0x0000, 0x0000, 0x0000, 0x0000, 0x0000, 0x0000, 0x0000, 0x0000,
  0x0000, 0x0841, 0x18C3, 0x2945, 0x31A6, 0x4228, 0x52AA, 0x630C, 0x630C, 0x5ACB, 0x4A49, 0x31A6,
  0x2104, 0x18C3, 0x0841, 0x0000, 0x0000, 0x0000, 0x0000, 0x0000, 0x0000, 0x0000, 0x0000, 0x0000,
  0x0000, 0x0020, 0x0000, 0x0000, 0x0000, 0x0020, 0x0861, 0x18C3, 0x2124, 0x2124, 0x2104, 0x2124,
  0x2965, 0x0020, 0x0020, 0x0020, 0x0020, 0x0020, 0x0020, 0x0020, 0x0000, 0x0000, 0x0000, 0x0000,
  0x0020, 0x0020, 0x0000, 0x0000, 0x0000, 0x0000, 0x0000, 0x0000, 0x0000, 0x0020, 0x0020, 0x0020,
  0x0020, 0x0020, 0x0020, 0x0020, 0x0020, 0x0020, 0x0020, 0x0020, 0x0020, 0x0020, 0x0020, 0x0020,
  0x0020, 0x0020, 0x0020, 0x0020, 0x0020, 0x0020, 0x0020, 0x0020, 0x0020, 0x0020, 0x0020, 0x0020,
  0x0020, 0x0020, 0x0020, 0x0020, 0x0020, 0x0020, 0x0020, 0x0020, 0x0020, 0x0020, 0x0020, 0x0000,
  0x0000, 0x0000, 0x0000, 0x0000, 0x0000, 0x0000, 0x0000, 0x0000, 0x0000, 0x0000, 0x0000, 0x0020,
  0x0020, 0x0000, 0x0000, 0x0000, 0x0000, 0x0000, 0x0000, 0x0000, 0x0000, 0x0000, 0x0000, 0x0000,
  0x0000, 0x0000, 0x0000, 0x0000, 0x0000, 0x0000, 0x0000, 0x0000, 0x0000, 0x0000, 0x0020, 0x0000,
  0x0000, 0x0000, 0x0000, 0x0000, 0x0000, 0x0000, 0x0000, 0x0000, 0x0000, 0x0000, 0x0000, 0x0000,
  0x0000, 0x0000, 0x0841, 0x18E3, 0x3186, 0x4208, 0x528A, 0x5ACB, 0x52AA, 0x4A49, 0x31A6, 0x2124,
  0x10A2, 0x1082, 0x1082, 0x0861, 0x0020, 0x0020, 0x0020, 0x0020, 0x0020, 0x0000, 0x0020, 0x0000,
  0x0000, 0x0000, 0x0000, 0x0020, 0x0841, 0x0841, 0x0841, 0x0841, 0x0861, 0x18C3, 0x2104, 0x2104,
  0x2104, 0x2104, 0x0020, 0x0020, 0x0020, 0x0020, 0x0020, 0x0000, 0x0020, 0x0020, 0x0000, 0x0000,
  0x0020, 0x0000, 0x0000, 0x0000, 0x0020, 0x0000, 0x0000, 0x0000, 0x0000, 0x0000, 0x0000, 0x0000,
  0x0020, 0x0020, 0x0020, 0x0020, 0x0020, 0x0020, 0x0020, 0x0020, 0x0020, 0x0020, 0x0020, 0x0020,
  0x0020, 0x0000, 0x0000, 0x0020, 0x0020, 0x0020, 0x0020, 0x0020, 0x0020, 0x0020, 0x0020, 0x0020,
  0x0000, 0x0020, 0x0020, 0x0000, 0x0000, 0x0020, 0x0000, 0x0000, 0x0020, 0x0020, 0x0020, 0x0020,
  0x0000, 0x0000, 0x0000, 0x0000, 0x0000, 0x0000, 0x0000, 0x0020, 0x0000, 0x0000, 0x0000, 0x0000,
  0x0000, 0x0000, 0x0000, 0x0000, 0x0000, 0x0000, 0x0000, 0x0000, 0x0000, 0x0000, 0x0000, 0x0000,
  0x0000, 0x0000, 0x0000, 0x0000, 0x0000, 0x0000, 0x0000, 0x0000, 0x0000, 0x0000, 0x0000, 0x0000,
  0x0000, 0x0000, 0x0000, 0x0000, 0x0000, 0x0000, 0x0000, 0x0000, 0x0000, 0x0000, 0x0000, 0x0000,
  0x0000, 0x0000, 0x0861, 0x18C3, 0x2124, 0x2945, 0x3186, 0x3186, 0x2965, 0x18E3, 0x10A2, 0x10A2,
  0x1082, 0x0861, 0x0861, 0x0861, 0x0841, 0x0841, 0x0841, 0x0841, 0x0841, 0x0020, 0x0000, 0x0020,
  0x0020, 0x0000, 0x0000, 0x0000, 0x0020, 0x0841, 0x0841, 0x0841, 0x0861, 0x1082, 0x18E3, 0x18E3,
  0x10A2, 0x18C3, 0x2104, 0x0020, 0x0020, 0x0020, 0x0020, 0x0020, 0x0020, 0x0000, 0x0000, 0x0020,
  0x0020, 0x0000, 0x0000, 0x0000, 0x0000, 0x0020, 0x0000, 0x0000, 0x0000, 0x0020, 0x0000, 0x0000,
  0x0000, 0x0020, 0x0020, 0x0020, 0x0020, 0x0020, 0x0000, 0x0020, 0x0020, 0x0000, 0x0020, 0x0000,
  0x0000, 0x0020, 0x0020, 0x0020, 0x0020, 0x0020, 0x0020, 0x0020, 0x0020, 0x0020, 0x0000, 0x0020,
  0x0020, 0x0020, 0x0841, 0x0841, 0x0841, 0x0020, 0x0020, 0x0020, 0x0020, 0x0020, 0x0020, 0x0020,
  0x0020, 0x0020, 0x0000, 0x0000, 0x0000, 0x0000, 0x0000, 0x0000, 0x0000, 0x0000, 0x0000, 0x0000,
  0x0000, 0x0000, 0x0000, 0x0020, 0x0000, 0x0000, 0x0000, 0x0000, 0x0000, 0x0000, 0x0000, 0x0000,
  0x0000, 0x0000, 0x0000, 0x0000, 0x0000, 0x0000, 0x0000, 0x0000, 0x0000, 0x0000, 0x0000, 0x0000,
  0x0000, 0x0000, 0x0000, 0x0000, 0x0000, 0x0000, 0x0020, 0x0000, 0x0000, 0x0000, 0x0000, 0x0000,
  0x0000, 0x0000, 0x0000, 0x0000, 0x0020, 0x0020, 0x0020, 0x0020, 0x0841, 0x1082, 0x18C3, 0x18E3,
  0x10A2, 0x1082, 0x1082, 0x0861, 0x0861, 0x0841, 0x0841, 0x0841, 0x0841, 0x0020, 0x0020, 0x0000,
  0x0020, 0x0020, 0x0000, 0x0020, 0x0020, 0x0020, 0x0841, 0x0841, 0x0841, 0x0841, 0x10A2, 0x18C3,
  0x18C3, 0x18C3, 0x18E3, 0x2104, 0x0020, 0x0020, 0x0020, 0x0020, 0x0000, 0x0020, 0x0020, 0x0020,
  0x0020, 0x0000, 0x0000, 0x0020, 0x0000, 0x0000, 0x0000, 0x0000, 0x0020, 0x0000, 0x0000, 0x0000,
  0x0000, 0x0000, 0x0020, 0x0020, 0x0000, 0x0000, 0x0000, 0x0020, 0x0020, 0x0000, 0x0000, 0x0020,
  0x0000, 0x0000, 0x0020, 0x0020, 0x0000, 0x0020, 0x0020, 0x0000, 0x0000, 0x0020, 0x0020, 0x0000,
  0x0020, 0x0020, 0x0020, 0x0020, 0x0841, 0x0841, 0x0841, 0x0841, 0x0841, 0x0841, 0x0841, 0x0841,
  0x0841, 0x0841, 0x0861, 0x0841, 0x0841, 0x0020, 0x0020, 0x0000, 0x0020, 0x0020, 0x0000, 0x0000,
  0x0000, 0x0000, 0x0000, 0x0000, 0x0000, 0x0000, 0x0000, 0x0000, 0x0000, 0x0000, 0x0000, 0x0000,
  0x0000, 0x0000, 0x0000, 0x0000, 0x0000, 0x0000, 0x0000, 0x0000, 0x0000, 0x0000, 0x0000, 0x0000,
  0x0000, 0x0000, 0x0000, 0x0000, 0x0000, 0x0000, 0x0020, 0x0020, 0x0000, 0x0000, 0x0000, 0x0000,
  0x0000, 0x0000, 0x0000, 0x0000, 0x0000, 0x0000, 0x0000, 0x0000, 0x0000, 0x0000, 0x0020, 0x0861,
  0x0861, 0x0861, 0x1082, 0x1082, 0x0841, 0x0841, 0x0841, 0x0841, 0x0841, 0x0020, 0x0020, 0x0020,
  0x0020, 0x0020, 0x0000, 0x0000, 0x0020, 0x0841, 0x0841, 0x0841, 0x0841, 0x0841, 0x0861, 0x10A2,
  0x18C3, 0x18E3, 0x18E3, 0x18C3, 0x10A2, 0x0841, 0x0020, 0x0020, 0x0020, 0x0020, 0x0020, 0x0020,
  0x0020, 0x0020, 0x0000, 0x0020, 0x0000, 0x0000, 0x0000, 0x0000, 0x0000, 0x0000, 0x0000, 0x0000,
  0x0020, 0x0000, 0x0000, 0x0000, 0x0000, 0x0000, 0x0020, 0x0000, 0x0020, 0x0020, 0x0020, 0x0020,
  0x0020, 0x0000, 0x0020, 0x0020, 0x0000, 0x0000, 0x0020, 0x0020, 0x0000, 0x0000, 0x0020, 0x0020,
  0x0020, 0x0020, 0x0000, 0x0000, 0x0000, 0x0000, 0x0000, 0x0000, 0x0020, 0x0020, 0x0020, 0x0020,
  0x0020, 0x0020, 0x0020, 0x0020, 0x0020, 0x0020, 0x0020, 0x0020, 0x0020, 0x0020, 0x0000, 0x0000,
  0x0000, 0x0000, 0x0000, 0x0000, 0x0000, 0x0000, 0x0000, 0x0000, 0x0000, 0x0000, 0x0000, 0x0000,
  0x0000, 0x0000, 0x0000, 0x0000, 0x0000, 0x0000, 0x0000, 0x0000, 0x0000, 0x0000, 0x0000, 0x0000,
  0x0000, 0x0000, 0x0000, 0x0000, 0x0000, 0x0000, 0x0000, 0x0000, 0x0000, 0x0000, 0x0020, 0x0020,
  0x0000, 0x0000, 0x0000, 0x0020, 0x0020, 0x0020, 0x0020, 0x0000, 0x0020, 0x0020, 0x0020, 0x0020,
  0x0841, 0x0841, 0x0841, 0x0861, 0x0861, 0x0861, 0x0861, 0x0841, 0x0020, 0x0020, 0x0000, 0x0020,
  0x0020, 0x0020, 0x0020, 0x0000, 0x0000, 0x0000, 0x0020, 0x0020, 0x0020, 0x0020, 0x0020, 0x0841,
  0x1082, 0x10A2, 0x18C3, 0x10A2, 0x1082, 0x1082, 0x0841, 0x0841, 0x0841, 0x0020, 0x0020, 0x0020,
  0x0000, 0x0020, 0x0020, 0x0020, 0x0020, 0x0020, 0x0000, 0x0000, 0x0000, 0x0020, 0x0000, 0x0000,
  0x0000, 0x0000, 0x0000, 0x0000, 0x0020, 0x0000, 0x0000, 0x0020, 0x0000, 0x0000, 0x0000, 0x0020,
  0x0020, 0x0020, 0x0000, 0x0000, 0x0020, 0x0020, 0x0020, 0x0000, 0x0020, 0x0020, 0x0000, 0x0000,
  0x0020, 0x0000, 0x0000, 0x0000, 0x0020, 0x0000, 0x0000, 0x0000, 0x0000, 0x0000, 0x0000, 0x0000,
  0x0000, 0x0020, 0x0020, 0x0020, 0x0000, 0x0000, 0x0020, 0x0020, 0x0020, 0x0020, 0x0020, 0x0000,
  0x0000, 0x0000, 0x0000, 0x0000, 0x0000, 0x0000, 0x0000, 0x0000, 0x0000, 0x0000, 0x0000, 0x0000,
  0x0000, 0x0000, 0x0000, 0x0000, 0x0000, 0x0000, 0x0000, 0x0000, 0x0000, 0x0000, 0x0000, 0x0000,
  0x0000, 0x0000, 0x0000, 0x0000, 0x0000, 0x0000, 0x0000, 0x0000, 0x0000, 0x0000, 0x0000, 0x0000,
  0x0000, 0x0020, 0x0020, 0x0000, 0x0020, 0x0020, 0x0020, 0x0020, 0x0020, 0x0841, 0x0841, 0x0841,
  0x0841, 0x0841, 0x0861, 0x1082, 0x1082, 0x10A2, 0x1082, 0x0841, 0x0020, 0x0000, 0x0020, 0x0020,
  0x0020, 0x0020, 0x0020, 0x0020, 0x0020, 0x0020, 0x0020, 0x0020, 0x0020, 0x0020, 0x0020, 0x0020,
  0x0841, 0x0861, 0x10A2, 0x10A2, 0x0861, 0x0861, 0x1082, 0x0841, 0x0841, 0x0841, 0x0841, 0x0841,
  0x0000, 0x0000, 0x0020, 0x0020, 0x0020, 0x0020, 0x0000, 0x0000, 0x0020, 0x0000, 0x0000, 0x0020,
  0x0000, 0x0000, 0x0000, 0x0000, 0x0000, 0x0020, 0x0000, 0x0000, 0x0000, 0x0000, 0x0020, 0x0020,
  0x0020, 0x0020, 0x0020, 0x0000, 0x0000, 0x0020, 0x0020, 0x0020, 0x0020, 0x0020, 0x0000, 0x0000,
  0x0000, 0x0020, 0x0000, 0x0020, 0x0020, 0x0000, 0x0000, 0x0020, 0x0000, 0x0000, 0x0020, 0x0020,
  0x0000, 0x0020, 0x0020, 0x0020, 0x0020, 0x0020, 0x0020, 0x0020, 0x0020, 0x0020, 0x0000, 0x0000,
  0x0000, 0x0020, 0x0000, 0x0000, 0x0000, 0x0000, 0x0000, 0x0000, 0x0000, 0x0000, 0x0000, 0x0000,
  0x0000, 0x0000, 0x0000, 0x0000, 0x0000, 0x0000, 0x0000, 0x0000, 0x0000, 0x0000, 0x0000, 0x0000,
  0x0000, 0x0000, 0x0000, 0x0000, 0x0000, 0x0000, 0x0000, 0x0000, 0x0000, 0x0000, 0x0020, 0x0000,
  0x0020, 0x0020, 0x0020, 0x0020, 0x0020, 0x0020, 0x0020, 0x0020, 0x0020, 0x0020, 0x0020, 0x0841,
  0x0841, 0x0841, 0x0020, 0x0841, 0x0841, 0x0861, 0x0861, 0x0841, 0x0020, 0x0020, 0x0020, 0x0020,
  0x0020, 0x0020, 0x0020, 0x0020, 0x0020, 0x0020, 0x0020, 0x0020, 0x0020, 0x0841, 0x0841, 0x0020,
  0x0841, 0x0841, 0x0861, 0x1082, 0x1082, 0x0861, 0x0861, 0x0861, 0x0841, 0x0861, 0x0841, 0x0841,
  0x0841, 0x0020, 0x0020, 0x0000, 0x0020, 0x0000, 0x0000, 0x0020, 0x0000, 0x0020, 0x0000, 0x0000,
  0x0020, 0x0000, 0x0000, 0x0000, 0x0020, 0x0020, 0x0020, 0x0000, 0x0000, 0x0020, 0x0000, 0x0000,
  0x0020, 0x0020, 0x0000, 0x0020, 0x0020, 0x0020, 0x0020, 0x0020, 0x0020, 0x0020, 0x0020, 0x0020,
  0x0020, 0x0020, 0x0020, 0x0000, 0x0020, 0x0000, 0x0000, 0x0020, 0x0020, 0x0020, 0x0020, 0x0020,
  0x0000, 0x0000, 0x0020, 0x0000, 0x0000, 0x0020, 0x0020, 0x0020, 0x0020, 0x0000, 0x0000, 0x0000,
  0x0000, 0x0020, 0x0000, 0x0000, 0x0000, 0x0000, 0x0000, 0x0000, 0x0000, 0x0000, 0x0000, 0x0000,
  0x0000, 0x0000, 0x0000, 0x0000, 0x0000, 0x0000, 0x0000, 0x0000, 0x0000, 0x0000, 0x0000, 0x0000,
  0x0000, 0x0000, 0x0000, 0x0000, 0x0000, 0x0000, 0x0000, 0x0000, 0x0000, 0x0000, 0x0000, 0x0000,
  0x0000, 0x0000, 0x0020, 0x0020, 0x0020, 0x0020, 0x0000, 0x0020, 0x0841, 0x0020, 0x0000, 0x0020,
  0x0841, 0x0841, 0x0841, 0x0020, 0x0841, 0x0841, 0x0841, 0x0841, 0x0841, 0x0020, 0x0020, 0x0020,
  0x0020, 0x0020, 0x0020, 0x0020, 0x0020, 0x0020, 0x0020, 0x0020, 0x0020, 0x0020, 0x0020, 0x0020,
  0x0841, 0x0841, 0x0841, 0x0841, 0x0861, 0x0861, 0x0861, 0x1082, 0x1082, 0x0841, 0x1082, 0x10A2,
  0x0861, 0x0841, 0x0841, 0x0020, 0x0000, 0x0000, 0x0000, 0x0000, 0x0020, 0x0020, 0x0000, 0x0000,
  0x0000, 0x0000, 0x0000, 0x0000, 0x0000, 0x0020, 0x0020, 0x0000, 0x0000, 0x0020, 0x0020, 0x0020,
  0x0000, 0x0020, 0x0020, 0x0000, 0x0000, 0x0020, 0x0020, 0x0020, 0x0020, 0x0020, 0x0020, 0x0020,
  0x0020, 0x0020, 0x0020, 0x0020, 0x0020, 0x0020, 0x0020, 0x0000, 0x0000, 0x0020, 0x0020, 0x0000,
  0x0000, 0x0000, 0x0000, 0x0020, 0x0000, 0x0000, 0x0000, 0x0020, 0x0000, 0x0000, 0x0020, 0x0020,
  0x0000, 0x0000, 0x0000, 0x0000, 0x0000, 0x0000, 0x0000, 0x0000, 0x0000, 0x0000, 0x0000, 0x0000,
  0x0000, 0x0000, 0x0000, 0x0000, 0x0000, 0x0000, 0x0000, 0x0000, 0x0000, 0x0000, 0x0000, 0x0000,
  0x0000, 0x0000, 0x0000, 0x0000, 0x0000, 0x0000, 0x0000, 0x0000, 0x0000, 0x0000, 0x0000, 0x0000,
  0x0000, 0x0000, 0x0000, 0x0020, 0x0020, 0x0020, 0x0020, 0x0000, 0x0020, 0x0020, 0x0020, 0x0020,
  0x0020, 0x0020, 0x0020, 0x0020, 0x0020, 0x0841, 0x0841, 0x0841, 0x0841, 0x0841, 0x0841, 0x0020,
  0x0020, 0x0020, 0x0020, 0x0020, 0x0020, 0x0020, 0x0020, 0x0020, 0x0020, 0x0020, 0x0020, 0x0020,
  0x0020, 0x0841, 0x0841, 0x0841, 0x0841, 0x0861, 0x0861, 0x0861, 0x0861, 0x0861, 0x1082, 0x1082,
  0x1082, 0x0861, 0x0841, 0x0841, 0x0841, 0x0841, 0x0000, 0x0020, 0x0020, 0x0000, 0x0000, 0x0000,
  0x0000, 0x0020, 0x0000, 0x0000, 0x0000, 0x0000, 0x0020, 0x0000, 0x0000, 0x0000, 0x0000, 0x0020,
  0x0020, 0x0020, 0x0020, 0x0020, 0x0000, 0x0000, 0x0000, 0x0000, 0x0000, 0x0000, 0x0000, 0x0000,
  0x0000, 0x0000, 0x0000, 0x0000, 0x0020, 0x0020, 0x0020, 0x0020, 0x0000, 0x0000, 0x0000, 0x0000,
  0x0000, 0x0000, 0x0020, 0x0000, 0x0000, 0x0000, 0x0000, 0x0000, 0x0020, 0x0000, 0x0000, 0x0000,
  0x0000, 0x0000, 0x0000, 0x0000, 0x0000, 0x0020, 0x0000, 0x0000, 0x0000, 0x0000, 0x0000, 0x0000,
  0x0000, 0x0000, 0x0000, 0x0000, 0x0000, 0x0000, 0x0000, 0x0000, 0x0000, 0x0000, 0x0000, 0x0000,
  0x0000, 0x0000, 0x0000, 0x0000, 0x0000, 0x0000, 0x0000, 0x0000, 0x0000, 0x0000, 0x0000, 0x0000,
  0x0000, 0x0000, 0x0000, 0x0000, 0x0000, 0x0000, 0x0020, 0x0020, 0x0020, 0x0020, 0x0020, 0x0020,
  0x0020, 0x0020, 0x0020, 0x0020, 0x0020, 0x0020, 0x0020, 0x0020, 0x0020, 0x0020, 0x0020, 0x0020,
  0x0020, 0x0020, 0x0020, 0x0020, 0x0020, 0x0000, 0x0000, 0x0020, 0x0020, 0x0020, 0x0020, 0x0020,
  0x0841, 0x0841, 0x0841, 0x0841, 0x0841, 0x0841, 0x0841, 0x0861, 0x0861, 0x0861, 0x0861, 0x18E3,
  0x18C3, 0x10A2, 0x1082, 0x0841, 0x0841, 0x0841, 0x0841, 0x0841, 0x0020, 0x0020, 0x0020, 0x0020,
  0x0020, 0x0020, 0x0000, 0x0000, 0x0000, 0x0000, 0x0000, 0x0000, 0x0020, 0x0020, 0x0020, 0x0000,
  0x0000, 0x0000, 0x0000, 0x0000, 0x0020, 0x0020, 0x0020, 0x0020, 0x0000, 0x0000, 0x0000, 0x0000,
  0x0000, 0x0000, 0x0000, 0x0000, 0x0020, 0x0000, 0x0000, 0x0020, 0x0020, 0x0000, 0x0000, 0x0020,
  0x0020, 0x0000, 0x0000, 0x0000, 0x0000, 0x0000, 0x0000, 0x0020, 0x0020, 0x0000, 0x0000, 0x0020,
  0x0000, 0x0000, 0x0000, 0x0000, 0x0000, 0x0000, 0x0000, 0x0000, 0x0000, 0x0000, 0x0000, 0x0000,
  0x0000, 0x0000, 0x0000, 0x0000, 0x0000, 0x0000, 0x0000, 0x0000, 0x0000, 0x0000, 0x0000, 0x0000,
  0x0000, 0x0000, 0x0000, 0x0000, 0x0000, 0x0000, 0x0000, 0x0000, 0x0000, 0x0000, 0x0000, 0x0000,
  0x0000, 0x0000, 0x0000, 0x0000, 0x0000, 0x0000, 0x0000, 0x0020, 0x0020, 0x0020, 0x0020, 0x0000,
  0x0020, 0x0020, 0x0020, 0x0020, 0x0020, 0x0020, 0x0020, 0x0020, 0x0020, 0x0020, 0x0020, 0x0020,
  0x0020, 0x0020, 0x0020, 0x0020, 0x0020, 0x0020, 0x0000, 0x0020, 0x0020, 0x0020, 0x0020, 0x0020,
  0x0020, 0x0020, 0x0841, 0x0841, 0x0841, 0x0841, 0x0841, 0x0841, 0x0841, 0x0861, 0x0861, 0x0861,
  0x2104, 0x2104, 0x2104, 0x18E3, 0x10A2, 0x0861, 0x0020, 0x0000, 0x0020, 0x0020, 0x0020, 0x0020,
  0x0020, 0x0000, 0x0020, 0x0000, 0x0000, 0x0000, 0x0000, 0x0000, 0x0000, 0x0000, 0x0000, 0x0020,
  0x0000, 0x0000, 0x0020, 0x0020, 0x0020, 0x0020, 0x0020, 0x0841, 0x0841, 0x0861, 0x0861, 0x0861,
  0x0861, 0x0861, 0x0841, 0x0020, 0x0020, 0x0020, 0x0020, 0x0020, 0x0020, 0x0020, 0x0000, 0x0000,
  0x0000, 0x0000, 0x0000, 0x0020, 0x0000, 0x0000, 0x0000, 0x0000, 0x0000, 0x0000, 0x0000, 0x0000,
  0x0000, 0x0000, 0x0000, 0x0000, 0x0000, 0x0020, 0x0000, 0x0000, 0x0000, 0x0000, 0x0000, 0x0000,
  0x0000, 0x0000, 0x0000, 0x0000, 0x0000, 0x0000, 0x0000, 0x0000, 0x0000, 0x0000, 0x0000, 0x0000,
  0x0000, 0x0000, 0x0000, 0x0000, 0x0000, 0x0000, 0x0000, 0x0000, 0x0000, 0x0000, 0x0000, 0x0000,
  0x0000, 0x0000, 0x0000, 0x0000, 0x0000, 0x0000, 0x0020, 0x0020, 0x0020, 0x0020, 0x0020, 0x0000,
  0x0020, 0x0020, 0x0020, 0x0020, 0x0020, 0x0020, 0x0020, 0x0020, 0x0020, 0x0020, 0x0020, 0x0020,
  0x0020, 0x0020, 0x0020, 0x0020, 0x0020, 0x0020, 0x0020, 0x0020, 0x0020, 0x0020, 0x0000, 0x0020,
  0x0020, 0x0020, 0x0020, 0x0020, 0x0841, 0x0841, 0x0020, 0x0841, 0x0841, 0x0841, 0x0841, 0x0841,
  0x0841, 0x18E3, 0x18E3, 0x2104, 0x2124, 0x2124, 0x18E3, 0x10A2, 0x0861, 0x0020, 0x0020, 0x0000,
  0x0000, 0x0020, 0x0020, 0x0020, 0x0000, 0x0000, 0x0000, 0x0020, 0x0000, 0x0000, 0x0000, 0x0020,
  0x0020, 0x0020, 0x0020, 0x0020, 0x0020, 0x0020, 0x0020, 0x0020, 0x0000, 0x0020, 0x0020, 0x0841,
  0x0841, 0x0841, 0x0861, 0x0861, 0x0861, 0x0861, 0x0841, 0x0841, 0x0020, 0x0020, 0x0020, 0x0020,
  0x0000, 0x0020, 0x0000, 0x0000, 0x0000, 0x0000, 0x0000, 0x0020, 0x0000, 0x0000, 0x0000, 0x0000,
  0x0000, 0x0000, 0x0000, 0x0000, 0x0000, 0x0000, 0x0000, 0x0000, 0x0000, 0x0000, 0x0000, 0x0000,
  0x0000, 0x0000, 0x0000, 0x0000, 0x0000, 0x0000, 0x0000, 0x0000, 0x0000, 0x0000, 0x0000, 0x0000,
  0x0000, 0x0000, 0x0000, 0x0000, 0x0000, 0x0000, 0x0000, 0x0000, 0x0000, 0x0000, 0x0000, 0x0000,
  0x0000, 0x0000, 0x0000, 0x0000, 0x0020, 0x0000, 0x0000, 0x0000, 0x0020, 0x0000, 0x0020, 0x0000,
  0x0000, 0x0020, 0x0020, 0x0000, 0x0020, 0x0020, 0x0020, 0x0020, 0x0020, 0x0020, 0x0020, 0x0020,
  0x0020, 0x0020, 0x0020, 0x0020, 0x0020, 0x0020, 0x0020, 0x0000, 0x0000, 0x0020, 0x0020, 0x0000,
  0x0020, 0x0020, 0x0020, 0x0020, 0x0841, 0x0841, 0x0841, 0x0841, 0x0841, 0x0841, 0x0861, 0x0861,
  0x0861, 0x0861, 0x18E3, 0x18E3, 0x2104, 0x2124, 0x2945, 0x2124, 0x18E3, 0x10A2, 0x1082, 0x0861,
  0x0841, 0x0020, 0x0020, 0x0020, 0x0020, 0x0020, 0x0020, 0x0000, 0x0000, 0x0000, 0x0000, 0x0000,
  0x0020, 0x0020, 0x0020, 0x0020, 0x0020, 0x0000, 0x0000, 0x0020, 0x0020, 0x0000, 0x0000, 0x0000,
  0x0000, 0x0000, 0x0000, 0x0000, 0x0000, 0x0000, 0x0000, 0x0000, 0x0020, 0x0020, 0x0020, 0x0000,
  0x0020, 0x0000, 0x0020, 0x0000, 0x0000, 0x0000, 0x0000, 0x0000, 0x0020, 0x0000, 0x0000, 0x0000,
  0x0000, 0x0020, 0x0020, 0x0000, 0x0000, 0x0000, 0x0000, 0x0000, 0x0000, 0x0000, 0x0000, 0x0000,
  0x0000, 0x0000, 0x0000, 0x0000, 0x0000, 0x0000, 0x0000, 0x0000, 0x0000, 0x0000, 0x0000, 0x0000,
  0x0000, 0x0000, 0x0000, 0x0000, 0x0000, 0x0000, 0x0000, 0x0000, 0x0000, 0x0000, 0x0000, 0x0000,
  0x0000, 0x0000, 0x0000, 0x0000, 0x0000, 0x0000, 0x0000, 0x0000, 0x0020, 0x0000, 0x0000, 0x0000,
  0x0020, 0x0020, 0x0000, 0x0000, 0x0000, 0x0020, 0x0020, 0x0020, 0x0020, 0x0020, 0x0020, 0x0020,
  0x0020, 0x0020, 0x0020, 0x0020, 0x0020, 0x0020, 0x0020, 0x0020, 0x0000, 0x0020, 0x0020, 0x0020,
  0x0000, 0x0020, 0x0020, 0x0020, 0x0020, 0x0020, 0x0020, 0x0841, 0x0841, 0x0841, 0x0841, 0x0841,
  0x0841, 0x0841, 0x0841, 0x18E3, 0x18E3, 0x2104, 0x2124, 0x2124, 0x2945, 0x2124, 0x18C3, 0x10A2,
  0x0861, 0x0841, 0x0841, 0x0841, 0x0020, 0x0020, 0x0841, 0x0841, 0x0020, 0x0000, 0x0000, 0x0000,
  0x0000, 0x0000, 0x0000, 0x0020, 0x0020, 0x0020, 0x0020, 0x0020, 0x0020, 0x0020, 0x0020, 0x0020,
  0x0020, 0x0020, 0x0000, 0x0000, 0x0000, 0x0000, 0x0000, 0x0000, 0x0000, 0x0000, 0x0020, 0x0020,
  0x0020, 0x0020, 0x0000, 0x0000, 0x0000, 0x0000, 0x0000, 0x0000, 0x0000, 0x0000, 0x0000, 0x0000,
  0x0000, 0x0000, 0x0000, 0x0000, 0x0000, 0x0000, 0x0000, 0x0000, 0x0000, 0x0000, 0x0000, 0x0000,
  0x0000, 0x0000, 0x0000, 0x0000, 0x0000, 0x0000, 0x0000, 0x0000, 0x0000, 0x0000, 0x0000, 0x0000,
  0x0000, 0x0000, 0x0000, 0x0000, 0x0000, 0x0000, 0x0000, 0x0000, 0x0000, 0x0000, 0x0000, 0x0000,
  0x0000, 0x0000, 0x0000, 0x0000, 0x0000, 0x0000, 0x0000, 0x0000, 0x0000, 0x0000, 0x0000, 0x0000,
  0x0000, 0x0000, 0x0020, 0x0020, 0x0000, 0x0020, 0x0020, 0x0020, 0x0020, 0x0020, 0x0020, 0x0000,
  0x0020, 0x0020, 0x0020, 0x0020, 0x0020, 0x0020, 0x0020, 0x0020, 0x0020, 0x0000, 0x0020, 0x0020,
  0x0020, 0x0020, 0x0020, 0x0020, 0x0020, 0x0020, 0x0020, 0x0841, 0x0841, 0x0841, 0x0841, 0x0841,
  0x0841, 0x0020, 0x0841, 0x0841, 0x18E3, 0x18E3, 0x18E3, 0x2104, 0x2104, 0x2945, 0x2965, 0x2965,
  0x2104, 0x18C3, 0x1082, 0x0861, 0x0861, 0x0861, 0x0841, 0x0841, 0x0841, 0x0841, 0x0020, 0x0020,
  0x0020, 0x0020, 0x0020, 0x0020, 0x0020, 0x0020, 0x0000, 0x0000, 0x0020, 0x0020, 0x0020, 0x0020,
  0x0020, 0x0000, 0x0020, 0x0020, 0x0020, 0x0020, 0x0020, 0x0020, 0x0020, 0x0020, 0x0000, 0x0000,
  0x0020, 0x0020, 0x0000, 0x0000, 0x0000, 0x0020, 0x0000, 0x0000, 0x0000, 0x0000, 0x0000, 0x0000,
  0x0000, 0x0000, 0x0000, 0x0000, 0x0000, 0x0000, 0x0000, 0x0000, 0x0000, 0x0000, 0x0000, 0x0000,
  0x0000, 0x0000, 0x0000, 0x0000, 0x0000, 0x0000, 0x0000, 0x0000, 0x0000, 0x0000, 0x0000, 0x0000,
  0x0000, 0x0000, 0x0000, 0x0000, 0x0000, 0x0000, 0x0000, 0x0000, 0x0000, 0x0000, 0x0000, 0x0000,
  0x0000, 0x0000, 0x0000, 0x0000, 0x0000, 0x0000, 0x0000, 0x0000, 0x0000, 0x0000, 0x0000, 0x0000,
  0x0000, 0x0000, 0x0000, 0x0000, 0x0000, 0x0000, 0x0000, 0x0020, 0x0000, 0x0000, 0x0000, 0x0000,
  0x0020, 0x0020, 0x0000, 0x0020, 0x0020, 0x0020, 0x0020, 0x0020, 0x0000, 0x0020, 0x0020, 0x0020,
  0x0020, 0x0020, 0x0020, 0x0020, 0x0020, 0x0841, 0x0020, 0x0841, 0x0841, 0x0841, 0x0841, 0x0841,
  0x0841, 0x0841, 0x0841, 0x0841, 0x0841, 0x10A2, 0x18C3, 0x18C3, 0x18C3, 0x18C3, 0x18E3, 0x2124,
  0x2945, 0x2965, 0x2965, 0x2124, 0x18C3, 0x1082, 0x0861, 0x0861, 0x0841, 0x0841, 0x0841, 0x0841,
  0x0020, 0x0020, 0x0020, 0x0020, 0x0000, 0x0020, 0x0020, 0x0020, 0x0020, 0x0000, 0x0020, 0x0020,
  0x0020, 0x0000, 0x0000, 0x0020, 0x0020, 0x0020, 0x0000, 0x0000, 0x0000, 0x0020, 0x0020, 0x0000,
  0x0000, 0x0020, 0x0020, 0x0000, 0x0020, 0x0020, 0x0020, 0x0000, 0x0000, 0x0000, 0x0000, 0x0000,
  0x0000, 0x0000, 0x0000, 0x0000, 0x0000, 0x0000, 0x0000, 0x0000, 0x0000, 0x0000, 0x0000, 0x0000,
  0x0000, 0x0000, 0x0000, 0x0000, 0x0000, 0x0000, 0x0000, 0x0000, 0x0000, 0x0000, 0x0000, 0x0000,
  0x0000, 0x0000, 0x0000, 0x0000, 0x0000, 0x0000, 0x0000, 0x0000, 0x0000, 0x0000, 0x0000, 0x0000,
  0x0000, 0x0000, 0x0000, 0x0000, 0x0000, 0x0000, 0x0000, 0x0000, 0x0000, 0x0000, 0x0000, 0x0000,
  0x0000, 0x0000, 0x0020, 0x0000, 0x0000, 0x0000, 0x0000, 0x0020, 0x0020, 0x0000, 0x0000, 0x0000,
  0x0000, 0x0020, 0x0000, 0x0000, 0x0020, 0x0020, 0x0000, 0x0000, 0x0020, 0x0020, 0x0020, 0x0020,
  0x0020, 0x0020, 0x0020, 0x0020, 0x0020, 0x0020, 0x0020, 0x0020, 0x0020, 0x0841, 0x0841, 0x0020,
  0x0841, 0x0841, 0x0841, 0x0841, 0x0841, 0x0841, 0x10A2, 0x10A2, 0x1082, 0x10A2, 0x18C3, 0x18C3,
  0x18C3, 0x18E3, 0x2104, 0x2104, 0x2124, 0x18E3, 0x10A2, 0x1082, 0x0861, 0x0841, 0x0861, 0x0861,
  0x0841, 0x0841, 0x0841, 0x0020, 0x0841, 0x0841, 0x0020, 0x0020, 0x0020, 0x0020, 0x0020, 0x0020,
  0x0020, 0x0020, 0x0020, 0x0020, 0x0020, 0x0020, 0x0000, 0x0000, 0x0000, 0x0020, 0x0020, 0x0020,
  0x0020, 0x0000, 0x0000, 0x0000, 0x0000, 0x0000, 0x0000, 0x0020, 0x0000, 0x0000, 0x0000, 0x0000,
  0x0000, 0x0000, 0x0000, 0x0000, 0x0000, 0x0000, 0x0000, 0x0000, 0x0000, 0x0000, 0x0000, 0x0000,
  0x0000, 0x0000, 0x0000, 0x0000, 0x0000, 0x0000, 0x0000, 0x0000, 0x0000, 0x0000, 0x0000, 0x0000,
  0x0000, 0x0000, 0x0000, 0x0000, 0x0000, 0x0000, 0x0000, 0x0000, 0x0000, 0x0000, 0x0000, 0x0000,
  0x0000, 0x0000, 0x0000, 0x0000, 0x0000, 0x0000, 0x0000, 0x0000, 0x0000, 0x0000, 0x0000, 0x0000,
  0x0000, 0x0000, 0x0000, 0x0000, 0x0000, 0x0000, 0x0000, 0x0020, 0x0000, 0x0000, 0x0000, 0x0000,
  0x0020, 0x0000, 0x0000, 0x0000, 0x0020, 0x0000, 0x0000, 0x0000, 0x0000, 0x0020, 0x0020, 0x0020,
  0x0020, 0x0020, 0x0020, 0x0020, 0x0020, 0x0020, 0x0020, 0x0020, 0x0000, 0x0020, 0x0020, 0x0020,
  0x0020, 0x0020, 0x0020, 0x0841, 0x0020, 0x0020, 0x0020, 0x1082, 0x1082, 0x1082, 0x10A2, 0x18C3,
  0x18C3, 0x18C3, 0x18E3, 0x18E3, 0x18E3, 0x18C3, 0x1082, 0x1082, 0x0861, 0x0861, 0x0841, 0x0841,
  0x0841, 0x0841, 0x0841, 0x0841, 0x0841, 0x0841, 0x0841, 0x0841, 0x0020, 0x0841, 0x0841, 0x0020,
  0x0020, 0x0020, 0x0020, 0x0020, 0x0020, 0x0000, 0x0000, 0x0000, 0x0000, 0x0000, 0x0000, 0x0000,
  0x0000, 0x0020, 0x0020, 0x0000, 0x0000, 0x0000, 0x0000, 0x0000, 0x0000, 0x0000, 0x0000, 0x0000,
  0x0000, 0x0000, 0x0000, 0x0000, 0x0000, 0x0000, 0x0000, 0x0000, 0x0000, 0x0000, 0x0000, 0x0000,
  0x0000, 0x0000, 0x0000, 0x0000, 0x0000, 0x0000, 0x0000, 0x0000, 0x0000, 0x0000, 0x0000, 0x0000,
  0x0000, 0x0000, 0x0000, 0x0000, 0x0000, 0x0000, 0x0000, 0x0000, 0x0000, 0x0000, 0x0000, 0x0000,
  0x0000, 0x0000, 0x0000, 0x0000, 0x0000, 0x0000, 0x0000, 0x0000, 0x0000, 0x0000, 0x0000, 0x0000,
  0x0000, 0x0000, 0x0000, 0x0000, 0x0000, 0x0000, 0x0000, 0x0000, 0x0000, 0x0000, 0x0000, 0x0000,
  0x0020, 0x0000, 0x0020, 0x0000, 0x0000, 0x0000, 0x0000, 0x0020, 0x0020, 0x0020, 0x0020, 0x0020,
  0x0020, 0x0020, 0x0020, 0x0020, 0x0020, 0x0020, 0x0020, 0x0020, 0x0020, 0x0020, 0x0020, 0x0020,
  0x0020, 0x0020, 0x0841, 0x0020, 0x0020, 0x0020, 0x0020, 0x0000, 0x0841, 0x0861, 0x0861, 0x1082,
  0x18C3, 0x2104, 0x18E3, 0x18C3, 0x18E3, 0x2104, 0x18C3, 0x10A2, 0x1082, 0x0861, 0x0861, 0x0861,
  0x0841, 0x0841, 0x0020, 0x0020, 0x0020, 0x0841, 0x0020, 0x0020, 0x0000, 0x0000, 0x0000, 0x0020,
  0x0000, 0x0000, 0x0000, 0x0000, 0x0000, 0x0000, 0x0000, 0x0000, 0x0000, 0x0000, 0x0000, 0x0000,
  0x0000, 0x0000, 0x0000, 0x0020, 0x0020, 0x0020, 0x0000, 0x0000, 0x0000, 0x0000, 0x0000, 0x0000,
  0x0000, 0x0000, 0x0000, 0x0000, 0x0000, 0x0000, 0x0000, 0x0000, 0x0000, 0x0000, 0x0000, 0x0000,
  0x0000, 0x0000, 0x0000, 0x0000, 0x0000, 0x0000, 0x0000, 0x0000, 0x0000, 0x0000, 0x0000, 0x0000,
  0x0000, 0x0000, 0x0000, 0x0000, 0x0000, 0x0000, 0x0000, 0x0000, 0x0000, 0x0000, 0x0000, 0x0000,
  0x0000, 0x0000, 0x0000, 0x0000, 0x0000, 0x0000, 0x0000, 0x0000, 0x0000, 0x0000, 0x0000, 0x0000,
  0x0000, 0x0000, 0x0000, 0x0000, 0x0000, 0x0000, 0x0000, 0x0000, 0x0000, 0x0000, 0x0000, 0x0020,
  0x0020, 0x0000, 0x0000, 0x0000, 0x0000, 0x0000, 0x0000, 0x0000, 0x0000, 0x0020, 0x0020, 0x0020,
  0x0000, 0x0020, 0x0020, 0x0020, 0x0020, 0x0020, 0x0020, 0x0020, 0x0020, 0x0020, 0x0020, 0x0020,
  0x0020, 0x0020, 0x0020, 0x0020, 0x0020, 0x0020, 0x0020, 0x0020, 0x0000, 0x0841, 0x0841, 0x0861,
  0x1082, 0x18C3, 0x2124, 0x2104, 0x18C3, 0x18C3, 0x18E3, 0x10A2, 0x1082, 0x1082, 0x1082, 0x0861,
  0x0861, 0x0861, 0x1082, 0x1082, 0x1082, 0x0861, 0x0861, 0x0841, 0x0020, 0x0000, 0x0000, 0x0000,
  0x0000, 0x0000, 0x0000, 0x0000, 0x0000, 0x0000, 0x0000, 0x0000, 0x0000, 0x0000, 0x0020, 0x0020,
  0x0020, 0x0020, 0x0000, 0x0000, 0x0000, 0x0000, 0x0020, 0x0020, 0x0020, 0x0020, 0x0000, 0x0000,
  0x0000, 0x0000, 0x0000, 0x0000, 0x0000, 0x0000, 0x0000, 0x0000, 0x0000, 0x0000, 0x0000, 0x0000,
  0x0000, 0x0000, 0x0000, 0x0000, 0x0000, 0x0000, 0x0000, 0x0000, 0x0000, 0x0000, 0x0000, 0x0000,
  0x0000, 0x0000, 0x0000, 0x0000, 0x0000, 0x0000, 0x0000, 0x0000, 0x0000, 0x0000, 0x0000, 0x0000,
  0x0000, 0x0000, 0x0000, 0x0000, 0x0000, 0x0000, 0x0000, 0x0000, 0x0000, 0x0000, 0x0000, 0x0000,
  0x0000, 0x0000, 0x0000, 0x0000, 0x0000, 0x0000, 0x0000, 0x0000, 0x0000, 0x0000, 0x0000, 0x0000,
  0x0000, 0x0020, 0x0000, 0x0000, 0x0000, 0x0000, 0x0020, 0x0000, 0x0000, 0x0000, 0x0000, 0x0020,
  0x0020, 0x0000, 0x0000, 0x0020, 0x0020, 0x0020, 0x0000, 0x0020, 0x0020, 0x0020, 0x0020, 0x0020,
  0x0020, 0x0020, 0x0020, 0x0841, 0x0841, 0x0861, 0x0861, 0x0861, 0x0861, 0x0861, 0x0841, 0x0861,
  0x0861, 0x1082, 0x1082, 0x10A2, 0x18E3, 0x2104, 0x2124, 0x2124, 0x18E3, 0x10A2, 0x0861, 0x0861,
  0x0861, 0x0861, 0x18C3, 0x2104, 0x18E3, 0x10A2, 0x0861, 0x0000, 0x0000, 0x0000, 0x0000, 0x0000,
  0x0000, 0x0000, 0x0000, 0x0000, 0x0000, 0x0000, 0x0000, 0x0000, 0x0000, 0x0000, 0x0000, 0x0000,
  0x0000, 0x0000, 0x0000, 0x0000, 0x0000, 0x0000, 0x0000, 0x0000, 0x0000, 0x0000, 0x0020, 0x0020,
  0x0020, 0x0020, 0x0020, 0x0020, 0x0020, 0x0000, 0x0000, 0x0000, 0x0000, 0x0000, 0x0000, 0x0000,
  0x0000, 0x0000, 0x0000, 0x0000, 0x0000, 0x0000, 0x0000, 0x0000, 0x0000, 0x0000, 0x0000, 0x0000,
  0x0000, 0x0000, 0x0000, 0x0000, 0x0000, 0x0000, 0x0000, 0x0000, 0x0000, 0x0000, 0x0000, 0x0000,
  0x0000, 0x0000, 0x0000, 0x0000, 0x0000, 0x0000, 0x0000, 0x0000, 0x0000, 0x0000, 0x0000, 0x0000,
  0x0000, 0x0000, 0x0000, 0x0000, 0x0000, 0x0000, 0x0000, 0x0000, 0x0000, 0x0000, 0x0000, 0x0000,
  0x0000, 0x0000, 0x0000, 0x0000, 0x0000, 0x0000, 0x0000, 0x0000, 0x0000, 0x0000, 0x0000, 0x0000,
  0x0020, 0x0000, 0x0000, 0x0020, 0x0000, 0x0020, 0x0020, 0x0020, 0x0020, 0x0020, 0x0020, 0x0841,
  0x0841, 0x0841, 0x0841, 0x0861, 0x1082, 0x10A2, 0x10A2, 0x1082, 0x1082, 0x0861, 0x0861, 0x0841,
  0x0861, 0x1082, 0x1082, 0x10A2, 0x1082, 0x1082, 0x10A2, 0x18E3, 0x2104, 0x2104, 0x2104, 0x18E3,
  0x10A2, 0x0861, 0x0841, 0x1082, 0x18E3, 0x18C3, 0x0861, 0x0000, 0x0000, 0x0000, 0x0000, 0x0000,
  0x0020, 0x0841, 0x0861, 0x0861, 0x1082, 0x18C3, 0x18C3, 0x18C3, 0x18C3, 0x10A2, 0x0861, 0x0020,
  0x0000, 0x0000, 0x0000, 0x0000, 0x0000, 0x0000, 0x0000, 0x0000, 0x0000, 0x0000, 0x0000, 0x0000,
  0x0000, 0x0000, 0x0000, 0x0000, 0x0020, 0x0020, 0x0000, 0x0000, 0x0000, 0x0000, 0x0000, 0x0000,
  0x0000, 0x0000, 0x0000, 0x0000, 0x0000, 0x0000, 0x0000, 0x0000, 0x0000, 0x0000, 0x0000, 0x0000,
  0x0000, 0x0000, 0x0000, 0x0000, 0x0000, 0x0000, 0x0000, 0x0000, 0x0000, 0x0020, 0x0000, 0x0000,
  0x0000, 0x0000, 0x0000, 0x0000, 0x0000, 0x0000, 0x0000, 0x0000, 0x0000, 0x0000, 0x0000, 0x0000,
  0x0000, 0x0000, 0x0000, 0x0000, 0x0000, 0x0000, 0x0000, 0x0000, 0x0000, 0x0000, 0x0000, 0x0000,
  0x0000, 0x0000, 0x0000, 0x0000, 0x0000, 0x0000, 0x0000, 0x0000, 0x0000, 0x0000, 0x0000, 0x0000,
  0x0000, 0x0000, 0x0000, 0x0000, 0x0000, 0x0000, 0x0000, 0x0000, 0x0020, 0x0020, 0x0020, 0x0020,
  0x0841, 0x0841, 0x0841, 0x1082, 0x1082, 0x10A2, 0x18C3, 0x10A2, 0x1082, 0x1082, 0x0861, 0x0861,
  0x0020, 0x0841, 0x0841, 0x1082, 0x10A2, 0x18C3, 0x10A2, 0x18C3, 0x18E3, 0x2104, 0x2945, 0x2965,
  0x2965, 0x3186, 0x2965, 0x2124, 0x2104, 0x18E3, 0x10A2, 0x0861, 0x0000, 0x0000, 0x0020, 0x1082,
  0x18E3, 0x2945, 0x31A6, 0x4208, 0x528A, 0x528A, 0x4A69, 0x4A49, 0x4208, 0x39E7, 0x39E7, 0x39C7,
  0x2965, 0x18E3, 0x0861, 0x0000, 0x0000, 0x0000, 0x0000, 0x0000, 0x0000, 0x0000, 0x0000, 0x0000,
  0x0000, 0x0000, 0x0000, 0x0000, 0x0000, 0x0000, 0x0020, 0x0000, 0x0000, 0x0000, 0x0000, 0x0000,
  0x0000, 0x0000, 0x0000, 0x0000, 0x0000, 0x0000, 0x0000, 0x0000, 0x0000, 0x0000, 0x0000, 0x0000,
  0x0000, 0x0000, 0x0000, 0x0000, 0x0000, 0x0000, 0x0000, 0x0000, 0x0000, 0x0000, 0x0000, 0x0000,
  0x0000, 0x0000, 0x0000, 0x0000, 0x0000, 0x0000, 0x0000, 0x0000, 0x0000, 0x0000, 0x0000, 0x0000,
  0x0000, 0x0000, 0x0000, 0x0000, 0x0000, 0x0000, 0x0000, 0x0000, 0x0000, 0x0000, 0x0000, 0x0000,
  0x0000, 0x0000, 0x0000, 0x0000, 0x0000, 0x0000, 0x0000, 0x0000, 0x0000, 0x0000, 0x0000, 0x0000,
  0x0000, 0x0000, 0x0000, 0x0000, 0x0000, 0x0000, 0x0000, 0x0000, 0x0020, 0x0020, 0x0000, 0x0000,
  0x0000, 0x0000, 0x0020, 0x0020, 0x0841, 0x0861, 0x1082, 0x10A2, 0x10A2, 0x1082, 0x1082, 0x0861,
  0x0861, 0x0841, 0x0841, 0x0841, 0x0861, 0x1082, 0x1082, 0x1082, 0x10A2, 0x18E3, 0x2104, 0x2104,
  0x2104, 0x2104, 0x2104, 0x2124, 0x2945, 0x2945, 0x2124, 0x2104, 0x18C3, 0x18C3, 0x18E3, 0x2965,
  0x4208, 0x4A69, 0x528A, 0x528A, 0x4A49, 0x4228, 0x39E7, 0x39E7, 0x4208, 0x4208, 0x39C7, 0x31A6,
  0x3186, 0x31A6, 0x39C7, 0x31A6, 0x2124, 0x1082, 0x0841, 0x0000, 0x0000, 0x0000, 0x0000, 0x0000,
  0x0000, 0x0000, 0x0000, 0x0000, 0x0000, 0x0000, 0x0000, 0x0000, 0x0020, 0x0020, 0x0000, 0x0000,
  0x0000, 0x0000, 0x0000, 0x0000, 0x0000, 0x0000, 0x0000, 0x0000, 0x0000, 0x0000, 0x0000, 0x0000,
  0x0000, 0x0000, 0x0000, 0x0000, 0x0000, 0x0000, 0x0000, 0x0000, 0x0000, 0x0000, 0x0000, 0x0000,
  0x0000, 0x0000, 0x0000, 0x0000, 0x0000, 0x0000, 0x0000, 0x0000, 0x0000, 0x0000, 0x0000, 0x0000,
  0x0000, 0x0000, 0x0000, 0x0000, 0x0000, 0x0000, 0x0000, 0x0000, 0x0000, 0x0000, 0x0000, 0x0000,
  0x0000, 0x0000, 0x0000, 0x0000, 0x0000, 0x0000, 0x0000, 0x0000, 0x0000, 0x0000, 0x0000, 0x0000,
  0x0000, 0x0000, 0x0000, 0x0000, 0x0000, 0x0000, 0x0000, 0x0000, 0x0020, 0x0000, 0x0000, 0x0000,
  0x0000, 0x0000, 0x0000, 0x0000, 0x0000, 0x0020, 0x0020, 0x0841, 0x0861, 0x0861, 0x0861, 0x0861,
  0x0841, 0x0841, 0x0861, 0x0841, 0x0841, 0x0841, 0x0841, 0x0841, 0x0861, 0x1082, 0x1082, 0x10A2,
  0x10A2, 0x18C3, 0x18C3, 0x18C3, 0x18E3, 0x18E3, 0x2104, 0x2124, 0x2945, 0x2965, 0x2965, 0x3186,
  0x39E7, 0x4228, 0x4A49, 0x4A49, 0x528A, 0x5ACB, 0x52AA, 0x4A69, 0x4208, 0x39C7, 0x3186, 0x2945,
  0x2104, 0x2104, 0x2945, 0x3186, 0x39E7, 0x4228, 0x4A49, 0x39E7, 0x2965, 0x10A2, 0x0020, 0x0000,
  0x0000, 0x0000, 0x0000, 0x0000, 0x0000, 0x0000, 0x0000, 0x0000, 0x0000, 0x0000, 0x0000, 0x0020,
  0x0000, 0x0000, 0x0000, 0x0000, 0x0000, 0x0000, 0x0000, 0x0000, 0x0000, 0x0000, 0x0000, 0x0000,
  0x0000, 0x0000, 0x0000, 0x0000, 0x0000, 0x0000, 0x0000, 0x0000, 0x0000, 0x0000, 0x0000, 0x0000,
  0x0000, 0x0000, 0x0000, 0x0000, 0x0000, 0x0000, 0x0000, 0x0000, 0x0000, 0x0000, 0x0000, 0x0000,
  0x0000, 0x0000, 0x0000, 0x0000, 0x0000, 0x0000, 0x0000, 0x0000, 0x0000, 0x0000, 0x0000, 0x0000,
  0x0000, 0x0000, 0x0000, 0x0000, 0x0000, 0x0000, 0x0000, 0x0000, 0x0000, 0x0000, 0x0000, 0x0000,
  0x0000, 0x0000, 0x0000, 0x0000, 0x0000, 0x0000, 0x0000, 0x0000, 0x0000, 0x0000, 0x0020, 0x0000,
  0x0000, 0x0000, 0x0000, 0x0000, 0x0000, 0x0000, 0x0020, 0x0020, 0x0841, 0x0841, 0x0841, 0x0841,
  0x0841, 0x0841, 0x0841, 0x0841, 0x0841, 0x0841, 0x0841, 0x0861, 0x1082, 0x1082, 0x1082, 0x10A2,
  0x18C3, 0x2104, 0x2104, 0x18E3, 0x10A2, 0x10A2, 0x18C3, 0x18E3, 0x18E3, 0x18E3, 0x18E3, 0x2124,
  0x3186, 0x39E7, 0x4208, 0x4208, 0x4228, 0x4228, 0x4208, 0x4208, 0x4208, 0x4208, 0x31A6, 0x2965,
  0x2124, 0x2104, 0x2104, 0x2965, 0x4228, 0x5AEB, 0x738E, 0x7BEF, 0x8410, 0x7BCF, 0x630C, 0x4228,
  0x2965, 0x18E3, 0x10A2, 0x0861, 0x0020, 0x0000, 0x0000, 0x0000, 0x0000, 0x0000, 0x0000, 0x0000,
  0x0000, 0x0020, 0x0000, 0x0000, 0x0000, 0x0000, 0x0000, 0x0000, 0x0000, 0x0000, 0x0000, 0x0000,
  0x0000, 0x0000, 0x0000, 0x0000, 0x0000, 0x0000, 0x0000, 0x0000, 0x0000, 0x0000, 0x0000, 0x0000,
  0x0000, 0x0000, 0x0000, 0x0000, 0x0000, 0x0000, 0x0000, 0x0000, 0x0000, 0x0000, 0x0000, 0x0000,
  0x0000, 0x0000, 0x0000, 0x0000, 0x0000, 0x0000, 0x0000, 0x0000, 0x0000, 0x0000, 0x0000, 0x0000,
  0x0000, 0x0000, 0x0000, 0x0000, 0x0000, 0x0000, 0x0000, 0x0000, 0x0000, 0x0000, 0x0020, 0x0000,
  0x0000, 0x0000, 0x0000, 0x0000, 0x0000, 0x0000, 0x0000, 0x0020, 0x0000, 0x0000, 0x0000, 0x0020,
  0x0020, 0x0020, 0x0020, 0x0000, 0x0000, 0x0020, 0x0020, 0x0020, 0x0020, 0x0020, 0x0841, 0x0841,
  0x0841, 0x0841, 0x1082, 0x1082, 0x0841, 0x0861, 0x0861, 0x1082, 0x0861, 0x1082, 0x10A2, 0x10A2,
  0x1082, 0x10A2, 0x18E3, 0x2124, 0x2945, 0x18C3, 0x0841, 0x0841, 0x0861, 0x10A2, 0x2104, 0x2965,
  0x31A6, 0x39C7, 0x4208, 0x4228, 0x4A49, 0x528A, 0x52AA, 0x4A69, 0x4208, 0x31A6, 0x31A6, 0x31A6,
  0x31A6, 0x31A6, 0x39C7, 0x39C7, 0x39E7, 0x4A69, 0x52AA, 0x5ACB, 0x632C, 0x73AE, 0x7BCF, 0x738E,
  0x630C, 0x528A, 0x39E7, 0x31A6, 0x2124, 0x1082, 0x0000, 0x0000, 0x0000, 0x0000, 0x0000, 0x0000,
  0x0000, 0x0000, 0x0000, 0x0000, 0x0000, 0x0020, 0x0020, 0x0000, 0x0000, 0x0000, 0x0000, 0x0000,
  0x0000, 0x0000, 0x0000, 0x0000, 0x0000, 0x0020, 0x0000, 0x0000, 0x0000, 0x0000, 0x0000, 0x0000,
  0x0000, 0x0000, 0x0000, 0x0000, 0x0000, 0x0000, 0x0000, 0x0000, 0x0000, 0x0000, 0x0000, 0x0000,
  0x0000, 0x0000, 0x0000, 0x0000, 0x0000, 0x0000, 0x0000, 0x0000, 0x0000, 0x0000, 0x0000, 0x0000,
  0x0000, 0x0000, 0x0000, 0x0000, 0x0000, 0x0000, 0x0000, 0x0000, 0x0000, 0x0000, 0x0000, 0x0000,
  0x0000, 0x0000, 0x0000, 0x0000, 0x0000, 0x0000, 0x0000, 0x0000, 0x0000, 0x0000, 0x0000, 0x0000,
  0x0000, 0x0000, 0x0000, 0x0000, 0x0020, 0x0020, 0x0020, 0x0020, 0x0020, 0x0020, 0x0841, 0x0841,
  0x0841, 0x0841, 0x0861, 0x1082, 0x1082, 0x0841, 0x0841, 0x0841, 0x0861, 0x0841, 0x0020, 0x0841,
  0x1082, 0x10A2, 0x0861, 0x0841, 0x0861, 0x0861, 0x0841, 0x0841, 0x0861, 0x18C3, 0x2945, 0x3186,
  0x39E7, 0x4A49, 0x4A49, 0x4228, 0x4228, 0x4228, 0x39E7, 0x31A6, 0x31A6, 0x39C7, 0x39E7, 0x4208,
  0x4A49, 0x52AA, 0x5AEB, 0x632C, 0x6B6D, 0x738E, 0x7BEF, 0x8430, 0x8410, 0x7BEF, 0x73AE, 0x738E,
  0x738E, 0x738E, 0x6B6D, 0x5AEB, 0x4208, 0x2124, 0x10A2, 0x0841, 0x0841, 0x0000, 0x0000, 0x0000,
  0x0000, 0x0000, 0x0000, 0x0000, 0x0000, 0x0000, 0x0000, 0x0000, 0x0000, 0x0000, 0x0000, 0x0000,
  0x0000, 0x0000, 0x0000, 0x0000, 0x0000, 0x0000, 0x0000, 0x0000, 0x0000, 0x0000, 0x0000, 0x0000,
  0x0000, 0x0000, 0x0000, 0x0000, 0x0000, 0x0000, 0x0000, 0x0000, 0x0000, 0x0000, 0x0000, 0x0000,
  0x0000, 0x0000, 0x0000, 0x0000, 0x0000, 0x0000, 0x0000, 0x0000, 0x0000, 0x0000, 0x0000, 0x0000,
  0x0000, 0x0000, 0x0000, 0x0000, 0x0000, 0x0000, 0x0000, 0x0000, 0x0000, 0x0000, 0x0000, 0x0000,
  0x0000, 0x0000, 0x0000, 0x0000, 0x0000, 0x0000, 0x0000, 0x0000, 0x0000, 0x0000, 0x0000, 0x0020,
  0x0000, 0x0000, 0x0000, 0x0000, 0x0000, 0x0000, 0x0000, 0x0000, 0x0020, 0x0020, 0x0020, 0x0020,
  0x0020, 0x0841, 0x0841, 0x0841, 0x0841, 0x0861, 0x0861, 0x0841, 0x0861, 0x1082, 0x1082, 0x0841,
  0x0020, 0x0020, 0x0841, 0x0841, 0x0020, 0x0020, 0x0000, 0x0020, 0x0841, 0x0861, 0x10A2, 0x2124,
  0x2965, 0x2945, 0x3186, 0x39E7, 0x4228, 0x4A49, 0x4A49, 0x4208, 0x39C7, 0x31A6, 0x39E7, 0x528A,
  0x630C, 0x6B6D, 0x7BCF, 0x8410, 0x8C71, 0x9CF3, 0xA534, 0xA534, 0xAD55, 0xAD75, 0xB596, 0xAD75,
  0xAD55, 0xA534, 0x9CD3, 0x8C71, 0x8410, 0x73AE, 0x632C, 0x5ACB, 0x4A49, 0x31A6, 0x2104, 0x0861,
  0x0020, 0x0020, 0x0020, 0x0000, 0x0000, 0x0000, 0x0000, 0x0000, 0x0000, 0x0000, 0x0000, 0x0000,
  0x0000, 0x0000, 0x0000, 0x0000, 0x0000, 0x0000, 0x0000, 0x0000, 0x0000, 0x0000, 0x0000, 0x0000,
  0x0000, 0x0000, 0x0000, 0x0000, 0x0000, 0x0000, 0x0000, 0x0000, 0x0000, 0x0000, 0x0000, 0x0000,
  0x0000, 0x0000, 0x0000, 0x0000, 0x0000, 0x0000, 0x0000, 0x0000, 0x0000, 0x0000, 0x0000, 0x0000,
  0x0000, 0x0000, 0x0000, 0x0000, 0x0000, 0x0000, 0x0000, 0x0000, 0x0000, 0x0000, 0x0000, 0x0000,
  0x0000, 0x0000, 0x0000, 0x0000, 0x0000, 0x0000, 0x0000, 0x0000, 0x0000, 0x0000, 0x0000, 0x0000,
  0x0000, 0x0000, 0x0000, 0x0000, 0x0000, 0x0020, 0x0000, 0x0000, 0x0000, 0x0000, 0x0000, 0x0000,
  0x0020, 0x0020, 0x0020, 0x0020, 0x0841, 0x0841, 0x0841, 0x1082, 0x0861, 0x0861, 0x10A2, 0x18E3,
  0x2104, 0x2124, 0x2124, 0x2104, 0x18E3, 0x18E3, 0x18C3, 0x0861, 0x0020, 0x0000, 0x0841, 0x0861,
  0x18C3, 0x18E3, 0x2104, 0x2124, 0x2945, 0x3186, 0x39C7, 0x39E7, 0x4208, 0x4228, 0x4228, 0x4A49,
  0x528A, 0x632C, 0x738E, 0x7BCF, 0x73AE, 0x6B6D, 0x6B4D, 0x6B6D, 0x6B4D, 0x6B4D, 0x6B4D, 0x6B6D,
  0x7BCF, 0x8430, 0x8C71, 0x8C51, 0x8430, 0x8C51, 0x9492, 0x94B2, 0x8C71, 0x8410, 0x6B6D, 0x5ACB,
  0x4A49, 0x4208, 0x39E7, 0x2965, 0x18C3, 0x0841, 0x0020, 0x0020, 0x0000, 0x0000, 0x0000, 0x0000,
  0x0000, 0x0000, 0x0000, 0x0020, 0x0000, 0x0000, 0x0000, 0x0000, 0x0000, 0x0000, 0x0000, 0x0000,
  0x0000, 0x0000, 0x0000, 0x0000, 0x0000, 0x0000, 0x0000, 0x0000, 0x0000, 0x0000, 0x0000, 0x0000,
  0x0000, 0x0000, 0x0000, 0x0000, 0x0000, 0x0000, 0x0000, 0x0000, 0x0000, 0x0000, 0x0000, 0x0000,
  0x0000, 0x0000, 0x0000, 0x0000, 0x0000, 0x0000, 0x0000, 0x0000, 0x0000, 0x0000, 0x0000, 0x0000,
  0x0000, 0x0000, 0x0000, 0x0000, 0x0000, 0x0000, 0x0000, 0x0000, 0x0020, 0x0020, 0x0000, 0x0000,
  0x0000, 0x0000, 0x0000, 0x0000, 0x0000, 0x0000, 0x0000, 0x0000, 0x0020, 0x0020, 0x0000, 0x0000,
  0x0000, 0x0020, 0x0020, 0x0020, 0x0020, 0x0841, 0x0841, 0x0841, 0x0841, 0x0861, 0x0861, 0x0841,
  0x0861, 0x10A2, 0x2124, 0x31A6, 0x4208, 0x52AA, 0x6B4D, 0x73AE, 0x73AE, 0x6B4D, 0x528A, 0x39E7,
  0x3186, 0x2965, 0x2945, 0x2124, 0x2965, 0x3186, 0x3186, 0x2965, 0x3186, 0x31A6, 0x39E7, 0x39E7,
  0x39C7, 0x3186, 0x2945, 0x2124, 0x2104, 0x18E3, 0x18C3, 0x1082, 0x0841, 0x0000, 0x0020, 0x0861,
  0x1082, 0x10A2, 0x2124, 0x39C7, 0x4A49, 0x52AA, 0x630C, 0x6B4D, 0x632C, 0x630C, 0x52AA, 0x4A69,
  0x4228, 0x4208, 0x39C7, 0x2965, 0x2124, 0x18E3, 0x1082, 0x0841, 0x0020, 0x0000, 0x0000, 0x0000,
  0x0000, 0x0000, 0x0000, 0x0000, 0x0000, 0x0000, 0x0000, 0x0000, 0x0000, 0x0000, 0x0000, 0x0000,
  0x0000, 0x0000, 0x0000, 0x0000, 0x0000, 0x0000, 0x0000, 0x0000, 0x0000, 0x0000, 0x0000, 0x0000,
  0x0000, 0x0000, 0x0000, 0x0000, 0x0000, 0x0000, 0x0000, 0x0000, 0x0000, 0x0000, 0x0000, 0x0000,
  0x0000, 0x0000, 0x0000, 0x0000, 0x0000, 0x0000, 0x0000, 0x0000, 0x0000, 0x0000, 0x0000, 0x0000,
  0x0000, 0x0000, 0x0000, 0x0000, 0x0000, 0x0000, 0x0000, 0x0000, 0x0000, 0x0000, 0x0000, 0x0000,
  0x0000, 0x0000, 0x0000, 0x0000, 0x0000, 0x0000, 0x0000, 0x0000, 0x0000, 0x0000, 0x0020, 0x0020,
  0x0020, 0x0020, 0x0020, 0x0020, 0x0020, 0x0841, 0x0020, 0x0020, 0x0841, 0x0861, 0x0861, 0x1082,
  0x1082, 0x1082, 0x0861, 0x1082, 0x10A2, 0x18C3, 0x18E3, 0x3186, 0x528A, 0x738E, 0x8C51, 0x9CD3,
  0x9CD3, 0x9492, 0x8410, 0x6B6D, 0x5AEB, 0x52AA, 0x528A, 0x4A49, 0x39C7, 0x2965, 0x2124, 0x2104,
  0x18E3, 0x18C3, 0x18C3, 0x18C3, 0x18C3, 0x18C3, 0x18C3, 0x1082, 0x1082, 0x10A2, 0x18C3, 0x2124,
  0x3186, 0x39C7, 0x31A6, 0x3186, 0x2965, 0x2124, 0x18E3, 0x18E3, 0x18E3, 0x18C3, 0x10A2, 0x0861,
  0x0841, 0x0020, 0x0020, 0x0000, 0x0000, 0x0000, 0x0020, 0x0020, 0x0000, 0x0000, 0x0000, 0x0000,
  0x0000, 0x0000, 0x0000, 0x0000, 0x0000, 0x0000, 0x0000, 0x0000, 0x0000, 0x0000, 0x0000, 0x0000,
  0x0000, 0x0000, 0x0000, 0x0000, 0x0000, 0x0000, 0x0000, 0x0000, 0x0000, 0x0000, 0x0000, 0x0000,
  0x0000, 0x0000, 0x0000, 0x0000, 0x0000, 0x0000, 0x0000, 0x0000, 0x0000, 0x0000, 0x0000, 0x0000,
  0x0000, 0x0000, 0x0000, 0x0000, 0x0000, 0x0000, 0x0000, 0x0000, 0x0000, 0x0000, 0x0000, 0x0000,
  0x0000, 0x0000, 0x0000, 0x0000, 0x0000, 0x0000, 0x0000, 0x0000, 0x0000, 0x0000, 0x0000, 0x0000,
  0x0000, 0x0000, 0x0000, 0x0000, 0x0000, 0x0000, 0x0000, 0x0000, 0x0000, 0x0020, 0x0020, 0x0000,
  0x0020, 0x0020, 0x0020, 0x0020, 0x0020, 0x0020, 0x0020, 0x0020, 0x0020, 0x0020, 0x10A2, 0x10A2,
  0x10A2, 0x18C3, 0x18E3, 0x18E3, 0x18C3, 0x1082, 0x0841, 0x0000, 0x0000, 0x0000, 0x0000, 0x1082,
  0x2945, 0x4208, 0x5ACB, 0x738E, 0x8430, 0x8C71, 0x8C51, 0x8410, 0x73AE, 0x632C, 0x5AEB, 0x52AA,
  0x4A69, 0x4A69, 0x4A49, 0x4208, 0x31A6, 0x2945, 0x2124, 0x2124, 0x2124, 0x2965, 0x39C7, 0x39E7,
  0x39E7, 0x39C7, 0x31A6, 0x2965, 0x2124, 0x18E3, 0x1082, 0x0841, 0x0000, 0x0000, 0x0000, 0x0000,
  0x0000, 0x0000, 0x0000, 0x0000, 0x0000, 0x0000, 0x0000, 0x0000, 0x0000, 0x0000, 0x0000, 0x0000,
  0x0000, 0x0000, 0x0000, 0x0000, 0x0000, 0x0000, 0x0000, 0x0000, 0x0000, 0x0000, 0x0000, 0x0000,
  0x0000, 0x0000, 0x0000, 0x0000, 0x0000, 0x0000, 0x0000, 0x0000, 0x0000, 0x0000, 0x0000, 0x0000,
  0x0000, 0x0000, 0x0000, 0x0000, 0x0000, 0x0000, 0x0000, 0x0000, 0x0000, 0x0000, 0x0000, 0x0000,
  0x0000, 0x0000, 0x0000, 0x0000, 0x0000, 0x0000, 0x0000, 0x0000, 0x0000, 0x0000, 0x0000, 0x0000,
  0x0000, 0x0000, 0x0000, 0x0000, 0x0000, 0x0000, 0x0000, 0x0000, 0x0000, 0x0000, 0x0000, 0x0000,
  0x0000, 0x0000, 0x0000, 0x0000, 0x0000, 0x0000, 0x0000, 0x0000, 0x0000, 0x0000, 0x0000, 0x0000,
  0x0000, 0x0020, 0x0000, 0x0020, 0x0020, 0x0020, 0x0020, 0x0020, 0x0020, 0x0020, 0x0020, 0x0020,
  0x0841, 0x0861, 0x10A2, 0x2104, 0x2945, 0x3186, 0x3186, 0x2945, 0x18E3, 0x1082, 0x0020, 0x0000,
  0x0000, 0x0000, 0x0000, 0x0000, 0x0000, 0x0861, 0x18E3, 0x2965, 0x39C7, 0x4208, 0x4228, 0x4A49,
  0x4A69, 0x5ACB, 0x6B4D, 0x7BEF, 0x8C51, 0x8C51, 0x8430, 0x7BEF, 0x7BCF, 0x7BCF, 0x7BCF, 0x6B6D,
  0x630C, 0x52AA, 0x4228, 0x39E7, 0x3186, 0x2124, 0x18C3, 0x0861, 0x0841, 0x0861, 0x10A2, 0x18C3,
  0x18C3, 0x10A2, 0x1082, 0x0861, 0x0841, 0x0020, 0x0000, 0x0000, 0x0020, 0x0020, 0x0020, 0x0000,
  0x0000, 0x0000, 0x0000, 0x0000, 0x0000, 0x0000, 0x0000, 0x0000, 0x0000, 0x0000, 0x0000, 0x0000,
  0x0000, 0x0000, 0x0000, 0x0000, 0x0000, 0x0000, 0x0000, 0x0000, 0x0000, 0x0000, 0x0000, 0x0000,
  0x0000, 0x0000, 0x0000, 0x0000, 0x0000, 0x0000, 0x0000, 0x0000, 0x0000, 0x0000, 0x0000, 0x0000,
  0x0000, 0x0000, 0x0000, 0x0000, 0x0000, 0x0000, 0x0000, 0x0000, 0x0000, 0x0000, 0x0000, 0x0000,
  0x0000, 0x0000, 0x0000, 0x0000, 0x0000, 0x0000, 0x0000, 0x0000, 0x0000, 0x0000, 0x0000, 0x0000,
  0x0000, 0x0000, 0x0000, 0x0000, 0x0000, 0x0000, 0x0000, 0x0000, 0x0000, 0x0000, 0x0000, 0x0000,
  0x0000, 0x0020, 0x0000, 0x0000, 0x0020, 0x0020, 0x0020, 0x0020, 0x0020, 0x0020, 0x0020, 0x0020,
  0x0000, 0x0000, 0x0000, 0x0020, 0x0841, 0x1082, 0x18C3, 0x2104, 0x2104, 0x18E3, 0x10A2, 0x1082,
  0x0841, 0x0020, 0x0000, 0x0000, 0x0000, 0x0000, 0x0000, 0x0000, 0x0000, 0x0000, 0x0000, 0x0020,
  0x0841, 0x0861, 0x1082, 0x10A2, 0x18E3, 0x2945, 0x3186, 0x39E7, 0x4A49, 0x528A, 0x5ACB, 0x5AEB,
  0x528A, 0x4228, 0x4208, 0x4208, 0x4208, 0x39C7, 0x2965, 0x2124, 0x18E3, 0x1082, 0x0861, 0x0861,
  0x10A2, 0x18E3, 0x18E3, 0x18C3, 0x1082, 0x0841, 0x0020, 0x0000, 0x0020, 0x0020, 0x0000, 0x0000,
  0x0000, 0x0000, 0x0000, 0x0000, 0x0000, 0x0000, 0x0000, 0x0000, 0x0000, 0x0000, 0x0000, 0x0000,
  0x0000, 0x0000, 0x0000, 0x0000, 0x0000, 0x0000, 0x0000, 0x0000, 0x0000, 0x0000, 0x0000, 0x0000,
  0x0000, 0x0000, 0x0000, 0x0000, 0x0000, 0x0000, 0x0000, 0x0000, 0x0000, 0x0000, 0x0000, 0x0000,
  0x0000, 0x0000, 0x0000, 0x0000, 0x0000, 0x0000, 0x0000, 0x0000, 0x0000, 0x0000, 0x0000, 0x0000,
  0x0000, 0x0000, 0x0000, 0x0000, 0x0000, 0x0000, 0x0000, 0x0000, 0x0000, 0x0000, 0x0000, 0x0000,
  0x0000, 0x0000, 0x0000, 0x0000, 0x0000, 0x0000, 0x0000, 0x0000, 0x0000, 0x0000, 0x0000, 0x0000,
  0x0000, 0x0000, 0x0000, 0x0000, 0x0000, 0x0000, 0x0000, 0x0000, 0x0020, 0x0020, 0x0020, 0x0020,
  0x0020, 0x0000, 0x0000, 0x0000, 0x0000, 0x0000, 0x0000, 0x0000, 0x0000, 0x0000, 0x0020, 0x0841,
  0x0861, 0x0861, 0x0861, 0x0861, 0x0841, 0x0020, 0x0000, 0x0000, 0x0000, 0x0000, 0x0000, 0x0000,
  0x0000, 0x0000, 0x0000, 0x0000, 0x0000, 0x0000, 0x0000, 0x0000, 0x0000, 0x0000, 0x0000, 0x0000,
  0x0000, 0x0000, 0x0000, 0x0000, 0x0020, 0x0841, 0x0861, 0x0861, 0x1082, 0x10A2, 0x18C3, 0x18C3,
  0x2104, 0x2124, 0x2945, 0x2104, 0x1082, 0x0020, 0x0000, 0x0000, 0x0000, 0x0000, 0x0000, 0x0000,
  0x0000, 0x0000, 0x0000, 0x0000, 0x0000, 0x0000, 0x0000, 0x0000, 0x0000, 0x0000, 0x0000, 0x0000,
  0x0000, 0x0000, 0x0000, 0x0000, 0x0000, 0x0000, 0x0000, 0x0000, 0x0000, 0x0000, 0x0000, 0x0000,
  0x0000, 0x0000, 0x0000, 0x0000, 0x0000, 0x0000, 0x0000, 0x0000, 0x0000, 0x0000, 0x0000, 0x0000,
  0x0000, 0x0000, 0x0000, 0x0000, 0x0000, 0x0000, 0x0000, 0x0000, 0x0000, 0x0000, 0x0000, 0x0000,
  0x0000, 0x0000, 0x0000, 0x0000, 0x0000, 0x0000, 0x0000, 0x0000, 0x0000, 0x0000, 0x0000, 0x0000,
  0x0000, 0x0000, 0x0000, 0x0000, 0x0000, 0x0000, 0x0000, 0x0000, 0x0000, 0x0000, 0x0000, 0x0000,
  0x0000, 0x0000, 0x0000, 0x0000, 0x0000, 0x0000, 0x0000, 0x0000, 0x0020, 0x0020, 0x0020, 0x0020,
  0x0020, 0x0020, 0x0000, 0x0000, 0x0000, 0x0000, 0x0000, 0x0000, 0x0000, 0x0000, 0x0000, 0x0000,
  0x0000, 0x0000, 0x0000, 0x0000, 0x0020, 0x0020, 0x0841, 0x0841, 0x0841, 0x0020, 0x0000, 0x0000,
  0x0000, 0x0000, 0x0000, 0x0000, 0x0000, 0x0020, 0x0861, 0x0841, 0x0020, 0x0000, 0x0000, 0x0000,
  0x0000, 0x0000, 0x0000, 0x0000, 0x0000, 0x0000, 0x0000, 0x0000, 0x0020, 0x0861, 0x18C3, 0x18E3,
  0x18E3, 0x18C3, 0x18C3, 0x18C3, 0x1082, 0x0841, 0x0000, 0x0000, 0x0000, 0x0000, 0x0000, 0x0000,
  0x0000, 0x0000, 0x0020, 0x0000, 0x0000, 0x0000, 0x0000, 0x0000, 0x0000, 0x0000, 0x0000, 0x0000,
  0x0000, 0x0000, 0x0000, 0x0000, 0x0000, 0x0000, 0x0000, 0x0000, 0x0000, 0x0000, 0x0000, 0x0000,
  0x0000, 0x0000, 0x0000, 0x0000, 0x0000, 0x0000, 0x0000, 0x0000, 0x0000, 0x0000, 0x0000, 0x0000,
  0x0000, 0x0000, 0x0000, 0x0000, 0x0000, 0x0000, 0x0000, 0x0000, 0x0000, 0x0000, 0x0000, 0x0000,
  0x0000, 0x0000, 0x0000, 0x0000, 0x0000, 0x0000, 0x0000, 0x0000, 0x0000, 0x0000, 0x0000, 0x0000,
  0x0000, 0x0000, 0x0000, 0x0000, 0x0000, 0x0000, 0x0000, 0x0000, 0x0000, 0x0000, 0x0000, 0x0000,
  0x0000, 0x0000, 0x0000, 0x0000, 0x0000, 0x0000, 0x0000, 0x0000, 0x0000, 0x0000, 0x0000, 0x0020,
  0x0020, 0x0020, 0x0000, 0x0000, 0x0000, 0x0000, 0x0000, 0x0000, 0x0000, 0x0000, 0x0000, 0x0000,
  0x0000, 0x0000, 0x0000, 0x0000, 0x0000, 0x0000, 0x0000, 0x0000, 0x0000, 0x0020, 0x0020, 0x0020,
  0x0020, 0x0020, 0x0020, 0x0000, 0x0000, 0x0000, 0x0000, 0x0000, 0x0000, 0x0000, 0x0000, 0x0000,
  0x0000, 0x0000, 0x0000, 0x0000, 0x0000, 0x0000, 0x0000, 0x0000, 0x0000, 0x0000, 0x0000, 0x0000,
  0x0000, 0x0000, 0x0000, 0x0000, 0x0000, 0x0000, 0x0020, 0x0000, 0x0000, 0x0000, 0x0000, 0x0000,
  0x0000, 0x0000, 0x0000, 0x0000, 0x0000, 0x0000, 0x0000, 0x0000, 0x0000, 0x0000, 0x0000, 0x0000,
  0x0000, 0x0000, 0x0000, 0x0000, 0x0000, 0x0000, 0x0000, 0x0000, 0x0000, 0x0000, 0x0000, 0x0000,
  0x0000, 0x0000, 0x0000, 0x0000, 0x0000, 0x0000, 0x0000, 0x0000, 0x0000, 0x0000, 0x0000, 0x0000,
  0x0000, 0x0000, 0x0000, 0x0000, 0x0000, 0x0000, 0x0000, 0x0000, 0x0000, 0x0000, 0x0000, 0x0000,
  0x0000, 0x0000, 0x0000, 0x0000, 0x0000, 0x0000, 0x0000, 0x0000, 0x0000, 0x0000, 0x0000, 0x0000,
  0x0000, 0x0000, 0x0000, 0x0000, 0x0000, 0x0000, 0x0000, 0x0000, 0x0000, 0x0000, 0x0000, 0x0000,
  0x0000, 0x0000, 0x0000, 0x0000, 0x0000, 0x0000, 0x0000, 0x0000, 0x0020, 0x0000, 0x0000, 0x0000,
  0x0020, 0x0020, 0x0020, 0x0020, 0x0000, 0x0000, 0x0000, 0x0000, 0x0000, 0x0000, 0x0000, 0x0000,
  0x0000, 0x0020, 0x0020, 0x0000, 0x0000, 0x0000, 0x0000, 0x0000, 0x0020, 0x0000, 0x0000, 0x0000,
  0x0000, 0x0000, 0x0000, 0x0000, 0x0000, 0x0000, 0x0000, 0x0000, 0x0000, 0x0000, 0x0000, 0x0000,
  0x0000, 0x0000, 0x0000, 0x0000, 0x0000, 0x0000, 0x0000, 0x0000, 0x0000, 0x0000, 0x0000, 0x0000,
  0x0000, 0x0000, 0x0000, 0x0000, 0x0000, 0x0000, 0x0000, 0x0000, 0x0000, 0x0020, 0x0000, 0x0000,
  0x0000, 0x0020, 0x0000, 0x0000, 0x0000, 0x0000, 0x0000, 0x0000, 0x0000, 0x0000, 0x0000, 0x0000,
  0x0000, 0x0000, 0x0000, 0x0000, 0x0000, 0x0000, 0x0000, 0x0000, 0x0000, 0x0000, 0x0000, 0x0000,
  0x0000, 0x0000, 0x0000, 0x0000, 0x0000, 0x0000, 0x0000, 0x0000, 0x0000, 0x0000, 0x0000, 0x0000,
  0x0000, 0x0000, 0x0000, 0x0000, 0x0000, 0x0000, 0x0000, 0x0000, 0x0000, 0x0000, 0x0000, 0x0000,
  0x0000, 0x0000, 0x0000, 0x0000, 0x0000, 0x0000, 0x0000, 0x0000, 0x0000, 0x0000, 0x0000, 0x0000,
  0x0000, 0x0000, 0x0000, 0x0000, 0x0000, 0x0000, 0x0000, 0x0000, 0x0000, 0x0000, 0x0000, 0x0000,
  0x0000, 0x0000, 0x0000, 0x0000, 0x0000, 0x0000, 0x0000, 0x0000, 0x0000, 0x0000, 0x0000, 0x0000,
  0x0000, 0x0000, 0x0020, 0x0020, 0x0020, 0x0000, 0x0000, 0x0000, 0x0000, 0x0000, 0x0000, 0x0000,
  0x0000, 0x0000, 0x0000, 0x0000, 0x0000, 0x0000, 0x0000, 0x0000, 0x0000, 0x0000, 0x0000, 0x0000,
  0x0000, 0x0000, 0x0000, 0x0000, 0x0000, 0x0000, 0x0000, 0x0000, 0x0000, 0x0000, 0x0000, 0x0000,
  0x0000, 0x0000, 0x0000, 0x0020, 0x0020, 0x0020, 0x0020, 0x0020, 0x0020, 0x0020, 0x0020, 0x0020,
  0x0000, 0x0020, 0x0000, 0x0000, 0x0000, 0x0000, 0x0000, 0x0000, 0x0020, 0x0020, 0x0000, 0x0000,
  0x0000, 0x0000, 0x0020, 0x0000, 0x0000, 0x0000, 0x0000, 0x0000, 0x0000, 0x0000, 0x0000, 0x0000,
  0x0000, 0x0000, 0x0000, 0x0000, 0x0000, 0x0000, 0x0000, 0x0000, 0x0000, 0x0000, 0x0000, 0x0000,
  0x0000, 0x0000, 0x0000, 0x0000, 0x0000, 0x0000, 0x0000, 0x0000, 0x0000, 0x0000, 0x0000, 0x0000,
  0x0000, 0x0000, 0x0000, 0x0000, 0x0000, 0x0000, 0x0000, 0x0000, 0x0000, 0x0000, 0x0000, 0x0000,
  0x0000, 0x0000, 0x0000, 0x0000, 0x0000, 0x0000, 0x0000, 0x0000, 0x0000, 0x0000, 0x0000, 0x0000,
  0x0000, 0x0000, 0x0000, 0x0000, 0x0000, 0x0000, 0x0000, 0x0000, 0x0000, 0x0000, 0x0000, 0x0000,
  0x0000, 0x0000, 0x0000, 0x0000, 0x0000, 0x0000, 0x0000, 0x0000, 0x0000, 0x0000, 0x0000, 0x0000,
  0x0000, 0x0000, 0x0000, 0x0020, 0x0020, 0x0020, 0x0000, 0x0000, 0x0000, 0x0000, 0x0000, 0x0000,
  0x0000, 0x0000, 0x0000, 0x0000, 0x0000, 0x0000, 0x0000, 0x0000, 0x0000, 0x0000, 0x0000, 0x0000,
  0x0000, 0x0000, 0x0000, 0x0020, 0x0000, 0x0000, 0x0000, 0x0000, 0x0000, 0x0000, 0x0000, 0x0000,
  0x0000, 0x0000, 0x0000, 0x0000, 0x0000, 0x0000, 0x0000, 0x0000, 0x0000, 0x0000, 0x0000, 0x0000,
  0x0000, 0x0000, 0x0000, 0x0000, 0x0000, 0x0000, 0x0000, 0x0020, 0x0020, 0x0000, 0x0000, 0x0000,
  0x0000, 0x0000, 0x0000, 0x0000, 0x0000, 0x0000, 0x0000, 0x0000, 0x0000, 0x0000, 0x0000, 0x0000,
  0x0000, 0x0000, 0x0000, 0x0000, 0x0000, 0x0000, 0x0000, 0x0000, 0x0000, 0x0000, 0x0000, 0x0000,
  0x0000, 0x0000, 0x0000, 0x0000, 0x0000, 0x0000, 0x0000, 0x0000, 0x0000, 0x0000, 0x0000, 0x0000,
  0x0000, 0x0000, 0x0000, 0x0000, 0x0000, 0x0000, 0x0000, 0x0000, 0x0000, 0x0000, 0x0000, 0x0000,
  0x0000, 0x0000, 0x0000, 0x0000, 0x0000, 0x0000, 0x0000, 0x0000, 0x0000, 0x0000, 0x0000, 0x0000,
  0x0000, 0x0000, 0x0000, 0x0000, 0x0000, 0x0000, 0x0000, 0x0000, 0x0000, 0x0000, 0x0000, 0x0000,
  0x0000, 0x0000, 0x0000, 0x0000, 0x0000, 0x0000, 0x0000, 0x0000, 0x0000, 0x0000, 0x0000, 0x0000,
  0x0000, 0x0000, 0x0000, 0x0020, 0x0020, 0x0000, 0x0000, 0x0000, 0x0000, 0x0000, 0x0000, 0x0000,
  0x0000, 0x0000, 0x0000, 0x0000, 0x0000, 0x0000, 0x0000, 0x0000, 0x0000, 0x0000, 0x0000, 0x0000,
  0x0000, 0x0000, 0x0000, 0x0000, 0x0000, 0x0000, 0x0000, 0x0000, 0x0000, 0x0000, 0x0000, 0x0000,
  0x0000, 0x0000, 0x0000, 0x0000, 0x0000, 0x0000, 0x0000, 0x0000, 0x0000, 0x0000, 0x0000, 0x0000,
  0x0000, 0x0000, 0x0000, 0x0000, 0x0000, 0x0000, 0x0000, 0x0000, 0x0000, 0x0020, 0x0000, 0x0000,
  0x0000, 0x0000, 0x0000, 0x0000, 0x0000, 0x0000, 0x0000, 0x0000, 0x0000, 0x0000, 0x0000, 0x0000,
  0x0000, 0x0000, 0x0000, 0x0000, 0x0000, 0x0000, 0x0000, 0x0000, 0x0000, 0x0000, 0x0000, 0x0000,
  0x0000, 0x0000, 0x0000, 0x0000, 0x0000, 0x0000, 0x0000, 0x0000, 0x0000, 0x0000, 0x0000, 0x0000,
  0x0000, 0x0000, 0x0000, 0x0000, 0x0000, 0x0000, 0x0000, 0x0000, 0x0000, 0x0000, 0x0000, 0x0000,
  0x0000, 0x0000, 0x0000, 0x0000, 0x0000, 0x0000, 0x0000, 0x0000, 0x0000, 0x0000, 0x0000, 0x0000,
  0x0000, 0x0000, 0x0000, 0x0000, 0x0000, 0x0000, 0x0000, 0x0000, 0x0000, 0x0000, 0x0000, 0x0000,
  0x0000, 0x0000, 0x0000, 0x0000, 0x0000, 0x0000, 0x0000, 0x0000, 0x0000, 0x0000, 0x0000, 0x0000,
  0x0000, 0x0000, 0x0000, 0x0000, 0x0000, 0x0000, 0x0000, 0x0000, 0x0000, 0x0000, 0x0000, 0x0000,
  0x0000, 0x0000, 0x0000, 0x0000, 0x0000, 0x0000, 0x0000, 0x0000, 0x0000, 0x0000, 0x0000, 0x0000,
  0x0000, 0x0000, 0x0000, 0x0000, 0x0000, 0x0000, 0x0000, 0x0000, 0x0000, 0x0000, 0x0000, 0x0000,
  0x0000, 0x0000, 0x0000, 0x0000, 0x0000, 0x0000, 0x0000, 0x0000, 0x0000, 0x0000, 0x0000, 0x0000,
  0x0000, 0x0000, 0x0000, 0x0000, 0x0000, 0x0000, 0x0000, 0x0000, 0x0000, 0x0000, 0x0000, 0x0000,
  0x0000, 0x0000, 0x0000, 0x0000, 0x0000, 0x0000, 0x0000, 0x0000, 0x0000, 0x0000, 0x0000, 0x0000,
  0x0000, 0x0000, 0x0000, 0x0000, 0x0000, 0x0000, 0x0000, 0x0000, 0x0000, 0x0000, 0x0000, 0x0000,
  0x0000, 0x0000, 0x0000, 0x0000, 0x0000, 0x0000, 0x0000, 0x0000, 0x0000, 0x0000, 0x0000, 0x0000,
  0x0000, 0x0000, 0x0000, 0x0000, 0x0000, 0x0000, 0x0000, 0x0000, 0x0000, 0x0000, 0x0000, 0x0000,
  0x0000, 0x0000, 0x0000, 0x0000, 0x0000, 0x0000, 0x0000, 0x0000, 0x0000, 0x0000, 0x0000, 0x0000,
  0x0000, 0x0000, 0x0000, 0x0000, 0x0000, 0x0000, 0x0000, 0x0000, 0x0000, 0x0000, 0x0000, 0x0000,
  0x0000, 0x0000, 0x0000, 0x0000, 0x0000, 0x0000, 0x0000, 0x0000, 0x0000, 0x0000, 0x0000, 0x0000,
  0x0000, 0x0000, 0x0000, 0x0000, 0x0000, 0x0000, 0x0000, 0x0000, 0x0000, 0x0000, 0x0000, 0x0000,
  0x0000, 0x0000, 0x0000, 0x0000, 0x0000, 0x0000, 0x0000, 0x0000, 0x0000, 0x0000, 0x0000, 0x0000,
  0x0000, 0x0000, 0x0000, 0x0000, 0x0000, 0x0000, 0x0000, 0x0000, 0x0000, 0x0000, 0x0000, 0x0000,
  0x0000, 0x0000, 0x0000, 0x0000, 0x0000, 0x0000, 0x0000, 0x0000, 0x0000, 0x0000, 0x0000, 0x0000,
  0x0000, 0x0000, 0x0000, 0x0000, 0x0000, 0x0000, 0x0000, 0x0000, 0x0000, 0x0000, 0x0000, 0x0000,
  0x0000, 0x0000, 0x0000, 0x0000, 0x0000, 0x0000, 0x0000, 0x0000, 0x0000, 0x0000, 0x0000, 0x0000,
  0x0000, 0x0000, 0x0000, 0x0000, 0x0000, 0x0000, 0x0000, 0x0000, 0x0000, 0x0000, 0x0000, 0x0000,
  0x0000, 0x0000, 0x0000, 0x0000, 0x0000, 0x0000, 0x0000, 0x0000, 0x0000, 0x0000, 0x0000, 0x0000,
  0x0000, 0x0000, 0x0000, 0x0000, 0x0000, 0x0000, 0x0000, 0x0000, 0x0000, 0x0000, 0x0000, 0x0000,
  0x0000, 0x0000, 0x0000, 0x0000, 0x0000, 0x0000, 0x0000, 0x0000, 0x0000, 0x0000, 0x0000, 0x0000,
  0x0000, 0x0000, 0x0000, 0x0000, 0x0000, 0x0000, 0x0000, 0x0000, 0x0000, 0x0000, 0x0000, 0x0000,
  0x0000, 0x0000, 0x0000, 0x0000, 0x0000, 0x0000, 0x0000, 0x0000, 0x0000, 0x0000, 0x0000, 0x0000,
  0x0000, 0x0000, 0x0000, 0x0000, 0x0000, 0x0000, 0x0000, 0x0000, 0x0000, 0x0000, 0x0000, 0x0000,
  0x0000, 0x0000, 0x0000, 0x0000, 0x0000, 0x0000, 0x0000, 0x0000, 0x0000, 0x0000, 0x0000, 0x0000,
  0x0000, 0x0000, 0x0000, 0x0000, 0x0000, 0x0000, 0x0000, 0x0000, 0x0000, 0x0000, 0x0000, 0x0000,
  0x0000, 0x0000, 0x0000, 0x0000, 0x0000, 0x0000, 0x0000, 0x0000, 0x0000, 0x0000, 0x0000, 0x0000,
  0x0000, 0x0000, 0x0000, 0x0000, 0x0000, 0x0000, 0x0000, 0x0000, 0x0000, 0x0000, 0x0000, 0x0000,
  0x0000, 0x0000, 0x0000, 0x0000, 0x0000, 0x0000, 0x0000, 0x0000, 0x0000, 0x0000, 0x0000, 0x0000,
  0x0000, 0x0000, 0x0000, 0x0000, 0x0000, 0x0000, 0x0000, 0x0000, 0x0000, 0x0000, 0x0000, 0x0000,
  0x0000, 0x0000, 0x0000, 0x0000, 0x0000, 0x0000, 0x0000, 0x0000, 0x0000, 0x0000, 0x0000, 0x0000,
  0x0000, 0x0000, 0x0000, 0x0000, 0x0000, 0x0000, 0x0000, 0x0000, 0x0000, 0x0000, 0x0000, 0x0000,
  0x0000, 0x0000, 0x0000, 0x0000, 0x0000, 0x0000, 0x0000, 0x0000, 0x0000, 0x0000, 0x0000, 0x0000,
  0x0000, 0x0000, 0x0000, 0x0000, 0x0000, 0x0000, 0x0000, 0x0000, 0x0000, 0x0000, 0x0000, 0x0000,
  0x0000, 0x0000, 0x0000, 0x0000, 0x0000, 0x0000, 0x0000, 0x0000, 0x0000, 0x0000, 0x0000, 0x0000,
  0x0000, 0x0000, 0x0000, 0x0000, 0x0000, 0x0000, 0x0000, 0x0000, 0x0000, 0x0000, 0x0000, 0x0000,
  0x0000, 0x0000, 0x0000, 0x0000, 0x0000, 0x0000, 0x0000, 0x0000, 0x0000, 0x0000, 0x0000, 0x0000,
  0x0000, 0x0000, 0x0000, 0x0000, 0x0000, 0x0000, 0x0000, 0x0000, 0x0000, 0x0000, 0x0000, 0x0000,
  0x0000, 0x0000, 0x0000, 0x0000, 0x0000, 0x0000, 0x0000, 0x0000, 0x0000, 0x0000, 0x0000, 0x0000,
  0x0000, 0x0000, 0x0000, 0x0000, 0x0000, 0x0000, 0x0000, 0x0000, 0x0000, 0x0000, 0x0000, 0x0000,
  0x0000, 0x0000, 0x0000, 0x0000, 0x0000, 0x0000, 0x0000, 0x0000, 0x0000, 0x0000, 0x0000, 0x0000,
  0x0000, 0x0000, 0x0000, 0x0000, 0x0000, 0x0000, 0x0000, 0x0000, 0x0000, 0x0000, 0x0000, 0x0000,
  0x0000, 0x0000, 0x0000, 0x0000, 0x0000, 0x0000, 0x0000, 0x0000, 0x0000, 0x0000, 0x0000, 0x0000,
  0x0000, 0x0000, 0x0000, 0x0000, 0x0000, 0x0000, 0x0000, 0x0000, 0x0000, 0x0000, 0x0000, 0x0000,
  0x0000, 0x0000, 0x0000, 0x0000, 0x0000, 0x0000, 0x0000, 0x0000, 0x0000, 0x0000, 0x0000, 0x0000,
  0x0000, 0x0000, 0x0000, 0x0000, 0x0000, 0x0000, 0x0000, 0x0000, 0x0000, 0x0000, 0x0000, 0x0000,
  0x0000, 0x0000, 0x0000, 0x0000, 0x0000, 0x0000, 0x0000, 0x0000, 0x0000, 0x0000, 0x0000, 0x0000,
  0x0000, 0x0000, 0x0000, 0x0000, 0x0000, 0x0000, 0x0000, 0x0000, 0x0000, 0x0000, 0x0000, 0x0000,
  0x0000, 0x0000, 0x0000, 0x0000, 0x0000, 0x0000, 0x0000, 0x0000, 0x0000, 0x0000, 0x0000, 0x0000,
  0x0000, 0x0000, 0x0000, 0x0000, 0x0000, 0x0000, 0x0000, 0x0000, 0x0000, 0x0000, 0x0000, 0x0000,
  0x0000, 0x0000, 0x0000, 0x0000, 0x0000, 0x0000, 0x0000, 0x0000, 0x0000, 0x0000, 0x0000, 0x0000,
  0x0000, 0x0000, 0x0000, 0x0000, 0x0000, 0x0000, 0x0000, 0x0000, 0x0000, 0x0000, 0x0000, 0x0000,
  0x0000, 0x0000, 0x0000, 0x0000, 0x0000, 0x0000, 0x0000, 0x0000, 0x0000, 0x0000, 0x0000, 0x0000,
  0x0000, 0x0000, 0x0000, 0x0000, 0x0000, 0x0000, 0x0000, 0x0000, 0x0000, 0x0000, 0x0000, 0x0000,
  0x0000, 0x0000, 0x0000, 0x0000, 0x0000, 0x0000, 0x0000, 0x0000, 0x0000, 0x0000, 0x0000, 0x0000,
  0x0000, 0x0000, 0x0000, 0x0000, 0x0000, 0x0000, 0x0000, 0x0000, 0x0000, 0x0000, 0x0000, 0x0000,
  0x0000, 0x0000, 0x0000, 0x0000, 0x0000, 0x0000, 0x0000, 0x0000, 0x0000, 0x0000, 0x0000, 0x0000,
  0x0000, 0x0000, 0x0000, 0x0000, 0x0000, 0x0000, 0x0000, 0x0000, 0x0000, 0x0000, 0x0000, 0x0000,
  0x0000, 0x0000, 0x0000, 0x0000, 0x0000, 0x0000, 0x0000, 0x0000, 0x0000, 0x0000, 0x0000, 0x0000,
  0x0000, 0x0000, 0x0000, 0x0000, 0x0000, 0x0000, 0x0000, 0x0000, 0x0000, 0x0000, 0x0000, 0x0000,
  0x0000, 0x0000, 0x0000, 0x0000, 0x0000, 0x0000, 0x0000, 0x0000, 0x0000, 0x0000, 0x0000, 0x0000,
  0x0000, 0x0000, 0x0000, 0x0000, 0x0000, 0x0000, 0x0000, 0x0000, 0x0000, 0x0000, 0x0000, 0x0000,
  0x0000, 0x0000, 0x0000, 0x0000, 0x0000, 0x0000, 0x0000, 0x0000, 0x0000, 0x0000, 0x0000, 0x0000,
  0x0000, 0x0000, 0x0000, 0x0000, 0x0000, 0x0000, 0x0000, 0x0000, 0x0000, 0x0000, 0x0000, 0x0000,
  0x0000, 0x0000, 0x0000, 0x0000, 0x0000, 0x0000, 0x0000, 0x0000, 0x0000, 0x0000, 0x0000, 0x0000,
  0x0000, 0x0000, 0x0000, 0x0000, 0x0000, 0x0000, 0x0000, 0x0000, 0x0000, 0x0000, 0x0000, 0x0000,
  0x0000, 0x0000, 0x0000, 0x0000, 0x0000, 0x0000, 0x0000, 0x0000, 0x0000, 0x0000, 0x0000, 0x0000,
  0x0000, 0x0000, 0x0000, 0x0000, 0x0000, 0x0000, 0x0000, 0x0000, 0x0000, 0x0000, 0x0000, 0x0000,
  0x0000, 0x0000, 0x0000, 0x0000, 0x0000, 0x0000, 0x0000, 0x0000, 0x0000, 0x0000, 0x0000, 0x0000,
  0x0000, 0x0000, 0x0000, 0x0000, 0x0000, 0x0000, 0x0000, 0x0000, 0x0000, 0x0000, 0x0000, 0x0000,
  0x0000, 0x0000, 0x0000, 0x0000, 0x0000, 0x0000, 0x0000, 0x0000, 0x0000, 0x0000, 0x0000, 0x0000,
  0x0000, 0x0000, 0x0000, 0x0000, 0x0000, 0x0000, 0x0000, 0x0000, 0x0000, 0x0000, 0x0000, 0x0000,
  0x0000, 0x0000, 0x0000, 0x0000, 0x0000, 0x0000, 0x0000, 0x0000, 0x0000, 0x0000, 0x0000, 0x0000,
  0x0000, 0x0000, 0x0000, 0x0000, 0x0000, 0x0000, 0x0000, 0x0000, 0x0000, 0x0000, 0x0000, 0x0000,
  0x0000, 0x0000, 0x0000, 0x0000, 0x0000, 0x0000, 0x0000, 0x0000, 0x0000, 0x0000, 0x0000, 0x0000,
  0x0000, 0x0000, 0x0000, 0x0000, 0x0000, 0x0000, 0x0000, 0x0000, 0x0000, 0x0000, 0x0000, 0x0000,
  0x0000, 0x0000, 0x0000, 0x0000, 0x0000, 0x0000, 0x0000, 0x0000, 0x0000, 0x0000, 0x0000, 0x0000,
  0x0000, 0x0000, 0x0000, 0x0000, 0x0000, 0x0000, 0x0000, 0x0000, 0x0000, 0x0000, 0x0000, 0x0000,
  0x0000, 0x0000, 0x0000, 0x0000, 0x0000, 0x0000, 0x0000, 0x0000, 0x0000, 0x0000, 0x0000, 0x0000,
  0x0000, 0x0000, 0x0000, 0x0000, 0x0000, 0x0000, 0x0000, 0x0000, 0x0000, 0x0000, 0x0000, 0x0000,
  0x0000, 0x0000, 0x0000, 0x0000, 0x0000, 0x0000, 0x0000, 0x0000, 0x0000, 0x0000, 0x0000, 0x0000,
  0x0000, 0x0000, 0x0000, 0x0000, 0x0000, 0x0000, 0x0000, 0x0000, 0x0000, 0x0000, 0x0000, 0x0000,
  0x0000, 0x0000, 0x0000, 0x0000, 0x0000, 0x0000, 0x0000, 0x0000, 0x0000, 0x0000, 0x0000, 0x0000,
  0x0000, 0x0000, 0x0000, 0x0000, 0x0000, 0x0000, 0x0000, 0x0000, 0x0000, 0x0000, 0x0000, 0x0000,
  0x0000, 0x0000, 0x0000
};
